{
  "ID":["0","1","2","3","4","5","6","7","8","9","10","11"],
  "ROUND1":["0","0","0","0","-1","0","0","0","0","-1","0","1"],
  "ROUND2":["0","0","0","-1","0","0","0","-1","0","0","0","0"],
  "ROUND3":["-1","0","0","0","0","0","0","0","-1","0","0","1"],
  "ROUND4":["0","0","0","0","0","0","-1","0","-1","0","1","0"],
  "ROUND5":["0","0","0","0","0","-1","0","0","0","-1","1","1"],
  "ROUND6":["0","0","0","0","0","0","-1","0","-1","0","0","0"],
  "ROUND7":["0","-1","0","0","0","0","0","0","0","-1","1","0"],
  "ROUND8":["0","0","0","0","0","0","0","0","0","0","-1","-1"],
  "ROUND9":["0","0","-1","0","0","0","-1","0","0","0","1","1"],
  "ROUND10":["0","-1","0","0","0","0","0","0","-1","0","1","0"],
  "ROUND11":["0","0","-1","0","0","0","0","0","0","0","-1","1"],
  "ROUND12":["0","0","0","0","0","0","0","0","-1","0","-1","1"],
  "ROUND13":["0","0","-1","0","0","0","0","0","0","0","-1","1"],
  "ROUND14":["-1","1","0","0","0","0","0","0","-1","0","1","1"],
  "ROUND15":["0","1","0","0","0","-1","0","0","0","-1","1","1"],
  "ROUND16":["0","0","0","-1","0","-1","0","0","0","0","1","1"],
  "ROUND17":["0","0","0","-1","0","0","0","0","-1","0","0","1"],
  "ROUND18":["0","0","0","0","0","0","0","1","0","-1","-1","0"],
  "ROUND19":["0","0","0","-1","0","0","0","0","0","-1","0","1"],
  "ROUND20":["-1","0","0","0","0","0","0","0","0","0","1","-1"],
  "ROUND21":["0","0","0","-1","0","0","0","0","0","0","-1","1"],
  "ROUND22":["0","0","0","0","-1","0","0","0","0","0","1","-1"],
  "ROUND23":["-1","0","0","0","0","0","0","0","0","0","0","-1"],
  "ROUND24":["0","0","-1","0","-1","0","0","0","0","1","0","0"],
  "ROUND25":["0","0","0","0","0","-1","0","-1","0","0","0","0"],
  "ROUND26":["0","0","0","0","0","-1","0","0","0","-1","0","0"],
  "ROUND27":["0","0","-1","0","0","0","0","0","0","-1","0","0"],
  "ROUND28":["0","0","0","0","0","0","0","-1","0","0","-1","1"],
  "ROUND29":["0","-1","-1","0","0","0","0","0","0","0","1","1"],
  "ROUND30":["0","0","0","0","0","0","0","0","0","-1","1","-1"],
  "ROUND31":["0","-1","0","-1","0","0","0","0","0","0","0","0"],
  "ROUND32":["-1","0","0","0","0","-1","0","0","1","0","0","0"],
  "ROUND33":["0","0","0","0","0","0","0","-1","0","0","0","-1"],
  "ROUND34":["0","1","0","0","1","-1","-1","0","0","0","0","0"],
  "ROUND35":["0","-1","0","0","0","0","0","0","0","0","0","-1"],
  "ROUND36":["0","0","0","0","-1","0","0","0","-1","0","1","1"],
  "ROUND37":["-1","0","0","-1","0","0","0","0","0","0","1","0"],
  "ROUND38":["0","0","0","-1","-1","0","0","0","0","0","1","1"],
  "ROUND39":["-1","-1","0","0","0","0","0","0","0","0","1","0"],
  "ROUND40":["0","0","0","0","-1","0","0","0","0","0","1","-1"],
  "ROUND41":["0","0","0","0","-1","0","0","-1","0","0","0","1"],
  "ROUND42":["-1","0","0","0","0","0","0","-1","0","0","0","1"],
  "ROUND43":["-1","0","0","0","0","0","0","0","0","-1","0","1"],
  "ROUND44":["-1","0","0","0","0","0","0","-1","1","0","1","1"],
  "ROUND45":["0","0","0","0","-1","0","0","-1","0","0","0","1"],
  "ROUND46":["0","-1","0","0","-1","0","1","0","0","0","0","1"],
  "ROUND47":["0","0","0","-1","0","0","0","1","-1","0","1","0"],
  "ROUND48":["0","0","0","0","-1","0","-1","0","0","0","0","0"],
  "ROUND49":["-1","0","0","-1","0","0","0","1","0","0","1","1"],
  "ROUND50":["0","0","-1","-1","0","1","0","0","0","0","1","0"],
  "ROUND51":["0","0","0","0","0","-1","0","0","0","0","0","-1"],
  "ROUND52":["1","-1","0","0","0","-1","0","1","0","0","1","0"],
  "ROUND53":["0","0","-1","0","0","0","0","0","0","0","1","-1"],
  "ROUND54":["0","0","0","-1","0","0","0","0","-1","0","0","1"],
  "ROUND55":["0","0","0","1","0","-1","0","-1","0","0","1","1"],
  "ROUND56":["0","0","-1","0","0","0","0","0","1","0","-1","0"],
  "ROUND57":["0","0","0","-1","0","0","0","-1","0","1","1","1"],
  "ROUND58":["0","0","-1","0","1","0","-1","0","0","0","1","0"],
  "ROUND59":["0","0","0","0","0","0","0","0","0","-1","-1","0"],
  "ROUND60":["0","0","0","0","1","0","0","-1","0","-1","1","0"],
  "ROUND61":["0","0","1","0","0","0","0","0","-1","0","-1","1"],
  "ROUND62":["0","0","0","0","-1","0","0","0","0","-1","1","0"],
  "ROUND63":["0","0","-1","0","0","-1","0","0","0","1","1","0"],
  "ROUND64":["0","1","0","0","0","0","0","0","0","-1","0","-1"],
  "ROUND65":["-1","0","0","-1","0","0","0","0","0","0","0","0"],
  "ROUND66":["0","-1","0","0","0","0","0","0","0","0","-1","0"],
  "ROUND67":["0","0","0","0","0","0","-1","0","-1","0","1","0"],
  "ROUND68":["0","0","-1","0","0","0","0","-1","0","0","1","1"],
  "ROUND69":["0","0","0","0","1","0","0","-1","-1","0","0","1"],
  "ROUND70":["0","0","0","-1","0","0","0","0","1","0","1","-1"],
  "ROUND71":["0","0","0","0","0","0","0","1","-1","0","0","-1"],
  "ROUND72":["0","0","-1","0","0","0","-1","0","0","0","1","0"],
  "ROUND73":["0","0","-1","1","0","0","0","0","0","0","0","-1"],
  "ROUND74":["0","-1","-1","0","0","0","1","0","0","0","1","1"],
  "ROUND75":["0","0","0","-1","0","0","0","0","0","-1","1","1"],
  "ROUND76":["-1","0","0","0","0","1","0","1","0","-1","0","0"],
  "ROUND77":["0","0","0","0","0","0","0","0","-1","0","1","-1"],
  "ROUND78":["0","0","-1","0","0","-1","1","0","0","1","1","1"],
  "ROUND79":["-1","0","0","0","0","0","1","0","0","0","-1","1"],
  "ROUND80":["-1","0","0","-1","0","0","0","0","0","1","1","1"]
}
