{
  "ID":["0","1","2","3","4","5","6","7","8","9","10","11"],
  "ROUND1":["0","0","0","1","1","1","1","-1","0","0","-1","0"],
  "ROUND2":["0","1","-1","1","0","0","0","0","0","-1","1","0"],
  "ROUND3":["0","0","-1","1","1","0","-1","1","0","0","0","1"],
  "ROUND4":["-1","1","0","0","1","-1","1","1","1","1","1","1"],
  "ROUND5":["0","1","1","0","0","0","-1","1","1","-1","0","1"],
  "ROUND6":["0","0","-1","0","1","-1","1","1","0","1","1","0"],
  "ROUND7":["0","1","0","0","-1","1","-1","0","0","1","1","1"],
  "ROUND8":["0","1","1","0","-1","1","1","1","0","-1","1","0"],
  "ROUND9":["0","1","1","0","-1","1","0","1","-1","0","1","0"],
  "ROUND10":["0","0","-1","1","0","1","-1","0","1","1","1","0"],
  "ROUND11":["1","1","-1","0","-1","0","1","0","1","0","1","1"],
  "ROUND12":["0","1","1","1","0","-1","-1","1","1","1","0","0"],
  "ROUND13":["0","1","1","-1","1","1","0","1","0","0","-1","0"],
  "ROUND14":["0","0","0","1","0","-1","0","0","-1","0","0","1"],
  "ROUND15":["0","-1","1","-1","1","0","1","0","0","0","1","1"],
  "ROUND16":["0","1","-1","1","1","0","1","0","0","0","1","-1"],
  "ROUND17":["0","0","1","-1","1","0","-1","0","0","0","1","1"],
  "ROUND18":["0","0","1","1","0","-1","1","1","0","0","-1","1"],
  "ROUND19":["0","1","0","1","1","1","0","-1","-1","1","1","0"],
  "ROUND20":["1","1","1","-1","0","1","0","-1","1","1","1","1"],
  "ROUND21":["0","1","1","1","1","1","-1","1","0","0","-1","0"],
  "ROUND22":["1","0","0","1","1","-1","0","-1","1","1","1","1"],
  "ROUND23":["0","0","-1","-1","0","1","0","1","0","0","0","0"],
  "ROUND24":["0","0","0","1","1","0","1","-1","-1","0","0","1"],
  "ROUND25":["0","1","-1","1","1","0","1","-1","0","0","0","1"],
  "ROUND26":["0","1","1","1","0","1","1","1","1","-1","-1","1"],
  "ROUND27":["-1","0","0","0","0","1","1","-1","0","0","1","1"],
  "ROUND28":["0","0","-1","-1","0","1","1","0","1","0","1","0"],
  "ROUND29":["1","0","0","0","1","-1","0","1","0","1","-1","0"],
  "ROUND30":["0","-1","1","0","0","1","-1","1","1","1","0","0"],
  "ROUND31":["0","1","0","0","0","1","1","-1","0","1","-1","0"],
  "ROUND32":["0","0","-1","1","0","1","1","1","1","1","1","-1"],
  "ROUND33":["1","1","1","0","1","-1","-1","0","0","1","0","1"],
  "ROUND34":["0","1","-1","1","1","1","-1","1","1","1","0","1"],
  "ROUND35":["0","0","1","1","1","-1","0","1","0","0","0","-1"],
  "ROUND36":["0","1","0","-1","1","1","1","0","0","0","-1","0"],
  "ROUND37":["0","-1","1","0","1","-1","0","1","1","0","1","0"],
  "ROUND38":["0","-1","0","0","1","1","0","1","0","-1","0","0"],
  "ROUND39":["0","-1","1","0","1","0","-1","0","0","1","0","0"],
  "ROUND40":["0","0","0","0","1","-1","0","-1","0","0","1","1"],
  "ROUND41":["0","0","-1","1","1","1","-1","1","1","0","0","1"],
  "ROUND42":["0","0","0","0","0","-1","1","0","-1","0","0","1"],
  "ROUND43":["0","1","1","0","0","-1","1","1","1","0","0","-1"],
  "ROUND44":["0","1","0","1","-1","0","1","0","1","0","-1","1"],
  "ROUND45":["1","0","0","1","0","0","0","1","-1","1","1","-1"],
  "ROUND46":["-1","1","1","0","0","-1","1","1","1","0","0","0"],
  "ROUND47":["0","1","1","1","0","-1","0","0","-1","1","1","1"],
  "ROUND48":["0","0","0","0","1","0","0","-1","0","0","-1","0"],
  "ROUND49":["0","0","0","1","0","1","-1","1","1","-1","1","1"],
  "ROUND50":["0","0","0","0","1","-1","1","0","1","1","0","-1"],
  "ROUND51":["1","0","-1","-1","1","1","1","0","0","0","0","1"],
  "ROUND52":["0","0","1","0","0","-1","1","1","-1","0","1","1"],
  "ROUND53":["0","0","0","1","1","1","-1","0","1","-1","0","0"],
  "ROUND54":["1","0","0","0","-1","1","0","0","0","0","0","-1"],
  "ROUND55":["0","0","1","0","0","-1","0","0","1","0","-1","0"],
  "ROUND56":["0","0","0","0","0","1","1","1","0","-1","0","-1"],
  "ROUND57":["0","-1","1","1","1","1","1","0","1","0","-1","1"],
  "ROUND58":["0","1","0","1","1","1","1","-1","1","0","-1","1"],
  "ROUND59":["0","-1","1","0","1","0","0","0","0","-1","1","0"],
  "ROUND60":["0","1","-1","0","0","0","0","0","0","-1","1","0"],
  "ROUND61":["-1","1","0","0","1","1","0","1","0","1","-1","0"],
  "ROUND62":["0","1","1","0","0","1","1","-1","-1","0","1","1"],
  "ROUND63":["0","-1","1","1","0","-1","0","0","1","0","0","1"],
  "ROUND64":["0","1","1","0","0","0","0","1","-1","0","-1","0"],
  "ROUND65":["0","1","1","1","0","-1","0","-1","1","0","1","0"],
  "ROUND66":["0","0","0","1","0","0","1","-1","1","0","1","-1"],
  "ROUND67":["1","-1","-1","0","1","0","1","1","1","1","1","1"],
  "ROUND68":["0","1","0","1","1","1","1","0","0","1","-1","-1"],
  "ROUND69":["-1","0","0","0","-1","1","0","0","1","0","0","0"],
  "ROUND70":["1","0","1","0","0","-1","1","1","1","0","0","-1"],
  "ROUND71":["1","0","-1","1","0","-1","0","1","0","1","0","1"],
  "ROUND72":["-1","0","0","1","1","-1","0","1","1","1","0","1"],
  "ROUND73":["0","0","1","0","0","0","0","1","-1","-1","0","0"],
  "ROUND74":["0","0","1","-1","0","-1","0","1","0","0","1","0"],
  "ROUND75":["1","1","1","0","-1","1","1","0","0","0","0","-1"],
  "ROUND76":["-1","1","0","0","1","0","1","0","0","1","0","-1"],
  "ROUND77":["1","-1","0","0","1","1","1","1","1","-1","1","1"],
  "ROUND78":["-1","1","0","-1","0","1","1","1","0","0","1","1"],
  "ROUND79":["1","1","-1","1","1","0","0","0","-1","0","1","0"],
  "ROUND80":["-1","1","1","0","1","1","1","0","0","-1","0","0"]
}
