{
  "ID":["0","1","2","3","4","5","6","7","8","9","10","11"],
  "ROUND1":["-1","0","0","0","0","0","0","-1","0","1","0","1"],
  "ROUND2":["0","-1","0","0","0","0","0","0","0","1","-1","1"],
  "ROUND3":["0","-1","0","0","-1","0","0","0","0","1","1","0"],
  "ROUND4":["0","0","0","0","0","0","0","0","-1","-1","1","1"],
  "ROUND5":["0","0","0","0","0","0","0","-1","0","1","-1","1"],
  "ROUND6":["0","0","0","-1","0","0","0","-1","0","1","1","0"],
  "ROUND7":["0","-1","0","0","0","0","0","0","0","-1","1","0"],
  "ROUND8":["0","0","0","0","-1","-1","0","0","0","0","1","1"],
  "ROUND9":["0","-1","0","0","0","0","-1","0","0","0","1","0"],
  "ROUND10":["0","0","0","0","0","0","0","0","0","1","-1","-1"],
  "ROUND11":["0","0","0","0","0","0","0","0","-1","1","0","-1"],
  "ROUND12":["0","0","0","0","0","0","0","0","-1","-1","0","0"],
  "ROUND13":["0","-1","0","0","0","0","-1","0","0","0","0","1"],
  "ROUND14":["0","-1","0","0","-1","0","0","0","0","0","1","1"],
  "ROUND15":["0","0","0","-1","0","0","0","-1","0","1","1","0"],
  "ROUND16":["-1","0","0","0","0","0","0","0","0","-1","1","0"],
  "ROUND17":["0","0","-1","0","0","0","0","0","0","1","-1","1"],
  "ROUND18":["-1","0","0","0","0","0","0","0","0","1","0","-1"],
  "ROUND19":["0","0","0","0","0","0","1","-1","0","1","0","-1"],
  "ROUND20":["0","0","0","0","0","-1","0","0","-1","1","1","1"],
  "ROUND21":["1","0","0","0","0","0","0","0","-1","-1","1","0"],
  "ROUND22":["0","0","0","0","0","-1","0","-1","0","1","1","0"],
  "ROUND23":["0","-1","-1","0","0","0","0","0","0","0","0","1"],
  "ROUND24":["0","0","0","-1","0","0","0","0","0","0","0","-1"],
  "ROUND25":["-1","0","1","0","-1","0","0","0","0","0","1","0"],
  "ROUND26":["0","0","0","0","0","0","0","0","0","1","-1","-1"],
  "ROUND27":["0","0","-1","0","0","-1","0","0","0","1","0","1"],
  "ROUND28":["0","0","0","0","0","0","0","0","-1","1","-1","1"],
  "ROUND29":["0","1","0","0","0","0","0","0","-1","0","-1","0"],
  "ROUND30":["-1","0","0","0","1","0","0","0","-1","0","1","1"],
  "ROUND31":["0","0","0","0","1","0","-1","-1","0","1","0","1"],
  "ROUND32":["-1","0","0","0","0","0","0","1","0","-1","0","0"],
  "ROUND33":["0","-1","0","-1","0","0","0","0","0","0","1","0"],
  "ROUND34":["0","0","-1","0","0","0","0","0","0","-1","0","0"],
  "ROUND35":["1","0","0","-1","1","-1","0","0","0","0","1","1"],
  "ROUND36":["-1","0","0","0","0","1","0","0","0","0","-1","0"],
  "ROUND37":["0","0","0","0","-1","0","0","0","0","-1","0","0"],
  "ROUND38":["-1","0","0","1","0","0","0","1","0","0","1","-1"],
  "ROUND39":["0","0","-1","0","0","0","-1","0","0","0","1","1"],
  "ROUND40":["0","0","0","0","1","0","-1","0","0","1","1","-1"],
  "ROUND41":["0","-1","-1","1","0","0","0","0","0","1","0","1"],
  "ROUND42":["0","0","-1","0","0","0","0","0","0","-1","1","1"],
  "ROUND43":["0","1","0","0","0","0","-1","0","0","0","-1","1"],
  "ROUND44":["0","1","0","0","0","0","0","-1","0","-1","1","0"],
  "ROUND45":["-1","1","0","0","0","0","-1","0","0","0","0","1"],
  "ROUND46":["0","0","0","-1","0","-1","0","0","0","1","0","1"],
  "ROUND47":["0","0","0","0","0","-1","0","-1","0","1","0","1"],
  "ROUND48":["0","0","-1","-1","0","0","1","1","0","0","1","1"],
  "ROUND49":["0","-1","1","0","-1","0","1","0","0","0","0","0"],
  "ROUND50":["0","-1","0","0","1","0","-1","1","0","1","0","0"],
  "ROUND51":["-1","0","0","1","0","0","0","-1","0","0","0","0"],
  "ROUND52":["0","0","-1","-1","0","0","0","0","0","0","1","1"],
  "ROUND53":["0","0","-1","0","0","0","0","0","0","1","0","-1"],
  "ROUND54":["-1","-1","0","1","0","0","0","0","0","1","1","0"],
  "ROUND55":["-1","0","0","1","0","0","0","0","0","-1","1","0"],
  "ROUND56":["0","-1","0","0","0","0","1","0","-1","0","1","1"],
  "ROUND57":["0","0","0","0","-1","0","0","-1","0","1","1","1"],
  "ROUND58":["0","0","-1","0","0","0","0","0","0","0","0","-1"],
  "ROUND59":["0","-1","0","0","0","0","0","0","-1","0","1","1"],
  "ROUND60":["1","0","1","0","-1","1","0","0","-1","1","0","0"],
  "ROUND61":["0","1","0","-1","0","0","-1","1","1","0","0","1"],
  "ROUND62":["0","0","-1","0","0","0","0","0","1","1","-1","1"],
  "ROUND63":["0","0","0","-1","0","0","1","0","0","1","0","-1"],
  "ROUND64":["0","0","0","0","-1","1","0","0","1","0","-1","0"],
  "ROUND65":["0","0","0","0","0","-1","0","0","0","-1","0","0"],
  "ROUND66":["0","0","1","-1","0","0","0","0","0","0","-1","0"],
  "ROUND67":["-1","0","0","0","-1","1","0","0","0","0","1","1"],
  "ROUND68":["0","1","0","0","0","0","0","-1","0","1","1","-1"],
  "ROUND69":["0","1","0","1","0","0","0","-1","0","1","0","-1"],
  "ROUND70":["1","0","0","1","-1","0","0","0","-1","0","1","0"],
  "ROUND71":["0","0","-1","0","0","1","0","0","-1","1","0","1"],
  "ROUND72":["0","0","0","0","-1","0","0","1","0","0","-1","1"],
  "ROUND73":["-1","-1","0","0","0","0","0","0","0","0","0","1"],
  "ROUND74":["0","0","0","1","-1","0","1","0","-1","1","0","1"],
  "ROUND75":["0","0","0","0","-1","-1","0","0","0","0","0","0"],
  "ROUND76":["-1","0","0","0","0","1","-1","0","0","0","0","1"],
  "ROUND77":["0","0","0","-1","0","-1","0","0","0","0","1","0"],
  "ROUND78":["0","0","0","0","0","0","0","1","0","-1","-1","0"],
  "ROUND79":["0","0","0","0","1","0","-1","0","0","1","-1","0"],
  "ROUND80":["-1","0","0","0","1","-1","0","0","0","0","1","0"]
}
