{
  "ID":["0","1","2","3","4","5","6","7","8","9","10","11"],
  "ROUND1":["0","0","0","0","0","-1","-1","0","0","0","0","1"],
  "ROUND2":["0","0","0","-1","0","0","-1","0","0","0","0","0"],
  "ROUND3":["0","0","0","0","0","0","0","0","1","1","-1","-1"],
  "ROUND4":["0","0","0","0","-1","0","0","0","1","0","1","-1"],
  "ROUND5":["-1","0","0","0","0","0","0","0","0","-1","0","1"],
  "ROUND6":["0","0","0","0","0","0","0","0","-1","-1","1","1"],
  "ROUND7":["-1","0","-1","0","0","0","0","0","0","1","1","1"],
  "ROUND8":["0","0","-1","0","0","0","-1","0","1","1","1","0"],
  "ROUND9":["0","0","-1","0","-1","0","0","0","0","1","0","0"],
  "ROUND10":["0","0","0","0","-1","-1","0","0","1","0","0","0"],
  "ROUND11":["-1","0","0","-1","0","0","0","0","0","1","0","1"],
  "ROUND12":["0","0","0","0","0","0","0","-1","-1","1","1","0"],
  "ROUND13":["0","0","0","-1","0","0","0","0","0","0","1","-1"],
  "ROUND14":["0","0","-1","0","0","0","-1","0","0","0","0","0"],
  "ROUND15":["0","0","-1","0","0","0","0","-1","0","0","0","0"],
  "ROUND16":["0","0","0","0","0","-1","0","0","0","-1","0","1"],
  "ROUND17":["0","0","0","0","-1","0","-1","0","0","1","0","0"],
  "ROUND18":["0","0","-1","0","0","0","-1","0","1","1","0","0"],
  "ROUND19":["0","0","0","-1","0","1","0","0","1","0","-1","1"],
  "ROUND20":["0","0","-1","0","-1","0","0","0","0","0","0","1"],
  "ROUND21":["0","0","0","0","-1","-1","0","1","1","1","0","1"],
  "ROUND22":["0","0","0","-1","0","0","0","0","1","1","1","-1"],
  "ROUND23":["-1","0","0","0","0","0","0","0","0","-1","0","1"],
  "ROUND24":["0","0","0","0","0","0","0","0","-1","-1","0","0"],
  "ROUND25":["0","-1","0","0","0","0","-1","0","0","0","0","0"],
  "ROUND26":["0","0","0","0","0","0","-1","-1","0","1","0","1"],
  "ROUND27":["-1","0","0","0","0","0","0","0","0","0","-1","0"],
  "ROUND28":["0","-1","0","1","0","-1","0","0","0","1","0","0"],
  "ROUND29":["0","0","0","-1","0","0","-1","0","0","1","1","0"],
  "ROUND30":["-1","0","0","-1","0","0","0","0","0","0","0","1"],
  "ROUND31":["0","-1","1","0","0","0","0","0","-1","1","0","0"],
  "ROUND32":["0","0","-1","0","0","0","0","0","1","1","1","-1"],
  "ROUND33":["0","-1","0","-1","0","0","0","0","0","0","0","1"],
  "ROUND34":["0","-1","0","0","0","0","-1","0","0","0","0","1"],
  "ROUND35":["0","0","0","0","-1","0","0","0","1","1","0","-1"],
  "ROUND36":["0","0","0","0","0","-1","0","-1","1","1","1","1"],
  "ROUND37":["0","0","0","0","0","0","0","0","1","-1","-1","1"],
  "ROUND38":["0","0","0","-1","0","0","-1","0","0","0","1","0"],
  "ROUND39":["0","0","0","0","-1","0","0","1","0","0","-1","1"],
  "ROUND40":["0","0","0","1","0","-1","0","-1","1","1","0","1"],
  "ROUND41":["0","0","0","0","0","0","-1","1","-1","0","1","1"],
  "ROUND42":["0","0","1","0","1","0","0","0","1","1","-1","-1"],
  "ROUND43":["0","-1","0","0","-1","0","0","0","0","1","1","0"],
  "ROUND44":["1","0","0","0","0","0","0","0","1","-1","0","-1"],
  "ROUND45":["1","0","0","0","-1","0","0","0","1","0","1","-1"],
  "ROUND46":["0","0","-1","0","0","0","0","1","-1","1","0","1"],
  "ROUND47":["0","0","0","1","-1","1","0","-1","1","1","0","0"],
  "ROUND48":["1","0","0","0","-1","0","1","0","0","0","0","-1"],
  "ROUND49":["0","0","0","0","0","-1","-1","0","0","1","0","1"],
  "ROUND50":["0","0","0","0","0","0","-1","0","0","1","1","-1"],
  "ROUND51":["0","0","0","0","-1","0","0","1","1","0","0","-1"],
  "ROUND52":["-1","0","1","0","-1","0","0","0","0","1","0","1"],
  "ROUND53":["-1","0","0","0","-1","0","0","0","1","0","1","0"],
  "ROUND54":["0","0","0","0","0","-1","1","0","0","-1","1","1"],
  "ROUND55":["-1","1","0","1","0","0","-1","0","0","1","1","0"],
  "ROUND56":["-1","0","0","1","0","-1","0","1","0","1","0","1"],
  "ROUND57":["0","0","0","0","0","0","0","-1","-1","0","0","0"],
  "ROUND58":["0","-1","0","0","1","0","1","-1","1","1","1","0"],
  "ROUND59":["1","0","0","0","1","0","0","-1","0","0","-1","0"],
  "ROUND60":["0","0","0","0","0","0","0","0","0","-1","0","-1"],
  "ROUND61":["0","0","0","1","-1","1","0","1","0","0","-1","0"],
  "ROUND62":["1","0","-1","0","0","0","0","0","1","-1","0","1"],
  "ROUND63":["-1","0","1","0","0","-1","0","0","0","1","0","1"],
  "ROUND64":["-1","0","0","-1","0","0","1","0","1","1","1","0"],
  "ROUND65":["-1","1","0","0","0","0","0","0","1","0","0","-1"],
  "ROUND66":["-1","1","0","-1","1","0","0","0","0","1","1","0"],
  "ROUND67":["0","0","1","0","0","-1","0","0","-1","1","1","0"],
  "ROUND68":["-1","0","0","0","0","0","0","0","1","-1","0","1"],
  "ROUND69":["0","-1","0","0","-1","0","0","0","1","1","0","0"],
  "ROUND70":["0","0","1","-1","0","0","0","-1","1","0","1","0"],
  "ROUND71":["0","0","-1","1","0","0","0","0","-1","1","1","0"],
  "ROUND72":["-1","0","1","-1","0","0","0","0","0","0","1","1"],
  "ROUND73":["-1","0","0","0","1","1","0","0","-1","1","0","0"],
  "ROUND74":["1","0","0","-1","0","0","1","0","0","1","-1","0"],
  "ROUND75":["-1","0","0","0","0","0","0","-1","0","1","0","1"],
  "ROUND76":["0","0","0","0","0","-1","1","0","1","0","-1","1"],
  "ROUND77":["0","-1","1","1","0","0","0","0","0","1","1","-1"],
  "ROUND78":["0","0","0","0","0","-1","-1","0","0","0","1","1"],
  "ROUND79":["-1","0","-1","0","1","0","1","0","1","0","1","1"],
  "ROUND80":["0","-1","0","1","0","0","0","0","1","-1","0","1"]
}
