{
  "ID":["0","1","2","3","4","5","6","7","8","9","10","11"],
  "ROUND1":["0","0","0","0","0","-1","0","0","0","0","0","-1"],
  "ROUND2":["0","-1","-1","0","0","0","0","1","0","1","0","0"],
  "ROUND3":["-1","0","0","0","0","0","-1","0","1","1","0","0"],
  "ROUND4":["-1","-1","0","0","0","0","0","1","0","0","0","0"],
  "ROUND5":["-1","0","0","0","0","0","0","-1","1","0","1","1"],
  "ROUND6":["-1","0","0","0","0","-1","0","1","1","1","0","1"],
  "ROUND7":["0","0","0","0","-1","0","0","1","1","1","-1","0"],
  "ROUND8":["0","0","0","0","0","0","0","-1","-1","1","0","0"],
  "ROUND9":["0","0","0","0","0","0","1","1","-1","0","0","-1"],
  "ROUND10":["0","0","-1","0","0","0","0","1","1","0","1","-1"],
  "ROUND11":["0","0","0","-1","0","0","1","1","0","0","-1","1"],
  "ROUND12":["-1","0","-1","0","0","0","1","1","0","1","0","1"],
  "ROUND13":["0","0","0","0","0","-1","0","0","1","0","-1","0"],
  "ROUND14":["0","0","0","0","0","-1","1","0","0","-1","0","0"],
  "ROUND15":["0","0","-1","0","-1","0","1","1","0","0","1","0"],
  "ROUND16":["0","0","0","0","0","0","-1","0","0","0","-1","1"],
  "ROUND17":["0","-1","0","0","0","0","1","1","-1","0","1","0"],
  "ROUND18":["0","0","0","0","0","0","0","0","-1","1","-1","0"],
  "ROUND19":["0","0","0","-1","0","0","1","0","-1","1","1","0"],
  "ROUND20":["0","0","0","0","-1","0","1","1","1","0","1","-1"],
  "ROUND21":["0","0","-1","0","0","0","1","1","0","-1","1","0"],
  "ROUND22":["0","1","-1","-1","0","0","0","0","1","1","0","0"],
  "ROUND23":["0","0","0","-1","-1","0","1","0","1","0","1","1"],
  "ROUND24":["1","-1","0","0","0","0","1","0","1","-1","0","0"],
  "ROUND25":["0","0","0","0","-1","0","0","1","-1","0","1","1"],
  "ROUND26":["0","0","0","0","0","0","0","-1","0","1","1","-1"],
  "ROUND27":["0","0","0","-1","0","0","0","0","1","-1","0","0"],
  "ROUND28":["0","-1","0","-1","0","0","0","0","1","1","1","1"],
  "ROUND29":["0","0","-1","0","0","0","0","0","-1","0","1","0"],
  "ROUND30":["0","-1","0","0","0","0","0","0","0","0","-1","0"],
  "ROUND31":["1","0","0","0","-1","0","0","0","1","-1","0","1"],
  "ROUND32":["0","0","-1","0","0","1","1","0","1","-1","1","1"],
  "ROUND33":["0","0","0","1","0","0","1","-1","0","-1","0","1"],
  "ROUND34":["0","-1","0","-1","0","0","1","0","0","0","0","1"],
  "ROUND35":["1","0","0","0","0","0","1","-1","1","1","1","-1"],
  "ROUND36":["0","1","-1","1","0","0","0","-1","0","0","0","1"],
  "ROUND37":["0","0","0","1","-1","1","0","1","1","0","1","-1"],
  "ROUND38":["0","0","0","0","0","0","0","0","1","1","-1","-1"],
  "ROUND39":["0","0","0","-1","0","0","0","0","-1","0","0","1"],
  "ROUND40":["1","0","0","0","1","0","1","-1","1","-1","1","1"],
  "ROUND41":["0","0","0","-1","0","1","0","1","0","-1","1","1"],
  "ROUND42":["0","0","0","0","0","0","0","0","-1","1","-1","1"],
  "ROUND43":["0","1","1","0","0","-1","-1","0","1","0","1","0"],
  "ROUND44":["0","-1","-1","0","1","0","0","0","0","1","1","1"],
  "ROUND45":["1","-1","1","0","0","0","0","1","0","-1","1","1"],
  "ROUND46":["0","0","0","1","0","0","-1","0","-1","1","1","1"],
  "ROUND47":["0","-1","0","0","0","0","1","1","0","-1","0","0"],
  "ROUND48":["1","0","1","1","0","-1","0","0","1","0","-1","1"],
  "ROUND49":["0","0","0","0","0","0","1","1","0","0","-1","-1"],
  "ROUND50":["0","0","0","0","0","0","1","0","-1","-1","0","1"],
  "ROUND51":["1","0","-1","-1","0","0","0","0","0","0","0","1"],
  "ROUND52":["-1","0","0","0","0","0","0","1","0","0","0","-1"],
  "ROUND53":["0","-1","0","0","1","1","1","1","1","-1","1","1"],
  "ROUND54":["1","0","0","0","0","-1","1","1","1","0","1","-1"],
  "ROUND55":["0","0","1","0","-1","-1","0","0","0","1","1","1"],
  "ROUND56":["-1","0","-1","1","1","0","0","0","0","1","0","0"],
  "ROUND57":["0","1","1","0","0","0","0","1","-1","1","-1","1"],
  "ROUND58":["1","-1","0","0","0","0","1","-1","0","1","0","0"],
  "ROUND59":["0","0","0","0","1","0","0","1","-1","-1","1","1"],
  "ROUND60":["1","1","-1","0","0","0","1","1","-1","0","1","0"],
  "ROUND61":["-1","0","0","0","0","0","1","1","0","1","1","-1"],
  "ROUND62":["0","0","-1","1","1","0","-1","1","1","1","0","1"],
  "ROUND63":["1","0","1","0","-1","1","0","0","0","0","-1","1"],
  "ROUND64":["0","0","0","1","-1","0","1","1","0","1","-1","1"],
  "ROUND65":["0","0","-1","0","0","1","1","-1","1","1","0","1"],
  "ROUND66":["-1","0","-1","1","1","0","0","1","0","1","0","0"],
  "ROUND67":["0","0","1","1","0","0","0","1","-1","1","1","-1"],
  "ROUND68":["0","1","0","-1","1","1","1","1","1","1","-1","0"],
  "ROUND69":["-1","0","0","0","0","1","1","-1","1","1","0","1"],
  "ROUND70":["1","0","0","0","-1","1","0","1","-1","1","0","0"],
  "ROUND71":["0","0","0","1","0","-1","1","-1","0","1","1","0"],
  "ROUND72":["1","1","0","1","-1","0","1","1","1","1","-1","0"],
  "ROUND73":["0","0","1","1","1","1","-1","1","1","1","-1","0"],
  "ROUND74":["-1","0","0","1","0","1","0","1","0","1","-1","0"],
  "ROUND75":["1","0","-1","1","1","-1","0","1","1","1","0","1"],
  "ROUND76":["-1","-1","1","1","1","0","1","0","1","0","1","1"],
  "ROUND77":["0","0","-1","-1","0","0","1","0","1","0","0","1"],
  "ROUND78":["0","0","0","1","-1","0","0","0","0","0","0","-1"],
  "ROUND79":["0","0","1","0","-1","1","0","1","0","-1","0","1"],
  "ROUND80":["0","0","0","-1","0","1","0","1","-1","1","1","0"]
}
