{
  "ID":["0","1","2","3","4","5","6","7","8","9","10","11"],
  "ROUND1":["0","0","-1","0","0","0","0","1","1","0","1","-1"],
  "ROUND2":["0","0","0","-1","0","0","0","0","1","-1","0","0"],
  "ROUND3":["-1","0","-1","0","0","0","0","0","0","1","0","0"],
  "ROUND4":["-1","0","0","0","-1","0","0","1","0","1","1","1"],
  "ROUND5":["-1","0","0","0","0","0","0","0","1","0","0","-1"],
  "ROUND6":["0","-1","-1","0","0","0","0","0","0","1","1","0"],
  "ROUND7":["0","0","0","-1","0","0","0","0","0","0","-1","1"],
  "ROUND8":["0","-1","0","0","0","0","-1","1","1","1","1","0"],
  "ROUND9":["0","0","0","0","0","0","0","1","-1","0","-1","0"],
  "ROUND10":["0","0","0","0","0","0","0","0","-1","1","1","-1"],
  "ROUND11":["-1","0","0","0","0","0","0","1","-1","0","0","1"],
  "ROUND12":["-1","0","0","0","0","0","0","-1","1","1","1","1"],
  "ROUND13":["0","0","0","0","0","-1","-1","0","1","1","1","1"],
  "ROUND14":["0","-1","0","0","0","0","0","0","0","-1","0","0"],
  "ROUND15":["0","-1","-1","0","0","0","0","1","1","1","1","0"],
  "ROUND16":["0","0","-1","0","0","1","-1","1","1","1","1","0"],
  "ROUND17":["0","-1","0","0","1","0","0","0","0","0","1","-1"],
  "ROUND18":["0","-1","-1","0","1","0","0","0","0","0","1","0"],
  "ROUND19":["0","0","0","0","-1","-1","0","0","0","0","0","0"],
  "ROUND20":["0","0","-1","-1","0","0","1","1","1","0","1","1"],
  "ROUND21":["0","-1","0","0","0","0","0","0","-1","1","1","1"],
  "ROUND22":["0","0","0","0","-1","0","-1","0","1","1","0","1"],
  "ROUND23":["-1","0","0","0","0","0","0","1","-1","1","1","1"],
  "ROUND24":["0","-1","0","0","0","-1","0","0","1","0","0","1"],
  "ROUND25":["0","0","-1","0","0","0","0","0","0","-1","0","1"],
  "ROUND26":["-1","0","0","0","0","0","0","0","1","-1","0","0"],
  "ROUND27":["0","-1","-1","0","0","1","0","1","0","0","1","0"],
  "ROUND28":["0","-1","0","0","-1","0","0","1","1","0","0","0"],
  "ROUND29":["-1","0","0","-1","0","0","0","0","0","1","0","0"],
  "ROUND30":["0","0","0","0","0","0","-1","0","-1","1","1","0"],
  "ROUND31":["0","0","0","0","0","-1","0","1","0","0","-1","0"],
  "ROUND32":["0","0","0","1","-1","-1","1","1","0","0","1","0"],
  "ROUND33":["0","0","-1","-1","0","0","0","1","1","0","1","1"],
  "ROUND34":["0","0","-1","-1","1","0","0","1","0","1","1","1"],
  "ROUND35":["1","0","0","0","-1","1","1","1","0","1","0","-1"],
  "ROUND36":["0","0","0","0","0","-1","1","1","1","1","-1","1"],
  "ROUND37":["0","1","0","0","0","0","0","-1","1","0","0","-1"],
  "ROUND38":["0","0","0","0","-1","-1","0","1","1","0","0","0"],
  "ROUND39":["0","-1","0","1","1","0","-1","1","0","0","1","1"],
  "ROUND40":["0","0","0","0","0","0","0","1","1","-1","-1","1"],
  "ROUND41":["0","0","0","-1","0","0","0","1","0","-1","0","1"],
  "ROUND42":["0","0","1","1","0","0","0","1","1","1","-1","-1"],
  "ROUND43":["0","0","0","-1","0","1","0","0","0","1","0","-1"],
  "ROUND44":["-1","0","0","0","0","0","1","1","1","1","-1","1"],
  "ROUND45":["0","0","0","-1","0","0","0","1","-1","0","1","1"],
  "ROUND46":["0","0","0","1","0","-1","1","1","-1","0","1","0"],
  "ROUND47":["-1","0","0","1","0","0","0","0","1","-1","0","0"],
  "ROUND48":["0","1","0","0","0","0","0","-1","0","1","-1","0"],
  "ROUND49":["-1","0","0","1","0","0","0","0","-1","1","1","1"],
  "ROUND50":["0","0","1","0","-1","0","1","1","1","0","1","-1"],
  "ROUND51":["0","0","0","0","0","0","-1","1","0","-1","1","0"],
  "ROUND52":["-1","0","0","0","0","0","0","1","0","-1","0","0"],
  "ROUND53":["-1","0","0","0","1","1","0","0","-1","1","0","0"],
  "ROUND54":["0","0","-1","-1","0","0","0","1","0","0","1","0"],
  "ROUND55":["0","0","1","0","-1","0","0","1","1","-1","1","1"],
  "ROUND56":["0","0","-1","0","0","1","0","1","-1","0","1","1"],
  "ROUND57":["1","0","0","0","0","0","-1","-1","0","1","0","1"],
  "ROUND58":["1","0","1","0","0","0","-1","1","-1","0","0","1"],
  "ROUND59":["-1","0","0","-1","0","0","0","0","0","0","0","1"],
  "ROUND60":["-1","0","0","0","0","1","0","0","-1","1","0","1"],
  "ROUND61":["1","0","0","-1","1","-1","0","0","1","0","0","0"],
  "ROUND62":["-1","0","0","0","0","0","0","0","1","-1","1","0"],
  "ROUND63":["0","0","-1","1","0","-1","0","0","1","0","0","0"],
  "ROUND64":["0","0","1","0","0","-1","0","0","0","0","1","-1"],
  "ROUND65":["-1","1","0","0","0","-1","0","1","1","1","1","0"],
  "ROUND66":["0","1","0","-1","0","-1","0","0","0","0","0","1"],
  "ROUND67":["-1","-1","0","1","0","0","0","1","1","1","1","0"],
  "ROUND68":["0","-1","0","0","1","0","0","0","0","0","1","-1"],
  "ROUND69":["-1","0","0","0","0","0","1","0","-1","0","1","0"],
  "ROUND70":["-1","0","0","0","1","0","0","1","1","-1","1","0"],
  "ROUND71":["0","0","1","1","1","0","-1","1","1","0","1","-1"],
  "ROUND72":["1","0","0","-1","0","-1","0","1","0","0","1","1"],
  "ROUND73":["1","0","0","-1","0","0","1","1","0","1","-1","1"],
  "ROUND74":["0","-1","0","0","1","0","0","-1","1","1","0","0"],
  "ROUND75":["0","0","0","0","-1","0","0","-1","0","1","1","1"],
  "ROUND76":["1","0","0","0","0","0","0","0","1","0","-1","-1"],
  "ROUND77":["0","0","-1","0","0","0","-1","1","0","1","1","1"],
  "ROUND78":["1","1","-1","0","0","-1","1","0","0","0","1","0"],
  "ROUND79":["0","1","0","0","0","-1","1","0","0","-1","0","1"],
  "ROUND80":["0","0","0","1","0","0","-1","-1","0","1","0","1"]
}
