{
  "ID":["0","1","2","3","4","5","6","7","8","9","10","11"],
  "ROUND1":["0","0","0","-1","0","0","0","1","-1","1","1","1"],
  "ROUND2":["0","0","0","-1","0","0","1","1","0","-1","1","0"],
  "ROUND3":["0","-1","0","0","1","1","0","-1","0","1","0","0"],
  "ROUND4":["0","-1","-1","0","0","0","1","0","0","1","1","1"],
  "ROUND5":["-1","0","0","0","1","-1","1","0","1","0","1","0"],
  "ROUND6":["0","0","0","0","1","0","0","0","-1","-1","0","1"],
  "ROUND7":["0","0","0","0","-1","0","0","0","0","1","-1","1"],
  "ROUND8":["0","0","0","0","1","1","1","1","-1","-1","0","1"],
  "ROUND9":["0","0","0","0","-1","-1","0","1","1","0","0","0"],
  "ROUND10":["0","0","0","-1","0","0","0","0","0","-1","1","1"],
  "ROUND11":["0","0","0","0","1","-1","0","1","0","0","-1","0"],
  "ROUND12":["0","-1","-1","0","1","1","1","1","0","1","1","1"],
  "ROUND13":["0","0","0","0","1","1","1","-1","-1","1","0","1"],
  "ROUND14":["0","0","0","0","0","0","-1","1","0","-1","0","1"],
  "ROUND15":["0","-1","0","0","1","0","-1","1","1","1","0","1"],
  "ROUND16":["0","0","0","0","-1","1","0","0","1","1","0","-1"],
  "ROUND17":["0","0","0","0","1","0","1","0","0","-1","0","-1"],
  "ROUND18":["0","0","0","0","-1","1","-1","0","1","1","0","1"],
  "ROUND19":["0","-1","0","0","0","0","0","0","1","-1","1","0"],
  "ROUND20":["0","0","0","0","0","0","0","-1","1","1","1","-1"],
  "ROUND21":["-1","0","0","-1","0","0","1","1","1","1","1","0"],
  "ROUND22":["0","0","0","0","0","1","1","0","1","0","-1","-1"],
  "ROUND23":["1","0","0","1","0","0","1","0","-1","0","-1","0"],
  "ROUND24":["0","1","0","0","-1","0","1","0","0","1","-1","0"],
  "ROUND25":["0","0","0","0","0","1","0","0","-1","-1","0","1"],
  "ROUND26":["0","0","0","-1","-1","0","1","0","1","1","1","0"],
  "ROUND27":["0","-1","0","1","0","1","1","0","0","0","-1","0"],
  "ROUND28":["0","0","0","0","-1","0","1","1","0","0","0","-1"],
  "ROUND29":["0","-1","0","0","0","1","0","0","1","-1","0","1"],
  "ROUND30":["0","0","0","0","1","0","1","-1","1","0","-1","0"],
  "ROUND31":["0","0","0","0","-1","-1","0","1","1","1","0","1"],
  "ROUND32":["0","0","0","0","0","1","1","0","-1","-1","1","0"],
  "ROUND33":["0","0","-1","0","1","0","-1","0","1","1","1","1"],
  "ROUND34":["-1","0","0","-1","0","1","1","0","0","0","1","1"],
  "ROUND35":["-1","0","0","0","1","0","1","0","-1","1","1","0"],
  "ROUND36":["-1","0","0","0","-1","0","0","1","1","1","0","1"],
  "ROUND37":["0","0","1","-1","0","0","0","0","0","-1","1","0"],
  "ROUND38":["1","-1","1","0","-1","1","1","1","0","0","0","1"],
  "ROUND39":["0","1","0","0","-1","1","0","0","0","0","1","-1"],
  "ROUND40":["0","0","0","0","-1","1","0","0","-1","1","1","1"],
  "ROUND41":["-1","0","-1","0","0","0","1","0","0","0","0","1"],
  "ROUND42":["0","0","0","0","1","0","1","-1","1","0","-1","1"],
  "ROUND43":["1","0","0","0","1","1","-1","-1","1","1","1","1"],
  "ROUND44":["1","-1","1","1","1","0","1","1","0","-1","1","0"],
  "ROUND45":["0","0","0","0","1","1","1","0","-1","1","-1","0"],
  "ROUND46":["0","0","-1","0","1","1","-1","1","0","0","1","1"],
  "ROUND47":["0","1","0","1","1","1","0","0","-1","0","1","-1"],
  "ROUND48":["0","0","-1","0","0","1","1","-1","1","0","1","1"],
  "ROUND49":["1","0","-1","1","0","-1","1","0","0","1","1","0"],
  "ROUND50":["0","1","0","-1","1","0","0","-1","1","0","1","0"],
  "ROUND51":["-1","0","0","1","1","0","1","-1","1","0","1","1"],
  "ROUND52":["0","-1","0","0","0","0","1","1","-1","0","1","0"],
  "ROUND53":["0","-1","1","0","-1","1","1","0","0","0","0","1"],
  "ROUND54":["0","0","0","1","1","1","1","-1","0","-1","0","0"],
  "ROUND55":["1","0","0","0","0","0","0","1","-1","-1","0","1"],
  "ROUND56":["1","1","0","0","0","1","0","-1","0","-1","1","0"],
  "ROUND57":["0","-1","1","0","1","-1","0","0","0","0","0","0"],
  "ROUND58":["-1","0","0","0","-1","0","1","1","1","1","0","0"],
  "ROUND59":["0","0","-1","0","0","1","0","0","1","-1","1","1"],
  "ROUND60":["-1","0","0","1","1","1","1","-1","0","1","1","0"],
  "ROUND61":["0","1","1","1","0","0","0","0","1","-1","-1","0"],
  "ROUND62":["0","0","0","0","-1","-1","1","0","1","0","0","1"],
  "ROUND63":["-1","0","0","1","-1","0","1","0","0","0","1","0"],
  "ROUND64":["0","0","1","1","0","-1","0","-1","0","0","1","1"],
  "ROUND65":["0","0","0","0","0","-1","0","1","-1","0","1","0"],
  "ROUND66":["0","0","-1","0","0","0","0","-1","1","0","0","1"],
  "ROUND67":["0","0","0","0","0","0","1","-1","0","1","-1","0"],
  "ROUND68":["-1","0","0","0","-1","1","0","0","0","0","1","1"],
  "ROUND69":["-1","0","0","0","1","0","1","0","1","-1","1","1"],
  "ROUND70":["-1","1","1","-1","1","0","1","0","0","0","0","0"],
  "ROUND71":["0","0","0","0","1","-1","-1","1","1","1","0","0"],
  "ROUND72":["0","0","0","0","1","1","1","0","1","0","-1","-1"],
  "ROUND73":["0","-1","0","1","0","0","0","1","0","0","0","-1"],
  "ROUND74":["1","0","-1","0","1","0","1","0","0","-1","1","0"],
  "ROUND75":["1","0","-1","0","0","-1","1","1","0","1","1","0"],
  "ROUND76":["0","0","0","0","1","-1","0","0","1","0","-1","0"],
  "ROUND77":["-1","1","0","0","0","1","-1","0","1","0","1","0"],
  "ROUND78":["1","0","0","0","-1","1","0","-1","0","1","1","1"],
  "ROUND79":["-1","0","-1","0","1","1","0","1","1","1","1","0"],
  "ROUND80":["-1","0","-1","1","1","1","1","0","0","1","1","0"]
}
