{
  "ID":["0","1","2","3","4","5","6","7","8","9","10","11"],
  "ROUND1":["0","0","-1","0","1","1","0","0","0","1","1","-1"],
  "ROUND2":["0","-1","1","1","-1","0","0","0","0","1","1","0"],
  "ROUND3":["0","-1","1","0","0","1","-1","0","0","1","1","0"],
  "ROUND4":["0","-1","1","0","1","-1","1","0","1","1","1","1"],
  "ROUND5":["0","0","0","0","0","1","1","-1","1","0","-1","0"],
  "ROUND6":["0","0","1","-1","1","-1","1","0","1","1","1","1"],
  "ROUND7":["0","0","0","1","0","-1","0","1","1","1","1","-1"],
  "ROUND8":["0","0","1","0","1","-1","-1","0","0","1","1","0"],
  "ROUND9":["0","0","1","1","-1","0","1","0","0","0","-1","1"],
  "ROUND10":["0","0","0","-1","-1","1","1","0","1","0","1","1"],
  "ROUND11":["0","0","0","0","1","-1","-1","0","1","1","0","0"],
  "ROUND12":["0","0","0","0","1","-1","1","1","1","0","0","-1"],
  "ROUND13":["1","0","1","0","1","0","1","0","-1","-1","1","0"],
  "ROUND14":["0","0","-1","0","1","0","1","-1","1","1","0","1"],
  "ROUND15":["-1","0","-1","0","1","0","1","1","1","1","0","0"],
  "ROUND16":["0","0","0","0","1","-1","0","-1","1","0","0","1"],
  "ROUND17":["0","0","-1","1","-1","0","1","0","1","1","1","0"],
  "ROUND18":["0","0","0","0","1","0","0","0","-1","0","0","-1"],
  "ROUND19":["0","0","0","-1","1","0","-1","1","1","0","1","0"],
  "ROUND20":["0","0","-1","-1","1","0","1","1","0","0","0","0"],
  "ROUND21":["0","0","1","0","0","0","1","-1","-1","0","1","0"],
  "ROUND22":["0","0","1","1","1","-1","-1","0","1","1","0","0"],
  "ROUND23":["0","0","0","1","-1","0","0","0","1","0","1","-1"],
  "ROUND24":["0","0","0","0","1","-1","-1","1","0","1","0","1"],
  "ROUND25":["-1","0","1","0","0","1","0","-1","1","0","1","0"],
  "ROUND26":["0","0","-1","-1","1","1","0","1","0","1","1","0"],
  "ROUND27":["0","0","-1","0","0","0","1","1","0","1","0","-1"],
  "ROUND28":["0","0","0","1","0","0","0","1","0","-1","-1","1"],
  "ROUND29":["0","0","1","1","1","1","0","0","0","-1","1","-1"],
  "ROUND30":["-1","0","0","0","-1","0","0","0","0","0","0","0"],
  "ROUND31":["0","0","0","0","-1","-1","0","0","0","0","1","1"],
  "ROUND32":["0","0","1","-1","-1","1","0","1","1","0","1","1"],
  "ROUND33":["0","0","0","-1","0","1","1","0","0","1","-1","1"],
  "ROUND34":["0","1","0","0","1","1","-1","-1","0","1","0","0"],
  "ROUND35":["-1","1","1","1","1","0","0","1","0","0","1","-1"],
  "ROUND36":["0","0","0","1","1","-1","1","0","1","1","-1","0"],
  "ROUND37":["0","-1","1","1","1","1","0","0","1","1","1","-1"],
  "ROUND38":["0","0","0","1","1","-1","0","1","1","0","1","-1"],
  "ROUND39":["1","0","1","0","1","1","0","-1","-1","1","0","1"],
  "ROUND40":["0","0","0","1","-1","1","0","-1","0","1","1","0"],
  "ROUND41":["1","0","-1","-1","0","0","1","0","1","0","1","0"],
  "ROUND42":["0","1","1","0","0","-1","1","0","-1","0","1","1"],
  "ROUND43":["0","1","0","1","0","-1","0","0","0","0","-1","1"],
  "ROUND44":["0","0","0","0","1","-1","0","0","0","-1","1","1"],
  "ROUND45":["0","0","1","1","1","0","-1","1","-1","0","0","1"],
  "ROUND46":["1","0","1","-1","0","1","0","-1","0","1","0","1"],
  "ROUND47":["1","0","0","0","1","0","1","-1","0","-1","0","1"],
  "ROUND48":["0","1","1","0","1","1","-1","1","1","-1","1","0"],
  "ROUND49":["0","-1","1","1","0","1","0","0","1","1","-1","1"],
  "ROUND50":["0","0","1","0","0","-1","-1","0","0","0","1","1"],
  "ROUND51":["0","0","0","1","1","-1","0","1","-1","1","1","0"],
  "ROUND52":["0","0","0","0","-1","-1","1","1","1","1","1","1"],
  "ROUND53":["0","0","1","1","0","0","-1","0","0","-1","0","1"],
  "ROUND54":["1","-1","1","0","0","1","1","1","1","1","0","-1"],
  "ROUND55":["1","0","-1","1","1","1","0","0","0","-1","0","1"],
  "ROUND56":["0","0","0","1","1","0","0","-1","1","0","1","-1"],
  "ROUND57":["0","1","1","1","0","0","-1","1","1","-1","1","1"],
  "ROUND58":["0","1","1","0","-1","-1","0","1","1","1","1","1"],
  "ROUND59":["0","0","1","1","0","1","0","-1","1","-1","0","1"],
  "ROUND60":["-1","0","1","1","1","1","0","0","0","-1","1","0"],
  "ROUND61":["-1","-1","0","0","1","1","1","1","1","1","0","0"],
  "ROUND62":["0","-1","1","1","1","0","1","0","1","-1","1","1"],
  "ROUND63":["0","1","0","0","-1","0","1","0","1","-1","1","1"],
  "ROUND64":["0","0","0","0","0","0","-1","1","0","1","0","-1"],
  "ROUND65":["0","-1","1","0","0","0","1","0","1","-1","0","0"],
  "ROUND66":["0","0","1","-1","1","0","-1","0","0","0","1","0"],
  "ROUND67":["0","0","-1","1","0","1","0","1","1","0","-1","1"],
  "ROUND68":["-1","0","1","1","1","0","1","0","0","0","-1","0"],
  "ROUND69":["0","0","1","0","1","0","1","0","1","-1","-1","1"],
  "ROUND70":["0","1","1","1","1","0","-1","1","0","-1","0","0"],
  "ROUND71":["0","0","0","1","1","1","-1","1","1","0","-1","0"],
  "ROUND72":["0","1","1","1","-1","1","-1","0","0","1","0","1"],
  "ROUND73":["0","0","0","0","0","1","-1","-1","0","1","1","0"],
  "ROUND74":["0","1","-1","1","0","1","1","-1","0","1","1","1"],
  "ROUND75":["0","1","1","0","-1","1","0","0","-1","0","1","0"],
  "ROUND76":["1","0","1","1","-1","1","0","-1","0","1","1","1"],
  "ROUND77":["0","1","0","0","-1","0","0","0","1","1","0","-1"],
  "ROUND78":["-1","1","0","1","1","-1","1","0","1","0","1","1"],
  "ROUND79":["1","1","0","-1","1","1","-1","0","0","1","0","0"],
  "ROUND80":["0","0","1","0","1","-1","1","0","-1","1","0","1"]
}
