{
  "ID":["0","1","2","3","4","5","6","7","8","9","10","11"],
  "ROUND1":["2","-1","2","2","2","0","0","2","2","2","2","3"],
  "ROUND2":["4","1","4","2","4","2","0","4","4","4","4","5"],
  "ROUND3":["6","3","6","1","6","4","-1","6","7","7","4","5"],
  "ROUND4":["8","2","8","3","6","3","1","8","10","9","7","5"],
  "ROUND5":["8","1","10","5","8","5","3","10","12","9","9","8"],
  "ROUND6":["7","0","12","7","10","7","5","12","12","9","12","11"],
  "ROUND7":["7","2","12","9","12","9","7","14","11","12","12","11"],
  "ROUND8":["9","4","12","11","14","11","7","16","11","12","15","10"],
  "ROUND9":["11","6","12","13","14","10","9","18","13","15","17","12"],
  "ROUND10":["13","8","14","15","14","10","8","20","16","17","19","14"],
  "ROUND11":["13","10","16","15","16","12","7","22","18","20","18","17"],
  "ROUND12":["15","12","15","14","18","14","9","22","18","23","21","19"],
  "ROUND13":["17","14","17","14","20","16","11","24","17","25","24","19"],
  "ROUND14":["19","16","17","16","22","18","11","26","19","27","26","21"],
  "ROUND15":["21","18","17","18","24","20","13","26","21","29","28","23"],
  "ROUND16":["23","20","16","20","26","20","15","28","23","29","30","26"],
  "ROUND17":["25","22","18","22","26","22","15","30","25","32","32","25"],
  "ROUND18":["27","24","18","24","28","21","15","29","28","35","34","27"],
  "ROUND19":["29","26","20","24","30","21","17","31","28","34","34","30"],
  "ROUND20":["31","28","20","26","30","23","19","33","27","36","36","33"],
  "ROUND21":["33","30","22","28","30","23","21","33","27","36","38","33"],
  "ROUND22":["35","32","21","28","32","25","23","35","27","36","41","33"],
  "ROUND23":["35","34","23","30","34","24","25","37","29","36","43","36"],
  "ROUND24":["37","36","25","32","36","26","27","39","29","36","45","38"],
  "ROUND25":["39","36","27","34","38","28","27","41","31","38","47","40"],
  "ROUND26":["41","38","29","33","40","30","27","41","30","41","49","43"],
  "ROUND27":["41","40","31","35","42","32","29","43","32","43","49","45"],
  "ROUND28":["43","40","33","38","44","32","31","45","34","46","48","44"],
  "ROUND29":["45","42","35","38","46","34","31","47","36","46","48","46"],
  "ROUND30":["45","44","37","38","48","36","33","49","35","48","50","49"],
  "ROUND31":["47","44","40","37","50","38","35","51","35","51","49","51"],
  "ROUND32":["49","43","40","39","52","40","37","53","35","54","49","51"],
  "ROUND33":["51","43","42","39","54","42","39","55","34","56","51","54"],
  "ROUND34":["53","43","44","41","56","44","39","54","36","58","53","57"],
  "ROUND35":["52","45","43","43","56","46","41","56","39","61","55","57"],
  "ROUND36":["51","47","45","45","55","46","43","56","42","64","55","57"],
  "ROUND37":["53","49","47","44","57","48","45","55","45","64","55","60"],
  "ROUND38":["55","51","46","44","59","50","45","57","47","66","58","62"],
  "ROUND39":["57","53","48","46","59","52","47","60","46","65","58","65"],
  "ROUND40":["59","55","50","46","61","52","46","60","49","65","57","68"],
  "ROUND41":["61","57","52","48","63","54","46","63","49","64","57","68"],
  "ROUND42":["63","59","52","50","63","56","48","65","49","64","57","68"],
  "ROUND43":["65","59","54","52","63","58","50","64","48","67","60","70"],
  "ROUND44":["68","61","56","54","65","60","49","66","51","67","59","70"],
  "ROUND45":["71","60","58","56","65","62","51","65","54","66","62","70"],
  "ROUND46":["73","62","58","58","67","64","53","65","54","66","61","73"],
  "ROUND47":["75","64","60","61","67","64","52","65","54","69","63","72"],
  "ROUND48":["78","66","62","63","67","66","55","67","53","68","65","72"],
  "ROUND49":["80","68","64","65","69","66","55","69","55","68","67","72"],
  "ROUND50":["79","70","66","67","68","68","55","71","57","71","70","72"],
  "ROUND51":["81","72","68","69","68","70","57","74","60","70","69","72"],
  "ROUND52":["81","74","71","68","68","72","56","76","62","73","68","75"],
  "ROUND53":["81","76","73","70","68","74","55","78","65","72","71","77"],
  "ROUND54":["83","75","72","72","70","74","58","80","64","72","74","80"],
  "ROUND55":["83","75","74","75","69","76","58","82","66","75","74","79"],
  "ROUND56":["83","77","76","75","71","76","60","82","68","75","76","79"],
  "ROUND57":["85","79","78","77","73","78","62","82","68","77","78","81"],
  "ROUND58":["84","79","77","79","73","80","65","82","71","77","81","80"],
  "ROUND59":["87","81","79","81","76","82","67","82","70","76","81","82"],
  "ROUND60":["89","83","81","83","78","84","69","84","72","76","83","82"],
  "ROUND61":["91","85","83","86","78","87","71","87","71","75","83","81"],
  "ROUND62":["91","87","83","88","80","89","73","89","71","75","82","84"],
  "ROUND63":["91","89","86","90","82","89","75","91","73","75","81","84"],
  "ROUND64":["91","91","85","90","84","88","75","93","76","75","84","86"],
  "ROUND65":["91","94","87","92","86","90","77","95","79","74","83","86"],
  "ROUND66":["91","94","89","92","86","92","79","97","81","74","83","88"],
  "ROUND67":["93","96","92","94","88","92","81","99","81","74","83","87"],
  "ROUND68":["93","98","94","96","87","94","83","101","84","74","82","90"],
  "ROUND69":["95","98","93","95","87","96","85","103","87","77","84","92"],
  "ROUND70":["97","100","93","95","89","98","87","103","90","79","84","91"],
  "ROUND71":["99","102","93","95","91","97","89","105","90","79","87","93"],
  "ROUND72":["99","104","96","95","93","99","91","107","89","81","87","93"],
  "ROUND73":["99","106","98","97","93","102","93","109","89","81","86","95"],
  "ROUND74":["102","108","100","97","95","104","93","111","88","81","86","97"],
  "ROUND75":["102","107","102","99","97","106","95","111","90","84","85","100"],
  "ROUND76":["104","109","104","98","99","106","98","110","93","83","85","103"],
  "ROUND77":["106","109","104","101","101","108","100","109","92","86","85","103"],
  "ROUND78":["108","111","106","100","100","108","100","111","94","88","88","106"],
  "ROUND79":["108","113","106","102","100","110","100","110","97","90","88","106"],
  "ROUND80":["110","113","108","105","102","112","102","112","97","90","87","106"]
}
