{
  "ID":["0","1","2","3","4","5","6","7","8","9","10","11"],
  "ROUND1":["0","2","-1","3","0","-1","-1","3","3","2","0","0"],
  "ROUND2":["-1","4","-2","3","3","-1","2","3","3","5","2","-1"],
  "ROUND3":["1","6","-2","3","2","-2","1","6","3","8","2","2"],
  "ROUND4":["1","8","-3","3","2","0","1","9","6","8","2","1"],
  "ROUND5":["0","10","-1","5","5","0","3","8","6","11","4","3"],
  "ROUND6":["-1","9","-2","7","4","3","6","8","9","11","7","5"],
  "ROUND7":["-1","8","-2","6","7","6","5","10","8","14","9","8"],
  "ROUND8":["1","10","0","6","9","8","5","12","8","16","11","8"],
  "ROUND9":["0","9","-1","9","9","8","5","12","11","19","10","11"],
  "ROUND10":["2","11","-2","8","12","11","4","12","11","21","12","14"],
  "ROUND11":["1","13","-2","10","14","13","3","14","13","24","12","17"],
  "ROUND12":["1","15","-2","12","14","15","6","16","15","24","11","19"],
  "ROUND13":["3","17","0","12","14","15","5","16","18","24","11","21"],
  "ROUND14":["5","19","2","12","16","15","7","16","20","23","14","21"],
  "ROUND15":["5","21","1","14","16","15","10","15","23","23","13","24"],
  "ROUND16":["7","23","0","14","19","15","10","15","25","26","15","23"],
  "ROUND17":["6","25","-1","14","22","15","12","17","27","28","17","26"],
  "ROUND18":["5","24","1","17","22","18","11","19","26","28","20","29"],
  "ROUND19":["4","26","3","19","22","18","13","22","25","30","23","31"],
  "ROUND20":["6","28","5","18","22","21","15","22","27","33","22","33"],
  "ROUND21":["6","27","4","18","21","21","15","25","30","35","25","35"],
  "ROUND22":["8","29","6","17","24","23","15","27","30","35","25","37"],
  "ROUND23":["10","31","6","20","26","22","17","29","29","37","28","37"],
  "ROUND24":["9","31","8","22","28","21","20","29","32","39","28","37"],
  "ROUND25":["9","33","7","25","27","24","22","28","35","39","31","36"],
  "ROUND26":["11","32","9","27","26","24","25","28","35","41","31","39"],
  "ROUND27":["13","34","8","27","26","26","25","30","35","40","34","42"],
  "ROUND28":["12","37","10","30","25","29","25","30","37","42","36","41"],
  "ROUND29":["14","39","12","33","28","31","25","29","37","45","35","40"],
  "ROUND30":["16","39","12","35","28","31","28","28","37","45","35","40"],
  "ROUND31":["18","41","15","37","30","33","27","30","37","47","35","42"],
  "ROUND32":["20","43","17","37","32","33","29","32","36","50","35","42"],
  "ROUND33":["22","42","19","39","35","36","29","31","38","49","38","42"],
  "ROUND34":["24","41","21","38","35","39","32","33","41","48","38","44"],
  "ROUND35":["23","40","21","40","38","41","31","32","44","51","38","47"],
  "ROUND36":["22","43","20","40","38","44","30","32","44","51","41","47"],
  "ROUND37":["24","45","19","40","40","47","33","32","43","53","43","49"],
  "ROUND38":["24","47","18","40","43","47","36","31","43","53","43","51"],
  "ROUND39":["24","49","20","42","43","49","36","31","45","55","43","51"],
  "ROUND40":["23","49","20","45","46","48","39","30","44","54","46","54"],
  "ROUND41":["25","52","20","45","45","50","39","32","44","54","48","54"],
  "ROUND42":["28","54","22","48","47","52","39","34","46","53","47","54"],
  "ROUND43":["30","54","24","48","49","55","38","37","45","56","46","56"],
  "ROUND44":["32","53","27","50","51","54","41","40","45","55","46","58"],
  "ROUND45":["34","55","26","52","50","57","41","43","48","57","46","57"],
  "ROUND46":["34","54","28","52","52","59","41","43","48","60","48","57"],
  "ROUND47":["36","53","27","51","55","62","44","43","50","63","47","57"],
  "ROUND48":["35","55","27","51","58","64","47","45","49","62","50","59"],
  "ROUND49":["37","55","29","53","57","66","50","45","49","62","53","58"],
  "ROUND50":["36","57","29","53","57","68","50","45","52","62","56","57"],
  "ROUND51":["36","60","31","55","57","71","49","44","54","65","55","59"],
  "ROUND52":["35","59","31","58","59","73","51","46","56","68","55","61"],
  "ROUND53":["34","61","30","61","59","76","51","46","59","68","54","63"],
  "ROUND54":["37","63","32","61","61","78","50","45","59","67","57","66"],
  "ROUND55":["36","65","32","61","61","80","53","45","59","67","60","65"],
  "ROUND56":["38","65","32","63","60","80","53","48","59","67","60","65"],
  "ROUND57":["40","65","32","65","62","83","55","48","59","67","60","64"],
  "ROUND58":["39","65","34","67","62","85","58","51","61","69","62","63"],
  "ROUND59":["42","65","34","66","62","84","58","53","61","71","65","63"],
  "ROUND60":["44","68","36","65","62","87","58","53","60","71","65","63"],
  "ROUND61":["46","68","35","67","65","89","58","56","60","70","65","65"],
  "ROUND62":["45","71","35","69","67","89","57","55","63","72","68","67"],
  "ROUND63":["45","71","34","72","69","88","60","54","63","72","71","69"],
  "ROUND64":["45","73","34","72","72","88","60","54","63","71","71","71"],
  "ROUND65":["45","73","33","74","74","90","62","56","63","71","73","74"],
  "ROUND66":["48","73","33","73","74","93","62","55","63","74","73","73"],
  "ROUND67":["50","76","33","75","74","92","64","58","62","76","73","73"],
  "ROUND68":["52","78","36","75","73","91","64","57","65","79","76","72"],
  "ROUND69":["54","78","36","74","76","93","64","60","64","79","75","75"],
  "ROUND70":["54","78","38","74","78","95","66","62","64","81","75","75"],
  "ROUND71":["54","81","38","74","78","97","66","64","64","80","74","78"],
  "ROUND72":["56","83","40","76","81","99","68","66","66","80","73","78"],
  "ROUND73":["59","83","42","78","80","101","70","68","69","82","73","77"],
  "ROUND74":["61","85","44","77","80","104","72","70","72","82","72","79"],
  "ROUND75":["63","85","46","79","80","106","72","70","71","85","71","82"],
  "ROUND76":["62","84","48","78","82","108","75","72","74","88","71","82"],
  "ROUND77":["64","86","50","80","82","108","77","72","73","90","71","85"],
  "ROUND78":["66","88","50","80","82","108","77","72","73","92","73","85"],
  "ROUND79":["68","87","49","80","82","108","76","75","76","92","76","87"],
  "ROUND80":["67","89","48","82","82","111","76","77","76","95","76","89"]
}
