{
  "ID":["0","1","2","3","4","5","6","7","8","9","10","11"],
  "ROUND1":["-1","2","-1","0","-1","2","-1","3","0","3","3","3"],
  "ROUND2":["-2","4","-2","0","1","1","2","6","2","3","6","5"],
  "ROUND3":["0","4","-3","2","4","4","1","6","4","6","5","7"],
  "ROUND4":["-1","4","-3","4","3","6","4","8","6","6","5","10"],
  "ROUND5":["-1","6","-1","6","3","6","7","7","6","8","8","9"],
  "ROUND6":["1","8","-2","8","6","8","6","9","6","8","10","12"],
  "ROUND7":["3","7","-3","10","6","10","8","11","8","11","10","15"],
  "ROUND8":["5","9","-4","12","6","10","8","11","8","11","12","18"],
  "ROUND9":["7","11","-2","14","6","10","7","14","11","13","14","17"],
  "ROUND10":["6","13","0","14","5","12","9","16","13","13","17","20"],
  "ROUND11":["8","15","2","13","8","12","11","19","15","12","17","22"],
  "ROUND12":["7","15","2","15","8","12","14","19","17","12","17","22"],
  "ROUND13":["6","14","1","17","8","15","14","19","17","15","19","25"],
  "ROUND14":["8","16","0","19","10","17","14","22","19","15","18","28"],
  "ROUND15":["7","16","-1","18","13","16","14","25","22","18","17","31"],
  "ROUND16":["9","15","1","20","13","19","13","27","25","21","16","31"],
  "ROUND17":["11","17","3","19","16","21","16","29","24","21","18","31"],
  "ROUND18":["13","16","2","21","16","21","16","31","24","24","20","34"],
  "ROUND19":["15","16","4","23","18","23","15","30","27","24","23","36"],
  "ROUND20":["17","15","6","25","20","25","17","30","30","24","23","36"],
  "ROUND21":["17","14","5","25","22","27","17","33","33","27","23","35"],
  "ROUND22":["16","13","7","27","24","30","20","32","36","29","23","35"],
  "ROUND23":["19","15","9","27","26","32","20","34","36","28","23","37"],
  "ROUND24":["18","18","11","29","26","31","23","33","38","31","23","39"],
  "ROUND25":["20","17","13","31","28","34","25","32","38","31","25","42"],
  "ROUND26":["19","19","15","31","28","36","25","31","38","34","28","44"],
  "ROUND27":["21","19","17","31","30","39","25","30","40","36","28","46"],
  "ROUND28":["23","21","19","33","30","41","25","30","42","38","30","46"],
  "ROUND29":["22","21","21","35","32","44","24","29","45","38","32","49"],
  "ROUND30":["21","23","23","37","35","43","27","29","48","37","32","51"],
  "ROUND31":["23","25","25","39","35","43","29","29","48","37","34","51"],
  "ROUND32":["25","27","24","41","37","46","29","31","48","37","34","53"],
  "ROUND33":["24","29","24","43","40","48","29","33","48","37","34","53"],
  "ROUND34":["24","31","23","43","42","48","29","32","50","39","37","56"],
  "ROUND35":["24","30","22","45","45","47","32","34","50","42","40","55"],
  "ROUND36":["24","29","24","47","45","49","34","37","50","45","39","55"],
  "ROUND37":["26","31","24","47","47","51","36","39","52","45","39","57"],
  "ROUND38":["29","31","24","46","47","51","36","42","54","44","41","57"],
  "ROUND39":["31","31","26","48","47","51","38","41","56","46","44","57"],
  "ROUND40":["33","33","28","47","47","54","37","43","56","46","47","57"],
  "ROUND41":["33","35","28","49","49","56","40","42","58","48","46","60"],
  "ROUND42":["35","37","27","48","52","55","43","42","61","47","46","63"],
  "ROUND43":["35","36","29","50","52","55","43","42","64","47","46","63"],
  "ROUND44":["35","36","32","50","52","54","43","42","66","47","46","65"],
  "ROUND45":["37","35","34","52","55","54","46","41","66","47","46","67"],
  "ROUND46":["39","34","34","51","55","57","46","44","65","49","46","70"],
  "ROUND47":["38","37","33","51","58","57","48","43","65","51","49","70"],
  "ROUND48":["37","36","33","53","60","60","48","43","68","50","52","70"],
  "ROUND49":["40","38","33","53","59","60","48","42","67","53","55","72"],
  "ROUND50":["39","41","35","53","59","62","50","42","70","52","55","74"],
  "ROUND51":["39","43","34","53","59","61","50","42","73","54","58","74"],
  "ROUND52":["38","43","36","55","58","60","53","45","73","56","61","76"],
  "ROUND53":["40","43","39","57","58","60","56","44","75","58","60","76"],
  "ROUND54":["39","45","41","60","61","60","56","44","74","58","62","78"],
  "ROUND55":["42","47","43","62","60","59","58","47","74","58","61","81"],
  "ROUND56":["45","47","45","61","62","59","57","47","76","58","64","83"],
  "ROUND57":["47","47","48","63","65","59","56","49","78","57","66","85"],
  "ROUND58":["47","46","47","62","65","58","59","52","81","60","68","87"],
  "ROUND59":["49","48","47","64","67","58","61","54","81","60","68","87"],
  "ROUND60":["49","47","49","64","70","58","64","54","80","60","68","89"],
  "ROUND61":["51","50","52","64","72","57","63","56","80","60","68","91"],
  "ROUND62":["53","52","54","66","72","57","63","58","83","62","67","91"],
  "ROUND63":["53","54","56","69","72","56","66","57","85","61","70","93"],
  "ROUND64":["55","56","59","72","71","56","65","57","84","60","73","96"],
  "ROUND65":["57","55","61","74","73","56","67","60","84","62","76","95"],
  "ROUND66":["59","54","61","76","75","58","66","60","87","64","78","98"],
  "ROUND67":["61","56","63","78","77","57","69","60","86","67","78","100"],
  "ROUND68":["61","58","65","80","77","60","68","59","85","69","81","103"],
  "ROUND69":["61","60","67","82","77","59","68","61","85","69","84","103"],
  "ROUND70":["61","63","70","82","80","61","71","60","84","71","83","102"],
  "ROUND71":["60","65","72","84","83","61","71","63","84","71","82","104"],
  "ROUND72":["62","67","74","86","83","61","71","65","84","73","82","104"],
  "ROUND73":["64","67","76","86","85","63","73","65","86","75","84","104"],
  "ROUND74":["64","69","76","88","88","65","76","67","85","75","84","103"],
  "ROUND75":["67","71","76","90","87","65","76","67","87","75","84","105"],
  "ROUND76":["69","73","75","92","90","65","78","69","90","77","84","104"],
  "ROUND77":["69","73","77","94","92","68","78","71","90","76","87","103"],
  "ROUND78":["69","75","76","96","92","68","80","71","92","76","87","106"],
  "ROUND79":["69","77","76","95","95","68","79","71","95","76","87","108"],
  "ROUND80":["69","79","76","95","98","68","82","73","94","76","87","107"]
}
