{
  "ID":["0","1","2","3","4","5","6","7","8","9","10","11"],
  "ROUND1":["-1","-1","0","2","2","2","2","3","3","-1","3","0"],
  "ROUND2":["1","1","2","2","4","4","1","5","6","-1","5","2"],
  "ROUND3":["1","3","2","4","6","6","3","4","8","2","7","4"],
  "ROUND4":["1","5","1","6","6","5","5","4","10","2","10","7"],
  "ROUND5":["1","7","0","8","8","7","7","6","13","4","12","7"],
  "ROUND6":["3","7","0","10","10","9","6","5","15","7","15","9"],
  "ROUND7":["5","9","2","10","12","11","8","4","17","9","15","12"],
  "ROUND8":["4","9","4","12","11","10","8","7","20","12","18","11"],
  "ROUND9":["6","11","6","14","13","12","10","10","20","11","18","13"],
  "ROUND10":["8","13","8","13","15","14","9","12","20","14","21","13"],
  "ROUND11":["8","15","10","15","17","13","11","15","20","16","20","16"],
  "ROUND12":["8","17","9","17","19","12","13","15","20","19","23","16"],
  "ROUND13":["10","16","8","19","18","12","13","14","23","22","26","19"],
  "ROUND14":["12","16","10","21","20","14","15","16","25","22","28","21"],
  "ROUND15":["14","16","10","23","22","16","14","19","28","22","28","20"],
  "ROUND16":["13","15","10","25","21","16","14","22","31","22","31","22"],
  "ROUND17":["15","15","12","27","21","18","16","24","33","24","31","22"],
  "ROUND18":["17","15","12","29","21","20","18","26","35","26","31","24"],
  "ROUND19":["19","17","14","31","21","20","20","28","37","28","33","26"],
  "ROUND20":["18","19","14","31","20","22","20","31","37","27","36","29"],
  "ROUND21":["20","19","16","33","22","24","22","30","37","27","36","32"],
  "ROUND22":["22","21","15","35","22","23","22","32","40","30","35","35"],
  "ROUND23":["22","20","14","34","24","25","21","35","40","33","38","38"],
  "ROUND24":["24","20","16","36","26","25","23","37","40","35","40","38"],
  "ROUND25":["26","22","16","38","28","27","25","39","39","35","42","41"],
  "ROUND26":["26","24","15","40","30","29","27","41","42","35","44","43"],
  "ROUND27":["25","24","15","39","32","32","29","44","44","37","47","42"],
  "ROUND28":["27","24","14","38","32","34","31","47","47","39","49","44"],
  "ROUND29":["27","26","13","38","34","36","33","49","49","42","51","46"],
  "ROUND30":["29","28","12","37","36","38","33","51","49","45","54","48"],
  "ROUND31":["31","30","14","39","38","38","35","54","48","47","54","50"],
  "ROUND32":["33","32","16","39","38","38","35","54","50","49","54","52"],
  "ROUND33":["35","34","16","39","40","40","37","54","50","51","54","52"],
  "ROUND34":["37","33","16","39","40","39","36","57","52","54","54","55"],
  "ROUND35":["40","35","18","41","40","39","36","57","54","54","53","55"],
  "ROUND36":["42","37","20","43","39","39","36","60","54","54","53","55"],
  "ROUND37":["44","40","22","45","41","38","38","60","57","53","55","55"],
  "ROUND38":["46","39","24","47","41","38","40","63","60","55","57","54"],
  "ROUND39":["48","39","26","50","41","40","40","63","59","57","57","54"],
  "ROUND40":["47","41","28","52","43","42","42","63","62","57","57","54"],
  "ROUND41":["49","43","27","52","45","44","44","66","61","57","59","57"],
  "ROUND42":["51","45","27","52","47","46","43","66","61","60","59","57"],
  "ROUND43":["53","44","29","52","49","49","45","68","60","63","61","57"],
  "ROUND44":["53","46","31","51","51","51","45","68","60","63","61","60"],
  "ROUND45":["52","48","33","51","53","53","47","68","60","65","61","63"],
  "ROUND46":["54","50","35","51","55","53","50","71","60","64","61","62"],
  "ROUND47":["54","52","37","54","57","55","52","70","63","64","63","61"],
  "ROUND48":["56","52","39","56","59","57","54","70","65","64","63","63"],
  "ROUND49":["56","54","38","59","61","59","56","69","65","67","63","63"],
  "ROUND50":["55","56","38","61","61","58","59","72","65","66","66","63"],
  "ROUND51":["54","58","40","63","63","60","59","75","67","66","69","62"],
  "ROUND52":["54","60","42","65","65","62","61","78","69","66","68","64"],
  "ROUND53":["54","62","44","67","68","65","63","77","69","69","67","63"],
  "ROUND54":["56","61","44","67","70","67","65","80","71","71","70","62"],
  "ROUND55":["58","63","44","66","70","66","64","83","71","71","73","65"],
  "ROUND56":["60","65","44","68","72","66","63","83","71","70","76","68"],
  "ROUND57":["60","67","46","70","71","68","63","83","73","73","78","68"],
  "ROUND58":["60","66","49","72","73","70","63","83","73","72","80","71"],
  "ROUND59":["60","68","51","72","75","72","65","85","75","74","79","74"],
  "ROUND60":["60","70","53","74","77","75","67","84","75","74","81","74"],
  "ROUND61":["63","72","55","74","80","75","69","83","78","76","80","73"],
  "ROUND62":["63","74","57","76","82","77","71","85","78","76","80","75"],
  "ROUND63":["65","73","57","79","84","77","73","87","81","78","82","74"],
  "ROUND64":["67","72","60","81","86","77","75","89","80","80","85","74"],
  "ROUND65":["67","75","62","83","88","77","77","89","80","80","85","73"],
  "ROUND66":["69","78","64","83","90","77","79","91","82","79","84","76"],
  "ROUND67":["69","78","63","83","89","79","78","94","85","82","84","78"],
  "ROUND68":["71","78","65","85","92","81","80","93","84","84","87","78"],
  "ROUND69":["71","80","67","87","91","83","83","92","84","86","90","80"],
  "ROUND70":["71","82","69","86","91","82","85","95","87","86","90","82"],
  "ROUND71":["70","84","69","86","94","84","85","95","87","85","93","82"],
  "ROUND72":["70","83","68","86","96","84","87","95","89","87","96","85"],
  "ROUND73":["70","85","70","86","95","86","87","95","91","87","96","88"],
  "ROUND74":["72","85","72","88","98","88","89","95","91","87","95","90"],
  "ROUND75":["71","87","74","90","98","90","91","95","93","90","95","90"],
  "ROUND76":["74","89","76","92","100","92","93","94","96","89","95","90"],
  "ROUND77":["76","91","76","94","102","91","93","94","95","89","98","93"],
  "ROUND78":["76","94","76","96","104","91","96","93","97","88","98","95"],
  "ROUND79":["78","97","78","98","106","91","96","95","96","88","100","95"],
  "ROUND80":["80","99","77","101","108","93","96","95","95","91","99","98"]
}
