{
  "ID":["0","1","2","3","4","5","6","7","8","9","10","11"],
  "ROUND1":["-1","-1","0","2","3","3","-1","-1","2","3","3","0"],
  "ROUND2":["1","-1","3","2","3","2","1","1","1","3","6","2"],
  "ROUND3":["0","-1","6","4","5","2","1","3","0","3","9","4"],
  "ROUND4":["-1","-1","6","6","5","2","1","5","0","3","12","4"],
  "ROUND5":["1","1","8","8","7","5","1","5","0","5","12","3"],
  "ROUND6":["3","3","8","8","7","5","1","4","0","8","12","3"],
  "ROUND7":["5","2","7","11","6","5","3","7","0","11","12","3"],
  "ROUND8":["4","1","7","13","9","5","3","9","2","11","15","5"],
  "ROUND9":["3","3","10","16","9","4","6","8","4","10","15","8"],
  "ROUND10":["2","5","12","16","9","4","9","7","7","9","15","11"],
  "ROUND11":["1","4","14","18","12","4","9","9","10","12","17","10"],
  "ROUND12":["0","6","13","20","12","4","12","9","13","14","19","10"],
  "ROUND13":["0","5","16","22","15","6","12","8","13","14","22","9"],
  "ROUND14":["2","7","16","24","18","5","12","8","13","14","24","9"],
  "ROUND15":["2","9","16","26","18","7","12","8","13","17","26","8"],
  "ROUND16":["4","11","18","25","18","7","14","8","16","19","28","8"],
  "ROUND17":["6","10","18","28","18","6","14","10","19","19","31","7"],
  "ROUND18":["8","12","20","30","21","8","16","12","19","18","33","7"],
  "ROUND19":["7","14","19","30","24","7","16","15","22","20","36","6"],
  "ROUND20":["6","16","19","30","27","9","19","18","21","19","38","8"],
  "ROUND21":["8","18","22","29","26","8","22","18","21","21","41","10"],
  "ROUND22":["10","17","25","29","29","8","22","17","24","21","43","9"],
  "ROUND23":["12","16","27","32","29","7","24","16","27","23","46","9"],
  "ROUND24":["14","18","26","34","32","7","24","16","26","23","48","12"],
  "ROUND25":["14","20","26","33","31","10","26","16","29","25","48","14"],
  "ROUND26":["13","22","26","33","31","13","25","19","31","28","48","13"],
  "ROUND27":["12","24","26","35","30","15","28","22","33","31","47","13"],
  "ROUND28":["11","26","28","38","29","17","27","25","35","31","47","16"],
  "ROUND29":["13","25","28","38","29","20","29","27","37","31","47","16"],
  "ROUND30":["13","27","30","40","29","22","31","29","39","33","49","18"],
  "ROUND31":["15","29","32","39","29","22","33","31","38","35","52","21"],
  "ROUND32":["17","31","32","39","29","22","35","31","38","37","52","21"],
  "ROUND33":["19","33","34","39","31","22","35","33","40","37","52","21"],
  "ROUND34":["21","33","36","38","31","25","35","33","42","40","54","20"],
  "ROUND35":["21","36","36","38","34","24","34","33","44","42","54","20"],
  "ROUND36":["20","35","38","38","37","24","37","32","44","45","54","22"],
  "ROUND37":["19","35","41","38","40","24","36","31","47","45","54","22"],
  "ROUND38":["18","34","43","38","43","24","35","31","50","47","57","22"],
  "ROUND39":["21","33","43","37","46","27","34","31","50","50","56","22"],
  "ROUND40":["20","35","45","37","46","30","36","31","49","50","59","24"],
  "ROUND41":["23","34","45","37","45","32","39","30","52","52","62","23"],
  "ROUND42":["25","37","48","36","44","32","39","29","52","54","65","23"],
  "ROUND43":["27","40","50","39","43","32","38","28","54","56","65","26"],
  "ROUND44":["29","42","52","38","43","32","40","30","56","56","68","26"],
  "ROUND45":["28","44","52","38","43","34","40","33","56","58","70","26"],
  "ROUND46":["31","46","55","38","42","34","39","33","55","61","72","26"],
  "ROUND47":["34","48","57","40","42","33","42","33","57","61","71","26"],
  "ROUND48":["33","48","60","39","42","36","42","33","57","61","74","25"],
  "ROUND49":["35","48","60","39","44","36","41","32","60","64","74","25"],
  "ROUND50":["37","50","60","38","46","36","41","34","62","66","77","25"],
  "ROUND51":["39","52","59","41","46","36","40","37","62","69","77","24"],
  "ROUND52":["38","51","58","40","46","36","43","40","65","69","80","24"],
  "ROUND53":["40","53","61","43","45","35","43","39","67","69","82","27"],
  "ROUND54":["43","53","61","42","44","35","43","39","70","72","81","27"],
  "ROUND55":["46","52","61","45","44","38","42","41","69","72","83","27"],
  "ROUND56":["48","51","63","45","47","40","44","41","69","71","86","27"],
  "ROUND57":["50","51","63","45","46","42","44","41","72","71","86","27"],
  "ROUND58":["52","51","63","44","46","42","46","41","72","74","86","27"],
  "ROUND59":["54","53","66","44","45","45","45","41","75","74","85","27"],
  "ROUND60":["54","52","69","47","48","48","44","40","74","74","88","26"],
  "ROUND61":["54","52","68","46","51","48","47","40","77","77","87","25"],
  "ROUND62":["53","52","68","46","54","47","47","39","80","77","90","25"],
  "ROUND63":["55","52","67","45","54","46","50","41","83","77","90","28"],
  "ROUND64":["57","54","69","44","53","48","50","44","85","80","92","28"],
  "ROUND65":["59","54","72","46","55","47","53","43","88","80","94","27"],
  "ROUND66":["61","53","75","46","58","46","53","45","90","82","97","26"],
  "ROUND67":["63","55","75","46","57","46","55","45","93","84","97","26"],
  "ROUND68":["63","54","75","46","60","48","58","44","95","86","97","28"],
  "ROUND69":["62","53","78","45","63","47","61","43","98","86","97","31"],
  "ROUND70":["61","53","81","48","63","46","61","46","100","86","96","33"],
  "ROUND71":["63","55","83","48","63","49","61","46","100","88","96","32"],
  "ROUND72":["65","55","83","51","63","49","61","48","99","91","95","32"],
  "ROUND73":["64","54","82","53","65","52","61","48","101","94","98","34"],
  "ROUND74":["66","54","82","53","67","52","64","48","100","94","98","34"],
  "ROUND75":["68","57","82","55","67","52","66","47","100","96","101","33"],
  "ROUND76":["68","56","82","58","67","52","65","47","99","99","101","36"],
  "ROUND77":["70","59","84","60","67","51","64","46","102","102","103","36"],
  "ROUND78":["70","62","86","60","67","51","64","48","102","101","103","36"],
  "ROUND79":["73","65","85","60","67","54","64","47","101","101","105","38"],
  "ROUND80":["72","64","88","59","70","54","67","46","101","104","104","41"]
}
