{
  "ID":["0","1","2","3","4","5","6","7","8","9","10","11"],
  "ROUND1":["2","2","2","2","2","0","2","2","2","2","2","0"],
  "ROUND2":["1","2","2","4","1","2","4","5","4","5","4","2"],
  "ROUND3":["1","4","4","6","0","4","4","4","7","8","6","4"],
  "ROUND4":["1","4","6","8","-1","6","6","7","9","10","8","6"],
  "ROUND5":["1","3","5","10","1","5","8","7","12","12","11","9"],
  "ROUND6":["1","5","4","9","0","5","7","10","15","15","13","12"],
  "ROUND7":["3","4","6","8","0","7","6","13","18","18","13","14"],
  "ROUND8":["5","6","8","10","2","9","8","13","18","21","15","13"],
  "ROUND9":["4","8","10","12","4","11","11","16","18","20","17","13"],
  "ROUND10":["6","10","10","11","6","13","13","16","21","22","17","13"],
  "ROUND11":["8","9","12","11","8","15","16","16","23","24","17","13"],
  "ROUND12":["8","8","12","10","10","14","19","19","25","27","16","16"],
  "ROUND13":["10","10","14","12","12","14","21","18","28","29","16","18"],
  "ROUND14":["9","12","16","14","14","14","24","20","30","29","18","20"],
  "ROUND15":["11","11","16","13","14","13","27","23","32","31","21","22"],
  "ROUND16":["13","13","18","15","16","15","27","25","31","33","21","25"],
  "ROUND17":["12","13","20","14","18","17","30","28","31","32","24","27"],
  "ROUND18":["14","12","22","16","20","19","32","30","31","35","24","29"],
  "ROUND19":["13","14","24","16","22","21","35","32","31","35","24","31"],
  "ROUND20":["12","13","26","18","22","23","35","35","34","37","24","31"],
  "ROUND21":["11","12","26","20","24","25","38","38","36","37","27","30"],
  "ROUND22":["10","15","26","20","23","27","37","40","39","40","29","32"],
  "ROUND23":["9","17","25","20","23","29","40","39","42","39","32","35"],
  "ROUND24":["9","17","27","19","25","31","43","41","42","39","34","37"],
  "ROUND25":["11","19","29","18","25","33","45","44","42","41","34","37"],
  "ROUND26":["13","21","31","20","27","35","44","44","41","44","37","37"],
  "ROUND27":["15","23","33","20","29","34","46","46","44","44","39","39"],
  "ROUND28":["17","23","35","20","31","36","48","48","44","44","39","39"],
  "ROUND29":["19","25","35","22","33","38","50","50","44","46","42","38"],
  "ROUND30":["21","25","37","24","35","40","52","52","46","48","42","40"],
  "ROUND31":["21","27","39","26","35","39","54","54","46","48","44","43"],
  "ROUND32":["23","29","39","28","37","39","57","53","46","48","44","43"],
  "ROUND33":["25","31","41","28","39","38","60","53","48","48","46","43"],
  "ROUND34":["27","31","43","28","38","40","63","55","47","50","48","46"],
  "ROUND35":["27","30","45","30","40","42","63","55","47","53","48","46"],
  "ROUND36":["29","33","45","30","42","44","62","55","49","55","50","46"],
  "ROUND37":["31","35","44","30","42","47","61","55","52","54","53","46"],
  "ROUND38":["33","37","46","32","41","49","63","54","55","57","53","46"],
  "ROUND39":["35","39","48","32","43","51","62","56","55","59","55","49"],
  "ROUND40":["35","41","50","31","43","50","62","56","58","59","58","49"],
  "ROUND41":["37","40","49","31","45","50","64","59","60","59","58","52"],
  "ROUND42":["39","42","51","30","47","52","63","61","60","62","58","55"],
  "ROUND43":["41","45","54","32","49","52","63","60","60","61","58","57"],
  "ROUND44":["43","45","54","34","49","54","65","62","62","61","58","57"],
  "ROUND45":["43","45","54","36","51","56","67","62","61","61","61","57"],
  "ROUND46":["45","44","56","36","53","58","67","61","61","64","64","57"],
  "ROUND47":["47","44","55","38","52","60","70","64","63","64","66","59"],
  "ROUND48":["47","46","55","41","54","60","72","66","63","63","66","59"],
  "ROUND49":["49","48","57","43","56","62","72","66","65","65","66","59"],
  "ROUND50":["48","50","59","45","58","64","75","68","65","65","65","62"],
  "ROUND51":["48","52","59","45","60","66","77","70","67","67","67","62"],
  "ROUND52":["48","54","61","47","62","65","79","73","69","69","69","62"],
  "ROUND53":["50","54","63","46","62","65","79","73","72","69","69","62"],
  "ROUND54":["50","56","62","48","64","65","79","73","75","71","69","62"],
  "ROUND55":["52","58","62","50","64","65","81","72","74","74","72","62"],
  "ROUND56":["52","60","62","53","67","64","83","71","76","77","74","61"],
  "ROUND57":["54","60","62","52","69","66","85","74","76","77","74","61"],
  "ROUND58":["57","60","64","51","68","68","88","74","78","80","76","60"],
  "ROUND59":["56","62","66","53","71","70","87","74","78","80","76","63"],
  "ROUND60":["56","65","66","55","70","72","90","74","78","79","79","62"],
  "ROUND61":["56","67","65","57","69","74","90","74","80","82","82","62"],
  "ROUND62":["58","69","65","57","72","73","90","74","83","82","81","62"],
  "ROUND63":["61","71","68","59","72","73","92","73","82","84","81","62"],
  "ROUND64":["63","70","70","59","72","72","95","76","81","87","81","62"],
  "ROUND65":["62","72","70","61","71","72","95","76","84","90","80","65"],
  "ROUND66":["62","74","70","61","74","74","94","76","86","93","79","67"],
  "ROUND67":["64","76","73","61","76","76","93","76","86","93","79","67"],
  "ROUND68":["66","76","75","61","79","76","93","76","86","93","79","66"],
  "ROUND69":["66","78","77","63","81","76","93","76","86","96","78","66"],
  "ROUND70":["66","80","76","65","81","79","95","79","86","96","80","65"],
  "ROUND71":["65","82","75","68","80","79","98","79","88","99","83","64"],
  "ROUND72":["65","85","77","68","80","81","98","79","88","99","83","63"],
  "ROUND73":["67","87","80","68","80","81","98","79","88","99","83","62"],
  "ROUND74":["67","89","82","68","82","81","100","79","90","99","83","64"],
  "ROUND75":["70","91","82","68","82","81","99","79","90","99","85","64"],
  "ROUND76":["70","91","82","68","85","80","102","78","90","98","85","67"],
  "ROUND77":["72","93","82","68","84","82","105","77","93","97","87","70"],
  "ROUND78":["74","95","84","71","84","84","107","79","95","96","89","70"],
  "ROUND79":["76","97","87","73","84","84","106","79","94","96","91","73"],
  "ROUND80":["78","99","89","73","86","87","105","79","94","99","91","72"]
}
