{
  "ID":["0","1","2","3","4","5","6","7","8","9","10","11"],
  "ROUND1":["0","0","-1","0","1","0","0","-1","1","0","0","1"],
  "ROUND2":["-1","0","-1","0","1","1","1","1","1","1","0","1"],
  "ROUND3":["0","-1","0","0","1","-1","0","0","0","0","1","0"],
  "ROUND4":["0","0","0","0","-1","0","0","1","1","1","1","-1"],
  "ROUND5":["0","0","-1","0","1","0","1","0","1","1","1","-1"],
  "ROUND6":["0","0","0","0","1","-1","0","1","-1","1","0","0"],
  "ROUND7":["0","0","0","0","1","1","0","1","1","-1","-1","1"],
  "ROUND8":["-1","0","0","0","-1","1","1","1","0","0","0","1"],
  "ROUND9":["0","-1","-1","0","1","0","1","0","0","1","0","0"],
  "ROUND10":["0","0","0","-1","0","0","1","1","1","-1","1","0"],
  "ROUND11":["-1","-1","0","0","0","1","1","1","1","0","1","0"],
  "ROUND12":["0","0","0","-1","-1","0","1","0","0","1","0","1"],
  "ROUND13":["0","0","0","0","1","-1","1","0","0","0","0","-1"],
  "ROUND14":["-1","0","0","0","0","-1","1","1","1","0","0","0"],
  "ROUND15":["0","0","0","-1","0","0","-1","0","0","1","1","1"],
  "ROUND16":["-1","-1","0","0","0","0","0","0","1","1","1","1"],
  "ROUND17":["0","0","0","0","1","-1","1","1","1","1","1","-1"],
  "ROUND18":["0","0","0","0","0","-1","-1","0","1","1","0","1"],
  "ROUND19":["0","0","-1","0","1","1","0","0","-1","1","0","0"],
  "ROUND20":["0","0","0","0","0","1","1","-1","1","0","1","-1"],
  "ROUND21":["0","0","0","-1","0","0","1","1","0","0","1","-1"],
  "ROUND22":["0","0","-1","0","0","-1","1","1","0","0","1","1"],
  "ROUND23":["0","0","0","0","0","0","0","1","0","-1","0","-1"],
  "ROUND24":["0","0","0","0","1","0","1","1","-1","0","-1","0"],
  "ROUND25":["0","0","-1","0","0","0","0","1","0","0","-1","1"],
  "ROUND26":["0","0","0","0","0","0","0","0","-1","1","-1","0"],
  "ROUND27":["0","0","0","-1","0","1","0","1","-1","1","1","0"],
  "ROUND28":["0","0","0","0","0","1","1","-1","0","1","-1","0"],
  "ROUND29":["0","0","0","0","-1","1","-1","0","1","0","0","0"],
  "ROUND30":["0","0","0","0","0","0","1","-1","0","-1","0","1"],
  "ROUND31":["0","0","0","-1","0","-1","0","0","0","1","1","1"],
  "ROUND32":["0","0","0","0","0","0","1","-1","0","-1","1","1"],
  "ROUND33":["0","0","0","0","1","1","0","1","-1","-1","0","0"],
  "ROUND34":["0","0","0","0","0","1","0","-1","0","-1","0","1"],
  "ROUND35":["0","-1","0","0","1","-1","0","0","1","1","0","0"],
  "ROUND36":["0","0","0","0","0","-1","1","1","1","-1","0","1"],
  "ROUND37":["0","0","0","-1","0","0","1","0","-1","0","0","1"],
  "ROUND38":["0","-1","0","0","0","0","1","1","0","-1","1","0"],
  "ROUND39":["0","0","0","0","0","1","0","1","-1","-1","1","1"],
  "ROUND40":["0","0","0","0","-1","1","0","0","0","1","0","-1"],
  "ROUND41":["-1","0","0","1","0","0","0","1","1","1","-1","1"],
  "ROUND42":["0","0","0","0","0","-1","1","-1","1","1","1","1"],
  "ROUND43":["0","0","-1","0","0","0","1","1","0","1","1","-1"],
  "ROUND44":["0","0","0","0","0","1","1","-1","1","0","-1","0"],
  "ROUND45":["0","0","0","-1","1","1","0","0","0","-1","1","0"],
  "ROUND46":["0","0","0","-1","-1","1","0","1","0","1","1","1"],
  "ROUND47":["-1","0","0","0","-1","0","0","0","0","0","0","0"],
  "ROUND48":["0","0","0","0","0","0","1","1","-1","-1","0","1"],
  "ROUND49":["0","0","0","-1","1","1","-1","1","1","0","0","0"],
  "ROUND50":["0","0","0","-1","0","0","-1","1","1","0","1","0"],
  "ROUND51":["0","0","0","1","1","1","1","1","-1","-1","0","1"],
  "ROUND52":["0","0","0","0","-1","0","0","1","1","0","1","-1"],
  "ROUND53":["0","0","0","1","0","0","1","-1","0","-1","0","1"],
  "ROUND54":["0","0","-1","0","-1","1","1","1","1","1","1","0"],
  "ROUND55":["-1","0","-1","0","1","1","0","1","0","0","0","1"],
  "ROUND56":["0","0","0","0","1","1","0","-1","1","-1","1","1"],
  "ROUND57":["0","0","-1","0","0","1","0","0","1","1","-1","0"],
  "ROUND58":["0","0","0","0","0","0","1","1","-1","-1","1","0"],
  "ROUND59":["1","0","0","0","1","0","0","1","1","-1","-1","1"],
  "ROUND60":["-1","0","0","0","0","1","0","1","1","1","1","-1"],
  "ROUND61":["0","0","0","1","1","0","-1","0","1","1","1","-1"],
  "ROUND62":["0","0","0","0","1","1","1","-1","-1","0","1","1"],
  "ROUND63":["0","0","0","0","0","-1","1","0","-1","0","1","1"],
  "ROUND64":["0","0","1","1","0","-1","0","-1","1","0","0","1"],
  "ROUND65":["0","0","1","1","0","0","0","-1","1","-1","0","0"],
  "ROUND66":["1","0","1","0","0","1","-1","-1","0","0","1","1"],
  "ROUND67":["0","0","0","1","1","-1","1","0","-1","0","0","0"],
  "ROUND68":["0","0","0","0","-1","0","1","1","0","1","-1","0"],
  "ROUND69":["0","0","0","0","0","1","0","-1","1","0","-1","0"],
  "ROUND70":["0","0","0","0","-1","-1","1","1","1","0","0","1"],
  "ROUND71":["0","0","0","-1","0","-1","0","0","1","1","0","0"],
  "ROUND72":["0","0","0","-1","1","0","0","0","0","1","0","-1"],
  "ROUND73":["1","0","-1","1","0","1","-1","0","0","0","1","1"],
  "ROUND74":["0","0","0","-1","1","-1","1","1","0","1","1","1"],
  "ROUND75":["0","0","0","0","1","1","1","0","-1","0","0","-1"],
  "ROUND76":["0","0","0","0","1","1","0","0","0","0","-1","-1"],
  "ROUND77":["-1","0","1","1","1","1","0","0","0","0","0","-1"],
  "ROUND78":["0","-1","1","-1","1","1","0","0","1","0","0","0"],
  "ROUND79":["0","-1","1","0","0","-1","0","0","0","1","0","0"],
  "ROUND80":["1","0","0","-1","0","1","-1","1","1","0","1","1"]
}
