{
  "ID":["0","1","2","3","4","5","6","7","8","9","10","11"],
  "ROUND1":["0","0","-1","0","1","1","0","1","1","0","-1","0"],
  "ROUND2":["0","0","-1","0","1","0","0","1","1","-1","0","1"],
  "ROUND3":["0","-1","0","0","0","-1","1","1","0","0","1","0"],
  "ROUND4":["0","0","0","0","1","-1","1","0","0","1","0","-1"],
  "ROUND5":["-1","0","0","1","1","1","1","0","0","0","-1","0"],
  "ROUND6":["0","0","0","0","1","-1","1","1","-1","0","0","1"],
  "ROUND7":["0","0","-1","1","1","1","0","-1","0","0","0","0"],
  "ROUND8":["0","-1","0","1","0","0","0","0","0","1","-1","1"],
  "ROUND9":["0","0","0","1","0","0","-1","0","0","-1","1","1"],
  "ROUND10":["0","0","0","1","1","1","1","-1","0","0","-1","1"],
  "ROUND11":["-1","0","0","1","0","1","1","1","1","0","-1","1"],
  "ROUND12":["0","0","0","0","0","1","0","-1","-1","1","0","0"],
  "ROUND13":["-1","0","0","-1","0","0","1","0","1","0","1","1"],
  "ROUND14":["0","0","0","0","-1","-1","1","1","1","1","1","0"],
  "ROUND15":["0","-1","0","0","0","1","0","-1","1","1","1","1"],
  "ROUND16":["0","0","0","0","-1","0","1","1","1","-1","1","1"],
  "ROUND17":["0","-1","0","0","1","0","1","0","0","0","-1","0"],
  "ROUND18":["-1","0","-1","0","1","1","1","1","1","0","1","0"],
  "ROUND19":["0","-1","0","0","1","0","0","0","0","-1","1","1"],
  "ROUND20":["0","0","0","1","1","0","1","0","-1","0","0","-1"],
  "ROUND21":["0","0","-1","-1","1","1","0","1","1","0","1","0"],
  "ROUND22":["0","0","0","-1","0","0","1","0","0","1","1","-1"],
  "ROUND23":["0","-1","0","1","0","0","1","1","-1","1","0","0"],
  "ROUND24":["0","0","0","1","0","1","-1","0","1","0","1","-1"],
  "ROUND25":["1","0","0","-1","0","0","0","0","-1","1","1","0"],
  "ROUND26":["0","0","0","1","1","1","0","-1","1","0","0","-1"],
  "ROUND27":["0","0","0","1","0","1","-1","0","1","0","0","-1"],
  "ROUND28":["0","0","0","1","1","1","-1","0","-1","0","0","1"],
  "ROUND29":["0","1","0","-1","0","0","1","1","0","0","1","-1"],
  "ROUND30":["0","-1","0","1","0","-1","1","0","0","1","0","0"],
  "ROUND31":["0","1","-1","-1","1","0","1","1","1","0","0","0"],
  "ROUND32":["-1","-1","0","1","1","0","1","1","0","0","1","1"],
  "ROUND33":["0","0","0","0","0","0","1","-1","1","-1","0","0"],
  "ROUND34":["0","0","0","-1","1","0","1","1","1","0","-1","1"],
  "ROUND35":["0","0","0","0","1","1","-1","1","1","-1","1","1"],
  "ROUND36":["-1","0","0","0","1","0","0","1","1","-1","1","0"],
  "ROUND37":["0","0","0","0","1","0","1","1","0","-1","0","-1"],
  "ROUND38":["0","-1","0","0","1","1","0","1","0","0","1","-1"],
  "ROUND39":["0","0","0","1","0","1","-1","-1","1","1","1","1"],
  "ROUND40":["0","0","0","-1","1","1","0","-1","0","0","1","0"],
  "ROUND41":["0","0","0","1","-1","1","1","1","1","1","0","-1"],
  "ROUND42":["1","0","0","0","1","-1","1","0","-1","0","0","0"],
  "ROUND43":["0","0","0","0","-1","0","-1","1","0","0","1","0"],
  "ROUND44":["0","0","0","1","1","0","1","0","-1","-1","1","1"],
  "ROUND45":["0","-1","0","1","1","0","1","1","0","1","1","-1"],
  "ROUND46":["0","0","0","0","1","1","1","1","-1","-1","0","1"],
  "ROUND47":["0","0","0","1","0","1","-1","1","1","0","-1","0"],
  "ROUND48":["1","0","0","0","-1","-1","1","1","0","0","0","0"],
  "ROUND49":["0","0","-1","-1","0","1","0","0","0","0","0","0"],
  "ROUND50":["1","0","-1","0","1","-1","0","0","0","1","1","0"],
  "ROUND51":["0","1","0","-1","1","0","0","1","1","1","-1","1"],
  "ROUND52":["0","-1","0","1","1","1","1","1","-1","1","0","0"],
  "ROUND53":["0","0","0","-1","-1","0","0","0","1","0","0","0"],
  "ROUND54":["0","0","0","0","1","0","0","1","-1","1","1","-1"],
  "ROUND55":["1","-1","0","1","0","0","1","1","0","0","1","-1"],
  "ROUND56":["0","0","-1","0","0","0","-1","1","1","0","0","0"],
  "ROUND57":["0","0","0","0","1","-1","0","0","0","0","-1","0"],
  "ROUND58":["0","0","-1","0","1","1","0","0","1","-1","0","1"],
  "ROUND59":["0","-1","0","1","1","0","1","0","0","-1","1","0"],
  "ROUND60":["1","1","-1","0","1","1","0","0","1","-1","1","0"],
  "ROUND61":["0","0","0","0","-1","-1","0","1","1","0","1","0"],
  "ROUND62":["1","0","0","0","0","0","1","-1","0","-1","0","1"],
  "ROUND63":["1","-1","0","0","1","1","0","0","-1","0","0","0"],
  "ROUND64":["1","0","0","-1","-1","0","0","0","1","0","0","0"],
  "ROUND65":["-1","0","0","1","0","0","0","1","1","0","-1","1"],
  "ROUND66":["0","0","0","1","-1","-1","1","0","1","0","1","1"],
  "ROUND67":["0","0","0","1","-1","0","0","0","0","1","-1","1"],
  "ROUND68":["0","0","0","1","0","0","1","-1","-1","1","1","0"],
  "ROUND69":["1","0","0","0","0","1","1","0","-1","0","-1","0"],
  "ROUND70":["0","0","0","-1","1","0","0","0","1","0","0","-1"],
  "ROUND71":["1","0","0","-1","1","0","1","0","-1","0","1","1"],
  "ROUND72":["1","0","0","0","1","1","0","0","0","-1","-1","1"],
  "ROUND73":["0","1","0","1","0","0","0","-1","0","-1","1","0"],
  "ROUND74":["-1","0","0","0","0","0","0","-1","1","0","1","1"],
  "ROUND75":["0","1","0","1","-1","0","1","0","-1","0","0","1"],
  "ROUND76":["0","0","0","1","-1","1","0","1","1","0","-1","1"],
  "ROUND77":["1","0","0","0","1","0","0","-1","-1","1","0","1"],
  "ROUND78":["0","-1","0","0","0","0","0","1","-1","0","1","1"],
  "ROUND79":["0","1","0","1","-1","1","1","1","0","0","0","-1"],
  "ROUND80":["-1","0","0","1","1","-1","1","1","1","1","0","0"]
}
