{
  "ID":["0","1","2","3","4","5","6","7","8","9","10","11"],
  "ROUND1":["0","0","0","0","0","-1","-1","0","1","1","0","1"],
  "ROUND2":["0","0","0","0","0","-1","1","0","0","1","-1","1"],
  "ROUND3":["0","0","0","0","0","0","0","-1","0","-1","1","1"],
  "ROUND4":["0","0","0","0","0","0","-1","0","0","-1","1","0"],
  "ROUND5":["-1","-1","0","0","0","0","0","0","0","1","1","0"],
  "ROUND6":["-1","0","-1","0","0","0","0","1","1","1","0","1"],
  "ROUND7":["0","0","0","0","0","0","1","-1","1","0","0","-1"],
  "ROUND8":["0","0","-1","0","0","0","0","-1","1","0","1","1"],
  "ROUND9":["0","0","0","0","0","0","0","-1","1","0","-1","0"],
  "ROUND10":["0","0","0","0","0","-1","1","1","0","1","-1","0"],
  "ROUND11":["0","0","0","-1","0","0","0","-1","1","0","1","1"],
  "ROUND12":["0","0","0","-1","0","0","-1","0","0","1","0","0"],
  "ROUND13":["0","-1","0","0","0","0","-1","1","1","1","0","0"],
  "ROUND14":["0","0","0","0","0","0","-1","-1","0","1","1","0"],
  "ROUND15":["0","0","0","-1","0","0","0","1","1","0","0","-1"],
  "ROUND16":["0","0","0","-1","0","0","1","0","0","-1","1","0"],
  "ROUND17":["0","0","0","0","0","0","-1","0","1","-1","1","0"],
  "ROUND18":["0","0","-1","-1","0","0","1","0","1","0","1","0"],
  "ROUND19":["0","0","0","0","-1","0","0","-1","1","0","0","0"],
  "ROUND20":["0","-1","0","0","0","-1","0","0","0","1","0","0"],
  "ROUND21":["0","0","0","0","-1","0","-1","0","1","1","1","1"],
  "ROUND22":["0","-1","0","0","0","0","1","1","0","0","-1","1"],
  "ROUND23":["0","-1","0","0","-1","0","1","0","0","1","0","0"],
  "ROUND24":["0","0","0","0","0","0","0","-1","0","0","1","-1"],
  "ROUND25":["0","0","0","0","0","0","0","-1","1","-1","1","0"],
  "ROUND26":["0","0","-1","0","0","0","1","0","-1","0","0","1"],
  "ROUND27":["0","0","0","0","0","0","-1","0","0","0","-1","0"],
  "ROUND28":["0","0","0","0","0","-1","0","0","1","0","-1","0"],
  "ROUND29":["-1","-1","0","0","0","0","0","0","1","1","1","0"],
  "ROUND30":["0","-1","0","0","0","0","1","0","1","-1","0","1"],
  "ROUND31":["-1","0","0","0","0","-1","1","1","1","1","1","1"],
  "ROUND32":["0","0","-1","0","0","-1","1","0","1","1","1","0"],
  "ROUND33":["0","0","0","0","0","-1","1","0","0","1","-1","0"],
  "ROUND34":["0","0","-1","0","0","0","1","1","1","1","1","-1"],
  "ROUND35":["0","-1","0","0","0","0","-1","1","1","0","0","0"],
  "ROUND36":["0","0","0","-1","0","0","1","1","-1","1","0","1"],
  "ROUND37":["0","-1","-1","0","0","0","0","1","0","0","1","1"],
  "ROUND38":["0","0","0","0","0","0","-1","-1","1","0","1","0"],
  "ROUND39":["0","0","0","0","0","1","0","-1","0","0","1","-1"],
  "ROUND40":["0","0","0","0","0","-1","0","-1","0","1","1","0"],
  "ROUND41":["-1","0","0","0","0","0","0","0","-1","0","0","0"],
  "ROUND42":["-1","0","0","0","0","1","0","1","-1","1","1","1"],
  "ROUND43":["0","0","-1","0","0","0","0","0","1","-1","1","0"],
  "ROUND44":["0","0","-1","0","0","0","0","1","0","0","0","-1"],
  "ROUND45":["-1","-1","0","0","0","0","1","1","0","1","1","1"],
  "ROUND46":["0","-1","0","0","0","0","0","-1","0","0","1","0"],
  "ROUND47":["0","0","0","-1","0","0","0","1","1","-1","0","0"],
  "ROUND48":["0","0","-1","0","0","1","1","1","0","-1","0","1"],
  "ROUND49":["0","0","0","0","0","0","-1","1","1","-1","0","1"],
  "ROUND50":["0","0","0","0","0","0","-1","1","0","1","-1","1"],
  "ROUND51":["0","0","0","0","0","0","0","1","1","-1","1","-1"],
  "ROUND52":["0","1","0","0","0","-1","1","1","1","-1","0","1"],
  "ROUND53":["0","-1","-1","0","0","1","1","1","0","0","0","1"],
  "ROUND54":["0","1","0","0","0","-1","0","1","0","-1","0","0"],
  "ROUND55":["0","0","0","0","0","-1","1","0","1","-1","1","0"],
  "ROUND56":["0","1","0","-1","0","0","1","0","1","-1","0","1"],
  "ROUND57":["0","0","0","0","-1","0","1","0","0","-1","1","0"],
  "ROUND58":["0","0","0","0","0","0","0","1","1","1","-1","-1"],
  "ROUND59":["0","0","0","0","0","1","0","1","-1","0","1","-1"],
  "ROUND60":["0","0","0","0","0","0","0","-1","-1","1","0","1"],
  "ROUND61":["0","0","0","0","-1","0","-1","1","0","1","0","0"],
  "ROUND62":["0","0","-1","0","-1","0","0","0","0","0","1","0"],
  "ROUND63":["0","0","-1","0","0","0","0","0","1","-1","1","1"],
  "ROUND64":["0","0","0","0","0","-1","0","1","1","0","-1","0"],
  "ROUND65":["-1","0","0","-1","1","0","0","0","1","0","0","0"],
  "ROUND66":["-1","0","0","0","0","0","1","-1","1","1","0","0"],
  "ROUND67":["0","0","0","0","0","0","1","-1","0","1","0","-1"],
  "ROUND68":["0","0","-1","0","0","0","0","0","1","1","-1","0"],
  "ROUND69":["0","0","0","-1","0","0","0","0","0","1","-1","0"],
  "ROUND70":["0","-1","0","-1","0","0","0","1","0","1","0","0"],
  "ROUND71":["0","0","0","-1","0","1","-1","1","0","1","1","0"],
  "ROUND72":["0","1","0","0","0","0","0","1","0","-1","0","-1"],
  "ROUND73":["-1","0","0","0","1","-1","0","1","0","0","0","1"],
  "ROUND74":["0","0","0","0","0","-1","0","0","0","1","1","-1"],
  "ROUND75":["-1","0","0","0","0","0","0","0","1","-1","1","1"],
  "ROUND76":["0","0","0","0","1","0","1","-1","1","0","0","-1"],
  "ROUND77":["0","1","-1","-1","1","0","1","0","1","0","0","1"],
  "ROUND78":["0","0","-1","0","-1","0","1","0","0","1","0","0"],
  "ROUND79":["0","0","0","0","0","0","0","-1","1","1","-1","0"],
  "ROUND80":["0","0","0","-1","0","1","1","-1","0","1","0","0"]
}
