{
  "ID":["0","1","2","3","4","5","6","7","8","9","10","11"],
  "ROUND1":["-1","0","0","0","0","0","0","-1","0","1","1","1"],
  "ROUND2":["-1","0","0","0","0","0","0","0","0","1","1","-1"],
  "ROUND3":["0","0","-1","0","-1","0","0","0","1","0","0","1"],
  "ROUND4":["0","0","0","-1","0","0","0","-1","1","0","0","0"],
  "ROUND5":["0","0","0","0","0","-1","0","-1","1","0","1","0"],
  "ROUND6":["0","0","0","0","0","0","-1","0","0","1","-1","0"],
  "ROUND7":["0","0","-1","0","-1","0","0","0","0","1","1","1"],
  "ROUND8":["0","0","-1","-1","0","0","0","0","1","1","0","0"],
  "ROUND9":["0","0","0","0","0","0","0","0","1","-1","0","-1"],
  "ROUND10":["0","0","0","0","0","0","0","0","0","-1","-1","0"],
  "ROUND11":["0","0","0","-1","0","0","0","0","0","0","-1","0"],
  "ROUND12":["0","0","0","0","0","-1","-1","0","0","0","1","1"],
  "ROUND13":["0","0","0","0","0","0","0","0","1","-1","1","-1"],
  "ROUND14":["-1","-1","0","0","0","0","0","0","0","0","1","1"],
  "ROUND15":["0","0","-1","0","0","0","0","0","-1","0","0","0"],
  "ROUND16":["0","0","-1","0","0","0","0","0","-1","1","1","1"],
  "ROUND17":["0","0","0","0","0","0","0","0","-1","-1","1","1"],
  "ROUND18":["0","0","0","-1","0","-1","0","0","1","0","1","0"],
  "ROUND19":["0","-1","0","0","0","0","0","-1","0","1","0","0"],
  "ROUND20":["0","0","0","0","0","0","0","0","1","-1","1","-1"],
  "ROUND21":["0","0","-1","0","-1","0","0","0","1","0","1","0"],
  "ROUND22":["0","-1","0","0","0","0","0","0","1","-1","1","0"],
  "ROUND23":["0","0","-1","0","0","0","0","0","0","0","-1","0"],
  "ROUND24":["0","-1","0","0","0","0","0","-1","1","0","1","1"],
  "ROUND25":["0","0","0","0","0","0","0","-1","1","1","0","-1"],
  "ROUND26":["-1","-1","0","0","0","0","0","0","1","0","1","0"],
  "ROUND27":["0","0","0","-1","0","0","0","0","1","1","0","-1"],
  "ROUND28":["0","0","0","0","0","0","0","0","1","-1","1","-1"],
  "ROUND29":["-1","0","0","0","0","0","-1","0","1","1","1","1"],
  "ROUND30":["0","0","0","-1","0","0","0","0","1","0","1","-1"],
  "ROUND31":["0","0","0","0","0","0","0","-1","-1","0","1","0"],
  "ROUND32":["0","0","0","-1","0","-1","0","0","0","0","0","1"],
  "ROUND33":["0","0","-1","0","0","0","0","1","0","0","-1","0"],
  "ROUND34":["0","-1","0","0","0","0","-1","0","1","1","1","0"],
  "ROUND35":["-1","0","0","0","0","0","0","0","-1","0","1","0"],
  "ROUND36":["0","-1","0","0","-1","0","0","0","0","1","0","0"],
  "ROUND37":["0","0","-1","0","0","0","-1","0","1","0","0","1"],
  "ROUND38":["0","0","0","0","0","0","-1","0","-1","0","0","1"],
  "ROUND39":["0","-1","0","0","0","0","0","0","0","0","1","-1"],
  "ROUND40":["0","0","0","0","-1","0","0","0","1","0","1","-1"],
  "ROUND41":["0","0","0","0","0","-1","-1","0","1","1","1","0"],
  "ROUND42":["0","0","0","0","0","-1","0","0","0","-1","1","1"],
  "ROUND43":["0","0","0","0","-1","0","0","-1","1","1","0","1"],
  "ROUND44":["0","0","0","0","0","0","0","-1","0","0","0","-1"],
  "ROUND45":["0","0","0","0","0","0","0","0","-1","0","-1","1"],
  "ROUND46":["0","0","0","0","0","-1","0","1","0","0","1","-1"],
  "ROUND47":["0","0","0","-1","0","0","-1","0","1","1","1","1"],
  "ROUND48":["0","0","0","0","-1","0","-1","0","0","1","1","0"],
  "ROUND49":["0","0","0","0","0","-1","0","0","0","1","0","-1"],
  "ROUND50":["0","0","-1","0","-1","0","0","0","1","0","0","0"],
  "ROUND51":["0","0","0","0","0","0","0","0","-1","-1","0","0"],
  "ROUND52":["0","0","0","0","0","0","0","1","1","-1","0","-1"],
  "ROUND53":["0","0","-1","-1","0","0","1","0","1","0","1","0"],
  "ROUND54":["0","0","0","0","1","0","-1","0","0","0","-1","0"],
  "ROUND55":["0","0","0","0","0","0","-1","0","-1","0","0","0"],
  "ROUND56":["0","0","0","0","0","0","0","0","-1","0","1","-1"],
  "ROUND57":["0","-1","0","0","0","-1","0","0","0","0","1","0"],
  "ROUND58":["0","0","0","-1","1","0","0","0","1","-1","0","0"],
  "ROUND59":["0","-1","0","0","0","0","0","1","1","1","1","-1"],
  "ROUND60":["0","0","0","0","-1","0","-1","1","0","1","1","1"],
  "ROUND61":["0","0","-1","-1","0","0","0","0","0","1","0","1"],
  "ROUND62":["0","0","-1","0","-1","0","0","0","0","0","0","0"],
  "ROUND63":["0","0","0","0","-1","0","0","0","-1","0","0","0"],
  "ROUND64":["0","0","-1","0","0","0","0","1","1","-1","0","0"],
  "ROUND65":["-1","0","0","0","0","0","0","0","1","-1","1","0"],
  "ROUND66":["-1","0","0","0","0","0","0","-1","0","0","1","0"],
  "ROUND67":["0","0","0","-1","-1","0","0","0","1","1","0","0"],
  "ROUND68":["0","0","0","0","-1","0","0","1","-1","0","1","1"],
  "ROUND69":["-1","0","0","0","0","0","-1","0","0","1","1","1"],
  "ROUND70":["0","0","-1","0","0","0","0","0","1","0","-1","1"],
  "ROUND71":["0","-1","0","0","0","-1","0","0","0","0","0","1"],
  "ROUND72":["0","0","-1","0","0","0","-1","0","0","0","1","0"],
  "ROUND73":["0","0","0","0","0","0","0","0","-1","1","0","-1"],
  "ROUND74":["0","0","0","0","0","0","0","-1","0","-1","0","1"],
  "ROUND75":["0","0","0","0","0","0","0","0","0","-1","-1","1"],
  "ROUND76":["0","0","-1","0","0","0","0","1","0","-1","1","0"],
  "ROUND77":["-1","0","0","0","0","0","0","0","1","1","1","-1"],
  "ROUND78":["-1","0","0","0","0","0","-1","0","1","1","0","1"],
  "ROUND79":["-1","1","0","-1","1","0","0","0","0","0","0","1"],
  "ROUND80":["0","1","0","0","-1","0","0","1","1","0","0","-1"]
}
