{
  "ID":["0","1","2","3","4","5","6","7","8","9","10","11"],
  "ROUND1":["0","0","0","0","0","0","0","1","1","1","-1","-1"],
  "ROUND2":["0","0","0","-1","1","-1","0","0","0","1","0","0"],
  "ROUND3":["0","0","0","-1","0","1","0","1","0","-1","0","0"],
  "ROUND4":["0","0","0","1","0","0","1","-1","1","-1","0","0"],
  "ROUND5":["0","0","1","1","0","0","0","-1","-1","0","0","0"],
  "ROUND6":["0","0","1","1","0","1","1","0","-1","-1","0","1"],
  "ROUND7":["-1","0","1","0","0","1","1","1","-1","0","0","0"],
  "ROUND8":["0","0","0","0","0","1","1","0","-1","-1","0","1"],
  "ROUND9":["0","0","1","0","1","-1","-1","0","0","0","0","1"],
  "ROUND10":["0","0","-1","0","1","1","0","-1","1","1","0","1"],
  "ROUND11":["0","-1","0","1","0","-1","0","1","0","1","1","1"],
  "ROUND12":["0","0","0","1","0","-1","1","1","-1","1","0","1"],
  "ROUND13":["0","0","0","1","1","1","1","-1","0","0","-1","0"],
  "ROUND14":["0","0","1","1","0","-1","1","0","1","1","0","-1"],
  "ROUND15":["-1","0","1","1","-1","0","0","0","0","0","1","1"],
  "ROUND16":["0","0","1","0","1","1","0","-1","0","-1","0","1"],
  "ROUND17":["0","0","-1","1","0","0","1","-1","0","0","1","1"],
  "ROUND18":["0","0","0","1","1","0","-1","0","1","-1","1","0"],
  "ROUND19":["0","-1","0","1","1","1","1","0","-1","0","1","1"],
  "ROUND20":["0","0","0","1","0","1","-1","-1","1","1","1","1"],
  "ROUND21":["0","-1","0","0","0","1","1","0","0","0","-1","1"],
  "ROUND22":["0","0","1","-1","0","-1","0","0","0","0","1","0"],
  "ROUND23":["0","0","-1","0","-1","0","1","0","0","0","0","1"],
  "ROUND24":["0","0","0","1","0","-1","0","1","-1","0","1","1"],
  "ROUND25":["0","0","1","1","-1","1","-1","0","1","0","0","0"],
  "ROUND26":["0","0","0","1","1","1","0","0","1","-1","1","-1"],
  "ROUND27":["-1","0","1","0","1","1","1","1","0","-1","0","0"],
  "ROUND28":["0","0","0","-1","1","1","1","1","0","0","0","-1"],
  "ROUND29":["0","-1","1","1","1","1","1","1","1","0","-1","0"],
  "ROUND30":["0","0","1","1","1","0","1","-1","0","1","-1","0"],
  "ROUND31":["0","0","0","0","1","-1","-1","1","1","0","0","1"],
  "ROUND32":["0","0","1","1","0","0","1","0","-1","0","0","-1"],
  "ROUND33":["0","-1","0","0","0","0","0","0","1","-1","1","0"],
  "ROUND34":["0","-1","1","-1","0","0","1","1","0","0","1","0"],
  "ROUND35":["0","0","1","1","-1","0","0","-1","1","0","0","1"],
  "ROUND36":["0","-1","1","0","0","0","0","1","0","-1","1","1"],
  "ROUND37":["0","0","0","1","0","1","-1","0","1","-1","0","0"],
  "ROUND38":["0","-1","1","1","0","1","1","-1","1","1","1","0"],
  "ROUND39":["0","-1","1","1","-1","0","1","1","1","1","1","1"],
  "ROUND40":["-1","0","0","0","1","1","1","-1","0","0","1","0"],
  "ROUND41":["-1","0","-1","0","0","0","1","0","1","1","1","1"],
  "ROUND42":["0","0","0","1","0","-1","0","1","1","-1","1","1"],
  "ROUND43":["-1","-1","1","1","0","1","0","1","0","1","1","1"],
  "ROUND44":["0","0","0","0","0","-1","1","-1","0","0","1","1"],
  "ROUND45":["0","-1","1","1","1","1","1","1","0","-1","1","1"],
  "ROUND46":["0","0","1","1","1","0","0","0","0","-1","1","-1"],
  "ROUND47":["-1","0","1","1","1","0","1","-1","1","1","1","0"],
  "ROUND48":["0","0","1","0","-1","0","1","1","0","-1","1","0"],
  "ROUND49":["0","0","1","1","1","-1","-1","0","0","1","0","1"],
  "ROUND50":["0","0","1","1","1","-1","0","0","1","0","1","-1"],
  "ROUND51":["-1","0","0","0","1","1","1","1","0","0","1","-1"],
  "ROUND52":["0","-1","-1","0","0","1","0","1","0","1","0","0"],
  "ROUND53":["0","-1","-1","1","1","0","0","1","1","1","1","1"],
  "ROUND54":["-1","0","1","0","0","1","0","0","-1","1","1","1"],
  "ROUND55":["0","-1","0","-1","0","0","1","1","1","1","1","0"],
  "ROUND56":["-1","0","0","0","0","0","1","1","1","1","-1","1"],
  "ROUND57":["-1","0","1","0","0","-1","0","0","1","0","1","0"],
  "ROUND58":["0","0","0","0","1","0","1","-1","0","1","0","-1"],
  "ROUND59":["0","0","-1","0","0","0","-1","0","1","1","0","1"],
  "ROUND60":["-1","0","0","0","0","0","1","0","1","1","0","-1"],
  "ROUND61":["0","0","-1","1","-1","0","1","0","1","0","0","1"],
  "ROUND62":["0","0","0","1","0","0","-1","0","-1","1","0","0"],
  "ROUND63":["0","0","1","1","1","1","1","0","1","1","-1","-1"],
  "ROUND64":["1","0","-1","0","1","0","1","0","-1","0","1","0"],
  "ROUND65":["-1","0","0","0","1","1","0","1","0","0","-1","1"],
  "ROUND66":["1","-1","1","0","1","1","0","1","1","-1","0","1"],
  "ROUND67":["0","-1","1","0","0","0","-1","0","1","0","1","0"],
  "ROUND68":["-1","0","1","1","0","0","1","0","-1","1","0","1"],
  "ROUND69":["-1","-1","0","1","1","0","0","0","0","0","1","0"],
  "ROUND70":["0","0","0","-1","0","0","1","0","1","1","1","-1"],
  "ROUND71":["0","0","1","1","-1","0","0","1","0","0","-1","1"],
  "ROUND72":["0","0","-1","1","0","0","-1","0","0","0","0","1"],
  "ROUND73":["0","-1","1","0","1","0","-1","1","1","0","1","1"],
  "ROUND74":["0","1","0","0","1","0","1","-1","-1","1","1","0"],
  "ROUND75":["0","-1","1","0","1","1","-1","0","0","1","1","1"],
  "ROUND76":["0","-1","0","-1","1","0","0","0","0","1","1","0"],
  "ROUND77":["0","0","1","1","-1","0","1","-1","0","0","0","0"],
  "ROUND78":["0","0","-1","1","0","1","1","0","1","1","-1","0"],
  "ROUND79":["0","0","0","0","-1","0","0","0","1","0","0","-1"],
  "ROUND80":["1","0","0","-1","0","0","-1","0","1","0","1","1"]
}
