{
  "ID":["0","1","2","3","4","5","6","7","8","9","10","11"],
  "ROUND1":["-1","0","0","-1","0","0","0","0","1","1","0","0"],
  "ROUND2":["0","0","-1","0","0","0","0","-1","1","0","0","1"],
  "ROUND3":["0","0","0","0","0","0","0","1","-1","-1","0","0"],
  "ROUND4":["0","0","0","0","-1","0","0","0","1","1","-1","1"],
  "ROUND5":["0","0","0","0","0","0","0","0","-1","0","1","-1"],
  "ROUND6":["0","0","0","0","0","0","0","0","0","-1","-1","1"],
  "ROUND7":["-1","0","0","0","0","0","0","0","0","-1","0","0"],
  "ROUND8":["0","0","0","0","0","0","-1","1","1","1","-1","0"],
  "ROUND9":["0","0","0","0","0","0","0","0","0","-1","0","-1"],
  "ROUND10":["0","-1","0","0","0","0","-1","0","1","1","1","0"],
  "ROUND11":["0","0","0","-1","0","0","0","1","-1","0","0","0"],
  "ROUND12":["0","0","-1","0","0","0","0","-1","1","1","0","0"],
  "ROUND13":["0","0","0","-1","0","0","0","1","1","-1","1","0"],
  "ROUND14":["0","0","0","0","0","-1","0","1","0","-1","1","1"],
  "ROUND15":["0","-1","0","0","0","0","-1","1","1","0","0","0"],
  "ROUND16":["0","0","0","-1","0","0","0","0","-1","0","0","1"],
  "ROUND17":["0","0","0","0","-1","0","0","1","1","0","-1","1"],
  "ROUND18":["0","0","0","0","0","-1","0","0","1","0","-1","0"],
  "ROUND19":["0","-1","0","0","-1","0","0","0","1","1","0","0"],
  "ROUND20":["-1","-1","0","0","0","0","0","0","0","1","0","1"],
  "ROUND21":["0","-1","0","0","0","0","0","0","1","0","1","-1"],
  "ROUND22":["0","0","0","0","0","0","-1","0","-1","1","0","1"],
  "ROUND23":["0","0","0","0","-1","0","0","1","0","0","-1","1"],
  "ROUND24":["-1","-1","0","0","0","0","0","1","1","1","0","0"],
  "ROUND25":["-1","0","0","0","0","0","0","-1","0","0","0","1"],
  "ROUND26":["-1","0","0","0","0","0","0","1","-1","1","1","1"],
  "ROUND27":["0","0","0","-1","-1","0","0","1","0","1","0","0"],
  "ROUND28":["0","-1","0","0","0","-1","0","1","1","1","1","1"],
  "ROUND29":["0","0","0","0","-1","-1","0","0","0","0","1","1"],
  "ROUND30":["0","0","-1","0","0","0","0","0","1","0","0","-1"],
  "ROUND31":["0","0","0","0","0","-1","0","-1","1","1","1","0"],
  "ROUND32":["0","0","0","0","0","0","-1","-1","1","0","1","1"],
  "ROUND33":["0","-1","0","0","0","0","-1","0","0","0","1","0"],
  "ROUND34":["0","0","0","0","0","0","0","1","0","0","-1","-1"],
  "ROUND35":["0","0","0","0","0","0","0","1","1","0","-1","-1"],
  "ROUND36":["0","0","0","0","0","0","0","-1","1","1","-1","0"],
  "ROUND37":["0","0","0","-1","0","0","-1","0","0","0","1","0"],
  "ROUND38":["0","0","0","0","0","0","0","-1","0","1","-1","0"],
  "ROUND39":["0","-1","0","0","0","0","0","-1","1","1","0","0"],
  "ROUND40":["-1","0","0","0","0","0","0","-1","0","0","1","0"],
  "ROUND41":["0","0","0","0","-1","0","0","-1","0","0","1","1"],
  "ROUND42":["-1","0","0","0","-1","0","0","1","0","0","1","1"],
  "ROUND43":["0","0","0","0","0","0","-1","0","-1","1","0","0"],
  "ROUND44":["0","0","0","-1","0","1","0","0","1","1","-1","1"],
  "ROUND45":["0","0","-1","0","0","-1","0","1","1","1","0","0"],
  "ROUND46":["0","0","-1","0","0","0","0","0","1","0","-1","1"],
  "ROUND47":["0","0","0","0","0","0","-1","1","-1","1","1","1"],
  "ROUND48":["-1","0","0","0","0","0","0","0","0","-1","1","0"],
  "ROUND49":["0","0","-1","0","0","-1","0","0","1","1","1","1"],
  "ROUND50":["0","0","0","0","0","0","1","-1","1","1","0","-1"],
  "ROUND51":["0","-1","0","0","0","0","1","0","0","-1","0","0"],
  "ROUND52":["0","0","0","1","0","0","1","0","-1","1","0","-1"],
  "ROUND53":["-1","0","0","0","0","-1","0","0","1","1","0","1"],
  "ROUND54":["-1","0","0","0","0","0","0","1","0","1","1","-1"],
  "ROUND55":["0","1","-1","0","0","0","-1","0","1","0","1","0"],
  "ROUND56":["0","-1","0","0","0","0","-1","1","0","1","1","1"],
  "ROUND57":["0","0","0","0","-1","0","0","0","0","-1","1","1"],
  "ROUND58":["0","-1","0","0","0","0","0","-1","1","0","0","1"],
  "ROUND59":["0","0","0","0","0","0","0","-1","1","0","1","-1"],
  "ROUND60":["0","0","0","0","0","0","0","-1","0","1","1","-1"],
  "ROUND61":["0","0","0","0","0","-1","0","1","0","-1","1","0"],
  "ROUND62":["0","0","-1","0","0","0","0","-1","0","1","0","1"],
  "ROUND63":["-1","-1","0","0","0","0","0","0","0","0","0","0"],
  "ROUND64":["-1","0","0","0","0","0","1","0","0","1","0","-1"],
  "ROUND65":["0","-1","0","0","0","0","-1","0","1","0","0","1"],
  "ROUND66":["-1","0","0","0","0","-1","0","1","1","1","1","0"],
  "ROUND67":["0","-1","0","0","0","0","0","0","1","1","-1","1"],
  "ROUND68":["0","0","0","0","1","-1","0","1","0","0","-1","0"],
  "ROUND69":["0","-1","0","1","0","0","1","1","1","1","-1","1"],
  "ROUND70":["0","0","-1","0","0","0","0","1","0","0","-1","1"],
  "ROUND71":["0","0","0","1","-1","0","0","0","1","-1","0","0"],
  "ROUND72":["0","0","-1","0","0","0","0","0","0","-1","0","0"],
  "ROUND73":["0","1","0","0","-1","1","1","-1","0","1","0","0"],
  "ROUND74":["0","1","0","0","-1","1","0","1","0","1","1","-1"],
  "ROUND75":["0","-1","0","0","0","0","0","1","1","1","-1","0"],
  "ROUND76":["0","0","0","-1","0","-1","0","1","1","0","1","0"],
  "ROUND77":["0","-1","0","-1","0","1","0","0","0","1","1","0"],
  "ROUND78":["0","0","0","0","0","0","1","-1","-1","0","1","0"],
  "ROUND79":["1","0","0","0","0","0","0","1","0","1","-1","-1"],
  "ROUND80":["0","0","0","-1","0","1","-1","1","1","1","1","0"]
}
