{
  "ID":["0","1","2","3","4","5","6","7","8","9","10","11"],
  "ROUND1":["-1","0","0","-1","0","0","0","0","0","0","0","1"],
  "ROUND2":["0","0","0","0","0","0","0","-1","0","0","-1","0"],
  "ROUND3":["-1","0","0","0","0","0","0","0","-1","0","1","0"],
  "ROUND4":["0","-1","0","0","-1","0","0","0","0","0","0","0"],
  "ROUND5":["0","-1","-1","0","0","0","0","0","0","1","0","1"],
  "ROUND6":["0","0","0","0","0","0","0","-1","-1","1","1","0"],
  "ROUND7":["0","0","-1","0","0","-1","0","0","0","1","1","1"],
  "ROUND8":["0","0","0","-1","0","0","0","0","0","-1","0","0"],
  "ROUND9":["0","-1","0","0","0","0","-1","0","0","0","0","1"],
  "ROUND10":["0","0","-1","0","0","0","0","0","0","-1","0","1"],
  "ROUND11":["0","-1","0","0","0","0","-1","0","0","0","0","1"],
  "ROUND12":["-1","0","0","0","0","0","0","0","0","1","-1","1"],
  "ROUND13":["-1","0","0","0","0","0","-1","0","0","0","1","1"],
  "ROUND14":["0","0","0","-1","0","0","-1","0","0","1","0","0"],
  "ROUND15":["0","0","0","-1","0","-1","0","0","0","0","1","1"],
  "ROUND16":["-1","-1","0","0","0","0","0","0","0","1","0","0"],
  "ROUND17":["0","0","0","0","-1","0","0","0","0","1","-1","1"],
  "ROUND18":["-1","0","-1","0","0","0","0","0","0","0","1","0"],
  "ROUND19":["0","0","0","0","-1","0","0","-1","0","0","1","1"],
  "ROUND20":["-1","0","0","0","0","0","0","0","0","1","-1","0"],
  "ROUND21":["0","0","0","0","0","-1","0","0","0","0","-1","1"],
  "ROUND22":["0","-1","0","0","0","0","0","0","0","1","1","-1"],
  "ROUND23":["0","-1","0","0","0","0","-1","0","0","1","1","0"],
  "ROUND24":["-1","0","0","-1","0","0","0","0","0","1","1","1"],
  "ROUND25":["0","0","0","-1","0","0","-1","0","0","1","1","0"],
  "ROUND26":["0","0","0","0","0","0","0","-1","0","0","0","-1"],
  "ROUND27":["-1","0","0","0","0","0","0","0","0","0","0","-1"],
  "ROUND28":["0","0","0","0","0","-1","0","0","0","1","-1","0"],
  "ROUND29":["0","0","0","0","-1","0","0","0","0","-1","0","1"],
  "ROUND30":["0","0","-1","0","0","-1","0","0","0","0","1","0"],
  "ROUND31":["0","0","-1","-1","0","0","0","0","0","1","0","0"],
  "ROUND32":["0","0","0","0","-1","0","0","0","0","0","-1","1"],
  "ROUND33":["0","0","0","0","-1","0","-1","0","0","1","1","1"],
  "ROUND34":["0","0","-1","0","0","0","0","-1","0","0","0","0"],
  "ROUND35":["-1","0","0","0","0","0","0","-1","0","0","1","1"],
  "ROUND36":["0","-1","0","0","-1","0","0","0","0","1","0","1"],
  "ROUND37":["0","0","1","0","0","-1","0","-1","0","0","0","1"],
  "ROUND38":["-1","-1","0","0","0","0","0","0","0","1","0","0"],
  "ROUND39":["0","0","0","0","0","0","-1","0","0","-1","1","0"],
  "ROUND40":["0","-1","0","0","-1","0","0","0","0","1","1","0"],
  "ROUND41":["0","-1","1","0","0","-1","0","0","0","0","0","0"],
  "ROUND42":["0","0","-1","0","0","0","-1","0","0","0","1","0"],
  "ROUND43":["0","0","0","0","-1","0","0","0","0","-1","0","0"],
  "ROUND44":["0","0","0","0","0","0","0","-1","0","0","0","-1"],
  "ROUND45":["0","0","0","0","0","0","0","0","-1","-1","1","1"],
  "ROUND46":["-1","-1","0","0","0","0","0","0","0","0","1","0"],
  "ROUND47":["0","0","0","0","-1","0","0","0","-1","0","0","1"],
  "ROUND48":["0","0","0","0","-1","0","0","0","0","-1","0","0"],
  "ROUND49":["0","0","0","0","0","0","0","0","0","0","-1","-1"],
  "ROUND50":["0","0","0","0","0","-1","0","0","0","1","1","-1"],
  "ROUND51":["0","0","0","-1","0","0","0","0","-1","0","0","0"],
  "ROUND52":["0","0","0","0","-1","0","0","-1","0","0","1","1"],
  "ROUND53":["0","0","0","0","0","-1","0","0","0","1","1","-1"],
  "ROUND54":["0","0","0","-1","0","-1","0","0","1","1","1","1"],
  "ROUND55":["0","0","0","-1","0","0","-1","0","1","0","0","1"],
  "ROUND56":["-1","0","0","0","0","0","0","0","0","1","-1","0"],
  "ROUND57":["0","0","1","0","-1","-1","0","0","0","0","1","0"],
  "ROUND58":["0","0","1","0","0","-1","0","0","0","0","-1","1"],
  "ROUND59":["0","0","0","0","0","0","0","-1","0","-1","1","1"],
  "ROUND60":["0","0","-1","0","0","0","0","0","0","-1","0","1"],
  "ROUND61":["0","-1","0","0","0","-1","0","0","0","1","0","1"],
  "ROUND62":["0","0","0","0","0","0","0","0","-1","0","-1","0"],
  "ROUND63":["0","0","0","0","0","0","0","0","-1","1","1","-1"],
  "ROUND64":["-1","0","0","-1","1","0","0","0","0","0","1","0"],
  "ROUND65":["0","0","1","0","-1","0","0","0","-1","0","0","0"],
  "ROUND66":["-1","0","0","0","0","1","-1","0","0","1","0","0"],
  "ROUND67":["0","0","-1","0","0","0","0","-1","0","1","0","0"],
  "ROUND68":["0","0","0","-1","-1","0","0","0","0","0","1","0"],
  "ROUND69":["0","0","0","0","0","0","-1","-1","0","1","0","0"],
  "ROUND70":["0","0","0","0","0","0","0","0","0","-1","-1","0"],
  "ROUND71":["0","0","0","0","1","0","-1","0","-1","0","1","0"],
  "ROUND72":["0","0","0","0","0","-1","0","-1","0","0","0","1"],
  "ROUND73":["0","0","0","0","-1","0","0","0","-1","0","1","1"],
  "ROUND74":["0","0","0","0","0","0","0","0","0","-1","0","-1"],
  "ROUND75":["0","-1","0","0","0","-1","0","0","1","0","0","1"],
  "ROUND76":["0","-1","0","-1","0","0","0","0","0","0","1","1"],
  "ROUND77":["0","0","0","0","0","0","0","-1","0","0","1","-1"],
  "ROUND78":["0","0","0","0","0","0","0","-1","0","0","-1","1"],
  "ROUND79":["0","0","1","-1","0","0","0","0","0","-1","0","1"],
  "ROUND80":["0","0","1","-1","0","0","0","0","0","-1","0","0"]
}
