{
  "ID":["0","1","2","3","4","5","6","7","8","9","10","11"],
  "ROUND1":["0","2","2","0","2","2","2","-1","3","3","2","-1"],
  "ROUND2":["2","4","2","2","1","4","4","-1","6","5","1","2"],
  "ROUND3":["4","3","4","4","3","6","6","2","6","5","3","4"],
  "ROUND4":["6","5","6","6","3","8","8","1","6","8","3","4"],
  "ROUND5":["8","7","8","8","5","10","10","0","6","10","6","4"],
  "ROUND6":["10","9","10","7","7","12","12","2","8","10","6","7"],
  "ROUND7":["10","11","12","9","9","14","14","4","10","10","8","9"],
  "ROUND8":["12","13","14","8","11","16","14","4","10","13","8","11"],
  "ROUND9":["14","15","16","10","13","18","16","6","12","13","10","11"],
  "ROUND10":["16","15","18","12","15","20","16","8","12","13","13","10"],
  "ROUND11":["18","17","20","12","17","19","18","11","12","15","15","12"],
  "ROUND12":["17","19","20","14","19","21","20","11","15","18","14","14"],
  "ROUND13":["19","21","19","14","18","23","19","14","18","18","17","16"],
  "ROUND14":["18","23","18","16","20","23","18","17","20","18","20","19"],
  "ROUND15":["20","23","17","18","22","25","18","20","23","17","22","21"],
  "ROUND16":["22","25","19","18","24","24","20","22","23","19","24","24"],
  "ROUND17":["21","27","21","20","24","26","22","25","23","21","24","24"],
  "ROUND18":["23","29","20","22","26","26","24","27","26","23","24","26"],
  "ROUND19":["25","29","22","21","26","28","23","29","29","26","26","28"],
  "ROUND20":["25","29","24","23","28","30","25","28","28","29","28","31"],
  "ROUND21":["27","29","26","25","30","29","27","30","31","28","31","31"],
  "ROUND22":["29","28","28","27","32","28","27","32","31","31","33","34"],
  "ROUND23":["31","30","27","26","32","30","29","35","33","33","33","37"],
  "ROUND24":["31","30","26","28","31","32","28","38","36","36","35","39"],
  "ROUND25":["31","32","28","30","33","34","27","38","38","38","37","42"],
  "ROUND26":["31","34","27","29","35","33","26","41","38","41","40","45"],
  "ROUND27":["33","36","29","29","35","35","28","41","40","41","42","47"],
  "ROUND28":["32","36","31","28","37","35","27","44","43","44","42","47"],
  "ROUND29":["34","35","33","27","37","35","29","46","45","46","45","50"],
  "ROUND30":["36","37","33","29","39","37","31","48","48","48","44","50"],
  "ROUND31":["35","39","32","28","41","37","33","48","51","51","47","52"],
  "ROUND32":["37","41","31","27","43","36","33","48","54","53","50","55"],
  "ROUND33":["39","41","33","29","45","38","33","50","53","55","53","57"],
  "ROUND34":["41","43","35","31","47","40","35","53","52","57","53","57"],
  "ROUND35":["43","45","37","33","49","39","34","56","55","59","53","57"],
  "ROUND36":["42","47","39","35","51","41","33","56","58","62","53","59"],
  "ROUND37":["44","49","41","35","53","43","33","58","60","64","56","58"],
  "ROUND38":["46","51","43","37","55","45","35","58","62","67","56","57"],
  "ROUND39":["48","51","45","39","57","47","34","58","65","70","58","56"],
  "ROUND40":["48","53","47","41","59","49","36","58","67","69","61","58"],
  "ROUND41":["47","55","49","43","59","48","38","58","69","71","64","61"],
  "ROUND42":["47","57","51","42","59","47","37","61","71","73","67","64"],
  "ROUND43":["49","59","53","44","58","49","37","63","71","76","69","66"],
  "ROUND44":["51","58","55","44","60","52","39","62","71","79","69","66"],
  "ROUND45":["50","60","55","46","62","52","41","62","71","82","71","68"],
  "ROUND46":["52","59","55","48","61","54","43","64","74","84","71","71"],
  "ROUND47":["54","58","57","50","60","56","43","64","74","87","74","71"],
  "ROUND48":["54","60","59","52","59","58","45","66","76","87","77","73"],
  "ROUND49":["56","62","59","54","58","58","47","65","79","90","77","73"],
  "ROUND50":["58","61","61","56","60","60","47","65","82","90","79","73"],
  "ROUND51":["60","61","63","58","62","62","50","67","81","90","81","75"],
  "ROUND52":["62","63","65","61","64","64","50","66","81","90","83","75"],
  "ROUND53":["62","62","67","63","66","64","52","65","84","93","82","78"],
  "ROUND54":["62","64","66","65","65","66","54","68","83","96","85","78"],
  "ROUND55":["64","67","66","67","67","68","54","70","83","95","85","80"],
  "ROUND56":["66","67","68","69","69","67","54","70","82","95","88","83"],
  "ROUND57":["68","69","70","71","69","69","53","72","81","95","91","86"],
  "ROUND58":["70","69","72","73","71","71","55","72","81","97","93","86"],
  "ROUND59":["72","68","74","75","73","73","57","72","84","96","96","86"],
  "ROUND60":["74","70","76","77","72","75","56","72","86","99","99","86"],
  "ROUND61":["76","72","78","79","74","75","58","75","85","99","102","85"],
  "ROUND62":["78","74","78","78","76","77","60","75","87","102","101","88"],
  "ROUND63":["78","74","80","80","78","79","62","77","89","104","103","90"],
  "ROUND64":["78","76","82","79","80","81","65","79","88","107","105","90"],
  "ROUND65":["80","76","84","81","82","80","65","78","91","109","107","93"],
  "ROUND66":["80","75","86","83","81","80","67","81","91","112","107","95"],
  "ROUND67":["79","75","88","82","83","79","69","83","94","115","107","98"],
  "ROUND68":["81","77","90","84","86","79","71","86","93","114","107","100"],
  "ROUND69":["80","77","92","84","88","78","71","86","96","114","107","103"],
  "ROUND70":["82","79","92","86","90","80","70","89","98","113","107","106"],
  "ROUND71":["81","81","94","89","90","82","72","88","101","113","109","108"],
  "ROUND72":["83","83","94","91","92","84","74","90","103","113","111","110"],
  "ROUND73":["85","83","96","93","92","87","77","90","102","113","113","109"],
  "ROUND74":["87","83","98","95","92","90","79","90","101","113","113","109"],
  "ROUND75":["89","83","100","97","94","89","81","90","101","116","113","111"],
  "ROUND76":["88","85","102","97","96","89","83","93","104","115","116","110"],
  "ROUND77":["90","85","101","97","98","92","82","95","103","118","119","112"],
  "ROUND78":["92","87","100","99","100","94","85","95","103","117","122","114"],
  "ROUND79":["92","89","99","101","102","96","87","98","105","117","122","114"],
  "ROUND80":["94","91","98","101","101","99","87","98","108","120","122","113"]
}
