{
  "ID":["0","1","2","3","4","5","6","7","8","9","10","11"],
  "ROUND1":["2","2","2","2","2","0","0","2","3","0","-1","0"],
  "ROUND2":["4","1","1","1","4","0","3","4","5","3","-1","3"],
  "ROUND3":["3","3","0","3","6","2","5","4","7","3","2","6"],
  "ROUND4":["5","5","2","5","8","4","5","6","9","3","5","5"],
  "ROUND5":["5","5","4","7","10","6","7","8","11","3","5","7"],
  "ROUND6":["5","7","4","6","12","8","9","8","11","6","4","10"],
  "ROUND7":["4","9","6","8","11","10","12","8","14","8","6","10"],
  "ROUND8":["6","8","6","10","13","9","14","8","17","7","9","13"],
  "ROUND9":["8","10","5","12","15","11","16","8","20","9","9","15"],
  "ROUND10":["10","12","7","11","14","11","19","11","22","12","9","14"],
  "ROUND11":["12","11","9","11","16","13","18","11","25","11","12","17"],
  "ROUND12":["14","13","8","11","18","15","18","13","27","14","14","19"],
  "ROUND13":["16","13","10","13","20","14","18","16","27","14","16","21"],
  "ROUND14":["18","15","12","12","22","16","18","16","26","17","19","23"],
  "ROUND15":["17","17","11","12","24","18","20","19","29","19","21","23"],
  "ROUND16":["16","19","13","12","26","20","23","21","28","19","24","25"],
  "ROUND17":["18","21","15","14","28","19","23","20","31","19","27","27"],
  "ROUND18":["17","23","15","14","27","21","26","22","34","18","30","29"],
  "ROUND19":["16","25","17","16","27","23","28","22","37","20","32","31"],
  "ROUND20":["15","25","19","18","29","23","30","24","39","23","34","33"],
  "ROUND21":["17","27","18","20","29","22","30","26","39","26","34","36"],
  "ROUND22":["19","27","20","22","28","24","33","26","41","28","34","36"],
  "ROUND23":["21","27","22","24","28","23","36","25","43","31","36","38"],
  "ROUND24":["23","29","24","26","30","25","35","25","45","33","39","38"],
  "ROUND25":["25","31","26","25","32","24","37","25","48","33","42","40"],
  "ROUND26":["24","30","26","27","34","26","40","27","48","35","44","43"],
  "ROUND27":["26","32","28","29","36","28","40","29","50","37","44","45"],
  "ROUND28":["28","34","30","31","38","28","42","31","53","39","44","44"],
  "ROUND29":["28","34","32","33","40","30","41","33","53","42","44","46"],
  "ROUND30":["30","34","31","35","42","29","44","35","56","42","43","49"],
  "ROUND31":["30","33","33","34","44","29","44","35","59","42","43","52"],
  "ROUND32":["32","32","33","33","43","29","47","34","62","45","46","54"],
  "ROUND33":["34","34","35","35","45","29","50","33","61","48","46","56"],
  "ROUND34":["36","33","35","34","47","28","53","36","61","48","49","56"],
  "ROUND35":["38","33","37","36","49","27","53","39","64","50","48","58"],
  "ROUND36":["40","32","39","36","48","26","56","42","64","53","47","61"],
  "ROUND37":["42","32","39","38","50","28","55","42","66","55","50","61"],
  "ROUND38":["44","34","41","40","49","27","55","42","69","57","53","63"],
  "ROUND39":["46","36","43","42","51","27","57","42","71","59","53","63"],
  "ROUND40":["48","38","45","44","53","27","59","42","70","62","56","62"],
  "ROUND41":["48","40","47","46","55","29","61","44","70","64","58","64"],
  "ROUND42":["48","39","49","48","57","29","63","44","70","64","58","67"],
  "ROUND43":["50","41","49","50","59","31","65","46","70","64","58","69"],
  "ROUND44":["52","40","49","52","61","33","67","49","72","66","60","69"],
  "ROUND45":["52","40","51","51","63","35","67","49","74","69","60","69"],
  "ROUND46":["54","40","53","53","62","37","69","49","76","71","63","71"],
  "ROUND47":["56","42","52","53","64","36","71","52","79","71","65","73"],
  "ROUND48":["55","41","52","55","66","39","74","55","78","71","64","76"],
  "ROUND49":["54","40","54","54","68","41","74","58","81","71","66","79"],
  "ROUND50":["56","42","53","56","70","43","74","58","83","71","66","82"],
  "ROUND51":["58","41","55","58","69","45","73","61","86","71","69","82"],
  "ROUND52":["57","41","57","60","71","45","76","61","86","71","71","82"],
  "ROUND53":["59","41","57","62","73","48","76","64","88","70","70","82"],
  "ROUND54":["58","44","59","64","75","48","78","67","87","70","72","84"],
  "ROUND55":["57","46","61","66","77","48","78","69","90","70","72","86"],
  "ROUND56":["56","46","63","66","79","50","81","71","90","70","71","89"],
  "ROUND57":["58","45","65","68","79","49","84","73","92","70","74","91"],
  "ROUND58":["60","47","64","70","81","51","86","73","95","70","74","91"],
  "ROUND59":["62","49","66","69","83","51","88","76","95","72","74","91"],
  "ROUND60":["64","51","68","71","85","53","87","76","95","75","73","94"],
  "ROUND61":["66","53","70","73","85","55","87","79","94","78","72","96"],
  "ROUND62":["68","55","70","75","85","57","89","81","96","77","75","98"],
  "ROUND63":["70","57","70","77","87","59","88","83","96","77","75","101"],
  "ROUND64":["72","59","72","76","89","59","90","86","99","79","75","100"],
  "ROUND65":["72","61","74","76","92","58","89","88","102","81","77","102"],
  "ROUND66":["72","60","76","78","94","57","92","88","105","84","79","101"],
  "ROUND67":["74","59","78","80","96","59","95","88","104","87","81","101"],
  "ROUND68":["76","61","78","79","95","61","97","90","107","90","81","103"],
  "ROUND69":["78","60","80","79","97","63","99","92","109","93","81","105"],
  "ROUND70":["80","60","82","79","99","65","101","92","111","93","83","107"],
  "ROUND71":["82","62","84","79","101","65","101","92","113","93","83","109"],
  "ROUND72":["84","65","86","81","103","67","103","95","112","93","82","109"],
  "ROUND73":["84","67","88","80","106","67","102","98","114","92","84","112"],
  "ROUND74":["86","69","90","79","108","67","104","100","113","95","87","112"],
  "ROUND75":["86","71","92","78","107","69","103","102","116","95","90","115"],
  "ROUND76":["88","73","94","80","107","68","106","102","116","97","92","115"],
  "ROUND77":["90","76","94","80","107","67","106","101","119","96","94","118"],
  "ROUND78":["92","78","94","79","107","66","109","103","121","99","96","120"],
  "ROUND79":["94","80","96","78","106","68","111","103","124","102","96","122"],
  "ROUND80":["93","82","98","78","108","71","114","103","123","105","95","124"]
}
