{
  "ID":["0","1","2","3","4","5","6","7","8","9","10","11"],
  "ROUND1":["0","-1","0","0","-1","0","0","0","1","0","0","0"],
  "ROUND2":["-1","0","0","0","-1","0","0","1","0","0","0","1"],
  "ROUND3":["0","0","0","0","0","0","0","-1","1","-1","0","0"],
  "ROUND4":["0","0","0","-1","0","0","-1","0","0","1","0","0"],
  "ROUND5":["0","0","0","0","0","0","0","-1","0","0","1","-1"],
  "ROUND6":["-1","-1","0","0","0","0","0","0","0","0","1","1"],
  "ROUND7":["0","0","0","-1","0","0","0","0","1","1","1","-1"],
  "ROUND8":["0","0","-1","0","0","0","0","0","1","1","1","-1"],
  "ROUND9":["0","0","0","0","-1","0","0","1","1","1","-1","0"],
  "ROUND10":["0","0","0","0","-1","0","0","-1","0","0","1","1"],
  "ROUND11":["0","0","0","0","0","0","0","1","0","-1","0","-1"],
  "ROUND12":["0","0","0","0","0","0","0","0","0","0","-1","-1"],
  "ROUND13":["0","-1","0","0","0","0","0","-1","1","0","1","0"],
  "ROUND14":["0","0","-1","-1","0","0","0","0","0","1","1","0"],
  "ROUND15":["0","0","0","-1","-1","0","0","0","0","0","0","0"],
  "ROUND16":["0","0","0","-1","0","0","0","0","1","0","-1","1"],
  "ROUND17":["0","0","-1","0","0","0","0","0","1","1","-1","0"],
  "ROUND18":["0","0","-1","0","0","0","0","0","1","1","-1","1"],
  "ROUND19":["0","0","0","-1","0","0","0","1","0","-1","1","1"],
  "ROUND20":["0","0","0","0","0","0","0","-1","0","-1","1","0"],
  "ROUND21":["0","0","0","-1","0","-1","0","1","0","0","1","0"],
  "ROUND22":["0","0","0","0","0","-1","0","0","-1","0","0","1"],
  "ROUND23":["-1","0","0","0","0","0","0","0","0","1","0","-1"],
  "ROUND24":["-1","0","0","0","0","0","0","0","1","1","-1","0"],
  "ROUND25":["0","0","0","0","0","0","-1","0","-1","0","1","1"],
  "ROUND26":["0","0","0","0","0","0","-1","0","1","0","-1","0"],
  "ROUND27":["0","-1","0","-1","0","0","0","1","0","0","1","1"],
  "ROUND28":["0","-1","0","0","-1","0","0","0","0","1","1","0"],
  "ROUND29":["-1","0","0","0","0","0","-1","1","0","1","1","1"],
  "ROUND30":["0","-1","0","0","0","0","0","0","1","-1","0","1"],
  "ROUND31":["0","0","0","0","0","0","-1","-1","0","1","0","0"],
  "ROUND32":["0","0","0","-1","0","0","0","1","0","-1","1","1"],
  "ROUND33":["0","0","0","0","0","0","0","-1","1","1","-1","1"],
  "ROUND34":["0","0","0","0","0","0","-1","0","1","-1","0","0"],
  "ROUND35":["0","0","0","0","-1","0","0","1","1","-1","1","1"],
  "ROUND36":["0","0","0","0","0","1","0","0","-1","0","1","-1"],
  "ROUND37":["0","0","-1","1","0","0","0","-1","0","1","1","1"],
  "ROUND38":["-1","0","0","0","0","0","0","1","-1","1","0","1"],
  "ROUND39":["0","0","0","-1","0","0","0","0","1","-1","0","1"],
  "ROUND40":["0","0","-1","0","0","0","0","1","1","-1","0","1"],
  "ROUND41":["-1","0","0","-1","0","0","0","0","1","0","0","1"],
  "ROUND42":["0","0","0","-1","0","0","-1","1","1","1","1","0"],
  "ROUND43":["0","0","0","0","0","0","-1","-1","1","0","1","1"],
  "ROUND44":["0","-1","0","0","0","0","0","-1","0","1","1","1"],
  "ROUND45":["0","-1","0","0","0","0","0","1","1","-1","1","1"],
  "ROUND46":["-1","0","0","0","0","0","0","0","1","0","-1","1"],
  "ROUND47":["0","0","-1","0","0","0","0","1","1","0","1","-1"],
  "ROUND48":["0","1","-1","0","0","0","0","0","-1","0","0","0"],
  "ROUND49":["0","0","0","0","0","-1","0","-1","1","1","0","0"],
  "ROUND50":["0","0","0","-1","0","0","0","0","1","-1","0","0"],
  "ROUND51":["0","0","0","1","0","0","0","0","0","0","-1","-1"],
  "ROUND52":["0","0","0","-1","0","0","0","1","1","0","-1","1"],
  "ROUND53":["0","0","0","-1","0","0","0","-1","1","0","1","0"],
  "ROUND54":["0","0","0","0","0","0","0","1","-1","0","0","-1"],
  "ROUND55":["0","0","0","0","0","0","0","-1","-1","1","0","1"],
  "ROUND56":["0","0","-1","0","0","0","-1","1","0","0","1","1"],
  "ROUND57":["0","0","0","0","-1","0","0","0","1","0","-1","1"],
  "ROUND58":["0","0","0","-1","0","-1","0","1","0","1","1","1"],
  "ROUND59":["0","0","0","0","0","0","0","1","-1","0","1","-1"],
  "ROUND60":["0","-1","1","0","-1","0","0","1","1","0","1","1"],
  "ROUND61":["0","0","-1","0","0","0","0","-1","0","0","1","1"],
  "ROUND62":["0","-1","0","0","0","0","0","1","0","0","-1","1"],
  "ROUND63":["0","-1","0","1","0","0","0","0","0","-1","0","1"],
  "ROUND64":["0","0","0","-1","0","-1","0","0","0","0","0","0"],
  "ROUND65":["0","-1","0","0","1","1","0","-1","0","0","0","0"],
  "ROUND66":["0","0","0","0","-1","0","0","0","1","-1","0","0"],
  "ROUND67":["-1","0","0","0","0","0","-1","0","1","0","0","0"],
  "ROUND68":["0","0","0","0","0","0","0","1","-1","0","-1","1"],
  "ROUND69":["0","-1","0","0","0","-1","0","0","1","1","0","0"],
  "ROUND70":["0","1","0","1","0","0","0","1","1","-1","0","-1"],
  "ROUND71":["-1","-1","0","0","0","0","0","1","1","1","0","0"],
  "ROUND72":["-1","1","1","0","0","1","0","1","0","-1","0","0"],
  "ROUND73":["-1","0","0","0","0","0","0","1","1","0","1","-1"],
  "ROUND74":["0","0","-1","1","-1","0","0","0","1","1","1","1"],
  "ROUND75":["-1","0","0","0","1","1","0","0","-1","1","0","1"],
  "ROUND76":["1","0","0","0","0","0","-1","0","-1","0","0","1"],
  "ROUND77":["0","0","0","0","0","-1","0","0","-1","0","1","0"],
  "ROUND78":["0","0","0","0","0","0","0","-1","-1","0","0","1"],
  "ROUND79":["0","0","0","0","0","0","-1","1","0","1","1","-1"],
  "ROUND80":["0","0","0","-1","0","0","0","0","1","-1","1","1"]
}
