{
  "ID":["0","1","2","3","4","5","6","7","8","9","10","11"],
  "ROUND1":["0","0","-1","0","0","0","0","0","0","1","-1","0"],
  "ROUND2":["0","0","-1","0","0","0","0","0","-1","0","1","0"],
  "ROUND3":["0","0","0","0","0","-1","0","0","0","1","-1","1"],
  "ROUND4":["0","0","0","0","0","0","-1","-1","0","1","0","1"],
  "ROUND5":["0","0","-1","-1","0","0","0","0","0","1","1","1"],
  "ROUND6":["0","-1","0","0","0","0","0","0","0","-1","1","0"],
  "ROUND7":["-1","0","0","0","0","0","0","0","0","0","0","-1"],
  "ROUND8":["0","0","0","-1","0","-1","0","0","0","1","1","0"],
  "ROUND9":["-1","0","-1","0","0","0","0","0","0","0","1","1"],
  "ROUND10":["0","0","0","-1","0","0","0","0","0","1","-1","0"],
  "ROUND11":["0","0","0","0","0","0","-1","0","0","-1","0","1"],
  "ROUND12":["0","0","-1","-1","0","0","0","0","0","0","0","0"],
  "ROUND13":["-1","0","0","0","-1","0","0","0","0","1","1","0"],
  "ROUND14":["-1","0","0","0","0","0","-1","0","0","1","1","0"],
  "ROUND15":["0","0","0","0","0","-1","0","-1","0","1","1","1"],
  "ROUND16":["0","0","0","0","-1","0","0","0","0","-1","0","0"],
  "ROUND17":["0","-1","0","0","0","-1","0","0","0","0","1","0"],
  "ROUND18":["-1","0","0","-1","0","0","0","0","0","1","1","1"],
  "ROUND19":["0","0","0","0","-1","0","0","-1","0","0","1","1"],
  "ROUND20":["-1","0","0","0","1","0","0","0","0","-1","0","1"],
  "ROUND21":["-1","0","-1","0","0","0","0","0","0","1","0","0"],
  "ROUND22":["0","0","0","0","0","-1","0","0","-1","0","0","0"],
  "ROUND23":["0","-1","0","0","0","0","0","-1","0","0","1","0"],
  "ROUND24":["0","-1","0","0","0","0","0","0","0","-1","1","0"],
  "ROUND25":["0","0","-1","0","1","0","0","0","-1","1","0","1"],
  "ROUND26":["0","0","0","0","-1","0","0","0","0","1","1","-1"],
  "ROUND27":["0","0","0","-1","0","0","0","0","0","0","0","-1"],
  "ROUND28":["0","0","0","0","0","-1","0","0","0","0","1","-1"],
  "ROUND29":["0","0","0","0","0","0","0","0","-1","1","-1","1"],
  "ROUND30":["0","0","-1","0","0","0","0","0","0","0","-1","0"],
  "ROUND31":["0","0","-1","0","0","0","0","0","0","-1","0","0"],
  "ROUND32":["0","0","0","0","-1","0","0","-1","0","1","0","0"],
  "ROUND33":["0","0","-1","0","-1","0","0","0","0","1","0","0"],
  "ROUND34":["0","0","0","0","0","-1","0","0","-1","1","1","1"],
  "ROUND35":["0","-1","0","-1","0","0","0","0","0","0","1","1"],
  "ROUND36":["0","1","0","0","0","0","-1","0","-1","1","0","0"],
  "ROUND37":["0","-1","0","0","0","0","0","0","-1","0","1","1"],
  "ROUND38":["0","0","-1","0","-1","0","0","0","0","0","1","0"],
  "ROUND39":["0","-1","0","-1","0","0","0","0","0","0","1","1"],
  "ROUND40":["0","0","-1","0","0","0","0","0","-1","0","1","1"],
  "ROUND41":["0","0","0","0","-1","0","0","0","0","-1","1","0"],
  "ROUND42":["0","0","0","0","0","0","-1","0","0","-1","1","1"],
  "ROUND43":["0","-1","0","0","0","0","0","-1","0","1","1","1"],
  "ROUND44":["0","0","0","-1","-1","0","0","0","0","1","0","0"],
  "ROUND45":["0","-1","-1","0","0","0","0","0","0","0","1","0"],
  "ROUND46":["-1","1","0","0","0","0","0","0","0","1","-1","0"],
  "ROUND47":["0","0","0","0","-1","0","0","1","-1","0","1","0"],
  "ROUND48":["0","-1","0","0","-1","0","0","0","0","1","0","0"],
  "ROUND49":["0","0","0","0","0","0","0","0","-1","0","1","-1"],
  "ROUND50":["0","0","0","0","1","0","0","-1","0","-1","0","1"],
  "ROUND51":["0","0","-1","0","0","0","-1","0","0","0","1","0"],
  "ROUND52":["-1","0","0","0","0","0","0","0","0","0","-1","0"],
  "ROUND53":["0","0","0","0","0","0","0","-1","0","-1","0","0"],
  "ROUND54":["0","0","1","-1","0","0","0","0","-1","1","0","1"],
  "ROUND55":["-1","0","0","-1","0","0","0","0","0","0","0","0"],
  "ROUND56":["0","-1","-1","0","0","0","0","0","0","1","1","0"],
  "ROUND57":["0","0","0","0","0","-1","0","0","0","-1","1","0"],
  "ROUND58":["0","0","0","0","0","-1","0","1","0","1","0","-1"],
  "ROUND59":["0","0","0","0","0","0","0","0","0","0","-1","-1"],
  "ROUND60":["0","0","0","0","0","0","-1","0","0","-1","1","1"],
  "ROUND61":["0","0","-1","0","0","0","0","-1","0","0","0","0"],
  "ROUND62":["0","-1","0","-1","0","0","0","0","0","1","0","0"],
  "ROUND63":["-1","-1","0","0","0","0","0","0","0","1","1","0"],
  "ROUND64":["0","0","-1","-1","0","0","0","0","0","1","1","0"],
  "ROUND65":["0","-1","-1","0","0","0","0","0","1","1","0","1"],
  "ROUND66":["0","-1","0","0","0","0","0","0","0","-1","1","1"],
  "ROUND67":["-1","0","1","0","0","0","-1","0","0","0","0","1"],
  "ROUND68":["0","0","-1","0","0","0","0","0","-1","0","0","0"],
  "ROUND69":["0","0","1","0","0","0","-1","0","0","0","-1","1"],
  "ROUND70":["0","0","0","-1","1","-1","0","0","0","0","1","0"],
  "ROUND71":["0","1","1","0","0","-1","0","-1","0","0","1","1"],
  "ROUND72":["0","0","0","0","1","0","-1","0","1","1","1","-1"],
  "ROUND73":["0","0","-1","0","0","0","0","0","0","0","1","-1"],
  "ROUND74":["0","0","0","0","0","-1","0","0","0","-1","1","0"],
  "ROUND75":["0","-1","1","0","0","0","-1","1","0","0","0","1"],
  "ROUND76":["0","-1","-1","0","0","0","0","0","0","1","1","0"],
  "ROUND77":["0","0","0","0","0","-1","0","0","1","-1","1","0"],
  "ROUND78":["0","0","0","0","1","0","0","0","0","1","-1","-1"],
  "ROUND79":["-1","0","0","0","0","0","-1","0","0","0","0","0"],
  "ROUND80":["0","-1","0","0","0","0","0","0","-1","0","1","0"]
}
