{
  "ID":["0","1","2","3","4","5","6","7","8","9","10","11"],
  "ROUND1":["-1","1","0","0","-1","1","1","0","1","0","1","1"],
  "ROUND2":["-1","0","0","0","0","1","0","0","0","1","-1","1"],
  "ROUND3":["0","1","1","1","0","1","1","1","1","1","-1","-1"],
  "ROUND4":["0","1","0","0","1","0","0","-1","1","0","1","-1"],
  "ROUND5":["0","-1","0","1","1","1","-1","1","1","1","0","1"],
  "ROUND6":["0","-1","1","-1","0","1","0","1","0","0","0","1"],
  "ROUND7":["0","-1","1","0","-1","1","1","1","1","0","0","0"],
  "ROUND8":["-1","0","0","1","-1","0","1","0","0","1","1","0"],
  "ROUND9":["-1","0","0","1","0","0","0","1","1","-1","0","0"],
  "ROUND10":["0","0","-1","-1","0","0","1","0","1","1","1","1"],
  "ROUND11":["0","1","1","-1","0","0","0","0","0","0","-1","0"],
  "ROUND12":["0","0","-1","1","1","1","1","1","1","1","1","-1"],
  "ROUND13":["-1","-1","1","1","1","0","0","0","1","1","0","1"],
  "ROUND14":["0","0","0","0","-1","1","0","0","0","1","-1","0"],
  "ROUND15":["0","1","1","0","-1","1","0","1","0","-1","1","1"],
  "ROUND16":["-1","1","1","0","0","0","1","1","0","1","-1","1"],
  "ROUND17":["0","-1","1","1","-1","1","0","0","0","0","0","1"],
  "ROUND18":["0","0","-1","0","1","0","0","0","-1","1","0","1"],
  "ROUND19":["0","0","0","1","-1","1","1","1","-1","1","1","1"],
  "ROUND20":["-1","1","1","-1","0","0","1","0","1","0","0","0"],
  "ROUND21":["0","1","1","0","-1","-1","0","0","0","0","0","0"],
  "ROUND22":["0","1","-1","0","1","0","0","0","0","1","1","-1"],
  "ROUND23":["-1","1","0","1","1","1","-1","0","0","1","1","1"],
  "ROUND24":["1","0","0","0","0","0","0","0","1","-1","1","-1"],
  "ROUND25":["0","1","1","0","-1","0","0","0","-1","0","1","1"],
  "ROUND26":["-1","0","1","0","1","0","0","1","-1","0","1","1"],
  "ROUND27":["0","-1","1","0","1","0","-1","0","0","0","1","1"],
  "ROUND28":["0","1","1","-1","-1","1","0","0","0","0","0","1"],
  "ROUND29":["-1","1","0","1","0","0","0","-1","1","1","1","0"],
  "ROUND30":["1","0","1","0","1","0","1","-1","0","1","0","-1"],
  "ROUND31":["0","1","1","1","-1","1","1","0","0","-1","1","0"],
  "ROUND32":["0","0","0","-1","0","1","0","1","0","0","-1","1"],
  "ROUND33":["0","1","1","0","0","0","0","1","1","0","-1","-1"],
  "ROUND34":["0","1","1","-1","1","-1","0","1","1","1","1","1"],
  "ROUND35":["0","1","0","-1","0","-1","1","1","1","0","1","1"],
  "ROUND36":["-1","1","0","1","0","0","-1","0","0","0","0","1"],
  "ROUND37":["0","1","1","1","1","-1","0","-1","1","1","1","1"],
  "ROUND38":["0","1","0","-1","0","0","0","0","1","1","0","-1"],
  "ROUND39":["0","1","0","0","1","-1","0","0","0","0","1","-1"],
  "ROUND40":["0","-1","1","0","1","0","1","1","1","0","-1","0"],
  "ROUND41":["0","0","1","-1","0","1","1","0","-1","0","0","0"],
  "ROUND42":["1","0","0","1","0","-1","1","1","0","0","1","-1"],
  "ROUND43":["1","-1","0","1","0","1","-1","0","1","1","0","0"],
  "ROUND44":["0","-1","1","0","-1","1","1","0","0","1","1","0"],
  "ROUND45":["0","1","0","0","1","1","-1","1","1","1","-1","0"],
  "ROUND46":["-1","1","0","1","0","-1","1","0","0","0","0","0"],
  "ROUND47":["0","0","-1","1","1","1","0","1","-1","0","1","1"],
  "ROUND48":["0","0","1","1","0","-1","1","1","-1","0","1","0"],
  "ROUND49":["0","-1","1","1","0","0","0","1","0","1","-1","1"],
  "ROUND50":["0","1","1","0","0","1","1","1","0","-1","0","-1"],
  "ROUND51":["1","1","0","-1","1","1","0","0","-1","0","1","1"],
  "ROUND52":["0","1","0","1","1","-1","1","1","1","0","0","-1"],
  "ROUND53":["0","1","0","-1","0","-1","0","0","1","0","0","0"],
  "ROUND54":["0","1","0","0","1","1","1","-1","0","-1","0","0"],
  "ROUND55":["0","1","1","1","0","-1","0","0","1","-1","1","1"],
  "ROUND56":["-1","0","1","1","1","-1","1","1","1","1","1","1"],
  "ROUND57":["0","1","0","-1","0","0","1","1","0","1","-1","0"],
  "ROUND58":["-1","1","1","-1","0","1","1","1","0","1","1","1"],
  "ROUND59":["0","0","1","1","0","0","0","0","-1","1","0","-1"],
  "ROUND60":["0","0","-1","0","1","-1","0","0","0","1","0","1"],
  "ROUND61":["0","0","1","0","1","0","1","-1","1","-1","0","1"],
  "ROUND62":["0","1","0","0","-1","0","0","1","1","-1","1","1"],
  "ROUND63":["0","0","-1","1","0","1","-1","1","0","0","1","1"],
  "ROUND64":["0","0","1","1","0","-1","1","0","0","0","0","-1"],
  "ROUND65":["0","0","-1","1","0","1","0","1","-1","1","0","0"],
  "ROUND66":["0","-1","-1","1","1","0","1","1","0","0","1","0"],
  "ROUND67":["0","0","-1","1","-1","1","0","0","1","1","1","0"],
  "ROUND68":["0","-1","0","1","-1","0","0","1","1","1","0","1"],
  "ROUND69":["1","-1","1","0","-1","0","0","0","0","0","1","1"],
  "ROUND70":["0","0","-1","0","0","0","0","-1","0","1","0","1"],
  "ROUND71":["-1","1","1","0","0","-1","0","1","0","1","0","0"],
  "ROUND72":["0","1","0","-1","1","0","0","0","0","1","-1","1"],
  "ROUND73":["0","0","1","1","1","-1","1","1","1","1","1","-1"],
  "ROUND74":["1","0","0","1","0","1","-1","1","-1","0","0","1"],
  "ROUND75":["-1","0","1","0","-1","1","1","1","0","0","1","0"],
  "ROUND76":["1","-1","1","0","-1","0","0","1","0","0","0","0"],
  "ROUND77":["1","1","-1","-1","0","0","0","1","0","0","1","0"],
  "ROUND78":["0","0","0","-1","1","0","-1","0","1","1","1","0"],
  "ROUND79":["-1","-1","0","0","0","0","1","0","0","1","1","0"],
  "ROUND80":["-1","1","1","1","1","1","0","0","0","0","1","-1"]
}
