{
  "ID":["0","1","2","3","4","5","6","7","8","9","10","11"],
  "ROUND1":["0","0","0","0","1","-1","-1","0","1","0","0","0"],
  "ROUND2":["0","0","0","-1","0","0","1","-1","1","0","0","1"],
  "ROUND3":["0","-1","0","1","-1","1","1","0","1","0","0","0"],
  "ROUND4":["0","-1","0","0","1","1","1","-1","0","1","1","1"],
  "ROUND5":["-1","0","0","0","1","1","0","1","0","-1","1","1"],
  "ROUND6":["0","0","-1","1","1","-1","1","0","0","0","0","1"],
  "ROUND7":["0","0","0","0","1","0","0","1","-1","0","-1","1"],
  "ROUND8":["0","-1","0","1","1","0","1","0","1","0","-1","0"],
  "ROUND9":["0","-1","0","1","0","0","0","0","0","1","0","-1"],
  "ROUND10":["0","0","0","-1","1","0","0","-1","0","1","1","1"],
  "ROUND11":["0","0","-1","0","0","0","1","0","-1","0","0","1"],
  "ROUND12":["0","0","0","0","-1","0","0","0","-1","0","0","0"],
  "ROUND13":["0","0","0","0","0","-1","1","1","0","1","-1","1"],
  "ROUND14":["0","0","-1","1","0","0","1","0","1","0","1","-1"],
  "ROUND15":["-1","0","0","0","0","1","0","1","1","-1","0","1"],
  "ROUND16":["0","-1","0","1","0","-1","1","0","0","0","0","0"],
  "ROUND17":["0","0","0","0","1","0","-1","1","1","0","-1","1"],
  "ROUND18":["0","0","0","1","-1","1","0","1","0","-1","1","1"],
  "ROUND19":["-1","0","0","1","1","-1","0","0","1","0","0","0"],
  "ROUND20":["0","0","-1","1","-1","0","0","1","1","1","0","1"],
  "ROUND21":["0","0","0","-1","-1","1","0","0","0","1","0","0"],
  "ROUND22":["0","0","0","1","1","0","-1","1","-1","0","0","1"],
  "ROUND23":["0","0","0","1","1","-1","1","1","0","-1","1","1"],
  "ROUND24":["0","-1","0","0","-1","0","0","0","0","0","1","0"],
  "ROUND25":["-1","0","0","1","1","0","1","1","1","1","-1","0"],
  "ROUND26":["0","0","0","0","-1","0","1","1","1","-1","1","1"],
  "ROUND27":["0","0","0","1","0","-1","1","1","0","1","1","-1"],
  "ROUND28":["0","0","-1","0","0","-1","1","0","0","0","1","1"],
  "ROUND29":["-1","0","0","-1","0","0","0","1","1","0","1","0"],
  "ROUND30":["0","0","0","1","0","-1","1","0","-1","0","0","1"],
  "ROUND31":["0","0","0","0","-1","1","1","-1","0","1","0","1"],
  "ROUND32":["0","0","0","1","0","-1","0","0","1","-1","1","1"],
  "ROUND33":["0","0","1","0","-1","1","1","0","1","0","-1","1"],
  "ROUND34":["0","0","0","1","0","-1","0","0","1","1","1","-1"],
  "ROUND35":["0","-1","0","-1","0","1","0","1","0","0","1","0"],
  "ROUND36":["0","0","0","1","1","1","0","0","1","-1","1","-1"],
  "ROUND37":["0","0","0","-1","1","0","1","1","1","-1","1","0"],
  "ROUND38":["0","-1","0","-1","1","1","0","0","0","1","1","1"],
  "ROUND39":["0","-1","0","0","0","0","0","-1","0","1","0","1"],
  "ROUND40":["-1","0","-1","1","1","1","0","1","1","1","1","1"],
  "ROUND41":["0","0","0","1","1","0","-1","0","1","1","-1","0"],
  "ROUND42":["-1","0","0","0","0","0","0","0","0","0","1","-1"],
  "ROUND43":["0","-1","0","1","0","1","1","0","1","0","-1","0"],
  "ROUND44":["0","0","0","-1","1","1","0","1","1","0","1","-1"],
  "ROUND45":["0","0","0","0","-1","1","0","-1","0","1","1","0"],
  "ROUND46":["-1","0","0","0","1","0","0","1","1","0","-1","0"],
  "ROUND47":["0","0","0","1","-1","-1","1","1","0","1","1","0"],
  "ROUND48":["-1","0","0","1","1","0","0","-1","1","1","0","1"],
  "ROUND49":["0","1","-1","1","0","1","1","0","-1","0","1","1"],
  "ROUND50":["0","0","0","-1","-1","1","0","1","1","0","1","1"],
  "ROUND51":["0","0","0","1","-1","1","1","1","0","-1","1","1"],
  "ROUND52":["0","1","0","0","1","0","1","1","-1","1","0","-1"],
  "ROUND53":["0","0","0","0","1","0","1","-1","0","1","-1","1"],
  "ROUND54":["0","1","-1","1","1","-1","1","1","1","0","0","1"],
  "ROUND55":["0","0","0","1","0","-1","0","0","1","0","1","-1"],
  "ROUND56":["0","1","0","0","0","-1","1","-1","1","0","1","0"],
  "ROUND57":["0","-1","0","1","1","-1","0","1","1","0","0","1"],
  "ROUND58":["0","-1","1","-1","1","0","0","0","1","1","0","1"],
  "ROUND59":["0","0","0","1","1","1","1","1","-1","-1","0","1"],
  "ROUND60":["0","0","0","-1","0","1","0","0","-1","0","1","0"],
  "ROUND61":["0","0","0","1","1","1","0","1","-1","1","-1","0"],
  "ROUND62":["0","1","0","1","1","1","0","1","-1","1","-1","0"],
  "ROUND63":["0","0","0","0","-1","0","1","0","-1","0","1","0"],
  "ROUND64":["0","1","-1","0","1","0","1","0","1","1","1","-1"],
  "ROUND65":["0","0","0","1","0","0","-1","1","1","0","1","-1"],
  "ROUND66":["0","-1","0","0","0","1","0","1","0","1","1","-1"],
  "ROUND67":["0","1","1","-1","0","0","1","-1","0","1","0","0"],
  "ROUND68":["0","0","0","-1","-1","0","0","0","1","0","0","1"],
  "ROUND69":["0","0","1","1","-1","1","0","-1","1","1","0","1"],
  "ROUND70":["0","0","0","0","1","-1","1","1","-1","1","0","1"],
  "ROUND71":["0","-1","0","0","0","0","1","1","0","0","0","-1"],
  "ROUND72":["0","-1","0","1","0","1","1","0","-1","1","1","0"],
  "ROUND73":["0","-1","0","0","1","0","1","0","1","1","1","-1"],
  "ROUND74":["1","1","-1","-1","1","1","0","0","0","0","1","1"],
  "ROUND75":["0","1","0","-1","0","1","0","-1","0","1","1","0"],
  "ROUND76":["0","1","0","0","0","1","1","1","-1","0","1","-1"],
  "ROUND77":["-1","0","1","1","1","0","1","-1","1","1","1","0"],
  "ROUND78":["0","0","0","-1","1","0","0","-1","1","1","1","0"],
  "ROUND79":["0","0","0","-1","0","0","-1","0","1","1","1","1"],
  "ROUND80":["0","0","-1","0","0","1","1","1","0","0","-1","1"]
}
