{
  "ID":["0","1","2","3","4","5","6","7","8","9","10","11"],
  "ROUND1":["0","-1","0","0","0","1","0","-1","0","1","0","0"],
  "ROUND2":["0","0","-1","-1","0","0","1","1","1","1","0","1"],
  "ROUND3":["0","0","0","-1","1","0","0","1","0","1","0","-1"],
  "ROUND4":["-1","0","0","0","1","-1","0","0","1","0","0","1"],
  "ROUND5":["0","0","0","0","-1","1","-1","1","0","0","1","0"],
  "ROUND6":["-1","0","0","0","1","1","0","0","-1","1","1","1"],
  "ROUND7":["0","0","0","-1","-1","0","0","0","0","0","1","1"],
  "ROUND8":["-1","-1","0","0","0","1","1","1","1","1","0","1"],
  "ROUND9":["0","0","-1","0","1","-1","0","1","1","0","1","0"],
  "ROUND10":["0","0","0","0","1","1","-1","0","-1","0","0","1"],
  "ROUND11":["0","-1","-1","0","1","0","1","0","0","0","1","1"],
  "ROUND12":["0","0","0","0","-1","0","0","0","0","-1","0","1"],
  "ROUND13":["0","-1","0","0","1","0","1","0","0","1","1","-1"],
  "ROUND14":["0","0","-1","0","-1","0","1","1","1","0","1","0"],
  "ROUND15":["0","0","0","0","0","0","1","0","-1","0","1","-1"],
  "ROUND16":["0","0","0","0","1","1","-1","0","-1","1","1","1"],
  "ROUND17":["0","0","-1","0","0","0","0","1","0","1","-1","1"],
  "ROUND18":["0","0","0","0","0","0","0","1","-1","1","0","-1"],
  "ROUND19":["0","0","0","-1","-1","1","0","1","0","0","1","1"],
  "ROUND20":["0","0","0","-1","-1","1","0","0","1","0","0","0"],
  "ROUND21":["0","-1","-1","0","0","0","1","1","0","1","0","1"],
  "ROUND22":["0","0","0","0","0","0","0","0","-1","1","-1","1"],
  "ROUND23":["0","0","0","0","1","-1","1","1","0","0","-1","1"],
  "ROUND24":["0","0","0","0","1","0","1","-1","0","-1","0","1"],
  "ROUND25":["0","0","-1","0","-1","1","1","0","0","1","0","1"],
  "ROUND26":["0","0","0","0","1","0","1","-1","1","-1","1","0"],
  "ROUND27":["0","0","0","0","-1","0","0","1","-1","1","0","0"],
  "ROUND28":["-1","-1","0","0","1","1","0","1","0","0","1","1"],
  "ROUND29":["0","0","0","0","1","0","1","-1","-1","0","0","0"],
  "ROUND30":["0","0","0","0","1","-1","1","1","1","1","0","-1"],
  "ROUND31":["0","0","0","0","0","0","1","0","0","-1","-1","1"],
  "ROUND32":["0","0","0","0","1","1","0","-1","-1","0","1","0"],
  "ROUND33":["-1","0","0","0","0","0","-1","0","1","1","1","1"],
  "ROUND34":["0","0","-1","1","0","0","1","1","0","-1","0","0"],
  "ROUND35":["-1","0","0","0","-1","1","1","1","0","1","1","0"],
  "ROUND36":["0","-1","0","0","1","0","1","0","0","0","1","-1"],
  "ROUND37":["0","0","0","0","0","-1","-1","0","0","1","1","1"],
  "ROUND38":["0","-1","0","0","0","-1","1","1","0","1","1","0"],
  "ROUND39":["0","0","0","-1","1","0","0","1","1","0","-1","0"],
  "ROUND40":["0","0","0","-1","0","1","0","-1","0","1","0","0"],
  "ROUND41":["0","0","0","1","1","-1","0","-1","0","0","0","0"],
  "ROUND42":["0","0","0","-1","1","1","1","-1","1","1","1","1"],
  "ROUND43":["0","0","0","0","1","1","1","0","0","1","-1","-1"],
  "ROUND44":["0","0","0","-1","1","-1","1","0","0","1","1","0"],
  "ROUND45":["0","0","0","-1","1","0","0","1","0","1","-1","1"],
  "ROUND46":["0","0","0","-1","0","0","0","-1","1","1","0","1"],
  "ROUND47":["0","0","0","0","0","1","1","-1","-1","0","0","1"],
  "ROUND48":["-1","0","0","0","1","1","0","1","1","1","-1","1"],
  "ROUND49":["0","0","0","0","-1","1","-1","0","0","0","1","0"],
  "ROUND50":["0","0","0","0","-1","0","1","0","0","-1","0","1"],
  "ROUND51":["0","0","0","0","-1","-1","1","1","1","1","1","1"],
  "ROUND52":["0","0","0","0","0","-1","1","1","1","0","-1","0"],
  "ROUND53":["0","0","-1","0","1","-1","1","0","1","0","0","1"],
  "ROUND54":["0","0","0","0","1","1","-1","-1","1","1","1","1"],
  "ROUND55":["0","0","0","-1","0","-1","0","0","0","1","1","0"],
  "ROUND56":["0","0","0","1","1","1","-1","1","1","0","-1","0"],
  "ROUND57":["-1","0","0","0","1","0","1","0","1","-1","0","0"],
  "ROUND58":["-1","1","0","0","1","1","0","1","-1","0","1","1"],
  "ROUND59":["0","-1","0","0","-1","1","0","1","1","1","0","0"],
  "ROUND60":["-1","-1","0","0","0","1","0","1","0","1","1","1"],
  "ROUND61":["0","0","0","0","-1","0","1","1","1","0","0","-1"],
  "ROUND62":["0","0","0","0","1","1","1","-1","1","-1","1","0"],
  "ROUND63":["0","0","0","0","0","-1","1","1","0","-1","1","1"],
  "ROUND64":["-1","1","1","-1","0","0","1","1","1","0","1","0"],
  "ROUND65":["0","-1","-1","0","1","0","1","0","0","1","1","0"],
  "ROUND66":["0","1","0","0","1","-1","0","-1","1","1","1","0"],
  "ROUND67":["0","1","1","1","0","1","0","-1","-1","0","1","1"],
  "ROUND68":["0","0","-1","0","0","1","0","0","1","-1","1","1"],
  "ROUND69":["0","1","0","0","-1","1","0","0","0","-1","0","1"],
  "ROUND70":["0","0","0","-1","1","0","-1","1","1","0","1","1"],
  "ROUND71":["0","0","-1","0","0","1","1","1","-1","0","0","0"],
  "ROUND72":["-1","0","0","0","1","1","1","1","0","0","0","-1"],
  "ROUND73":["0","0","-1","0","1","1","0","1","-1","1","1","1"],
  "ROUND74":["0","0","-1","1","1","0","1","0","1","0","-1","0"],
  "ROUND75":["0","0","0","0","0","0","-1","1","1","0","1","-1"],
  "ROUND76":["0","0","1","0","1","0","0","0","-1","0","0","-1"],
  "ROUND77":["0","0","1","0","-1","1","-1","0","0","0","0","1"],
  "ROUND78":["-1","0","0","0","1","1","1","0","1","1","0","-1"],
  "ROUND79":["-1","0","-1","1","0","0","1","0","1","0","1","1"],
  "ROUND80":["0","0","0","0","-1","1","0","1","0","0","1","-1"]
}
