{
  "ID":["0","1","2","3","4","5","6","7","8","9","10","11"],
  "ROUND1":["0","0","1","0","0","0","0","1","-1","1","0","-1"],
  "ROUND2":["0","0","1","0","0","-1","0","1","-1","1","0","1"],
  "ROUND3":["0","0","0","-1","0","1","0","0","1","1","-1","1"],
  "ROUND4":["0","0","0","0","0","0","1","0","0","0","-1","-1"],
  "ROUND5":["0","-1","1","0","0","0","0","1","-1","0","0","1"],
  "ROUND6":["0","0","0","0","1","0","0","-1","1","0","1","-1"],
  "ROUND7":["0","0","1","-1","1","0","0","-1","1","0","0","0"],
  "ROUND8":["0","0","-1","0","0","1","1","0","1","1","-1","1"],
  "ROUND9":["0","-1","1","1","0","1","1","1","-1","1","1","0"],
  "ROUND10":["0","-1","0","1","0","-1","1","1","1","1","0","1"],
  "ROUND11":["-1","0","1","0","1","1","1","-1","0","1","1","1"],
  "ROUND12":["0","0","-1","0","0","0","0","1","1","-1","0","1"],
  "ROUND13":["0","0","-1","1","0","-1","1","1","0","1","1","0"],
  "ROUND14":["-1","0","0","-1","0","1","0","0","0","0","0","0"],
  "ROUND15":["0","0","1","-1","-1","1","0","1","1","0","0","1"],
  "ROUND16":["0","0","0","1","-1","-1","1","1","1","0","1","1"],
  "ROUND17":["0","0","1","1","-1","0","1","0","0","0","1","-1"],
  "ROUND18":["0","-1","0","0","0","0","-1","1","0","1","0","1"],
  "ROUND19":["0","0","-1","0","0","0","0","1","-1","1","0","0"],
  "ROUND20":["0","0","1","1","0","1","-1","0","0","0","-1","0"],
  "ROUND21":["0","0","0","0","0","-1","0","1","1","0","0","-1"],
  "ROUND22":["0","0","-1","0","-1","0","1","1","1","0","0","0"],
  "ROUND23":["0","0","1","1","1","1","0","-1","0","1","-1","1"],
  "ROUND24":["0","0","1","0","-1","0","-1","0","0","1","1","1"],
  "ROUND25":["0","0","1","0","0","-1","-1","1","1","1","0","1"],
  "ROUND26":["0","0","-1","1","0","0","0","0","0","-1","0","1"],
  "ROUND27":["0","0","0","0","1","1","1","1","1","-1","-1","0"],
  "ROUND28":["0","0","0","0","1","0","-1","1","1","1","-1","0"],
  "ROUND29":["0","0","1","1","1","-1","0","0","0","0","-1","0"],
  "ROUND30":["0","0","1","1","0","-1","1","0","0","0","-1","1"],
  "ROUND31":["0","0","-1","1","1","0","1","1","1","1","-1","1"],
  "ROUND32":["0","0","1","-1","1","0","1","0","0","1","1","-1"],
  "ROUND33":["0","-1","0","0","1","0","0","0","0","1","0","-1"],
  "ROUND34":["0","0","1","-1","1","1","0","0","1","-1","0","1"],
  "ROUND35":["0","0","-1","1","0","1","1","1","-1","0","0","1"],
  "ROUND36":["0","0","-1","0","-1","1","0","0","1","0","1","0"],
  "ROUND37":["-1","0","0","-1","0","0","0","0","0","1","0","0"],
  "ROUND38":["-1","0","1","0","1","0","0","0","0","1","1","-1"],
  "ROUND39":["0","0","-1","0","0","0","1","0","1","-1","0","0"],
  "ROUND40":["-1","0","1","1","0","0","1","-1","0","0","0","0"],
  "ROUND41":["0","0","1","0","0","-1","0","-1","0","1","0","1"],
  "ROUND42":["-1","0","0","0","-1","0","0","0","0","0","1","0"],
  "ROUND43":["-1","0","-1","0","0","0","1","0","0","0","1","1"],
  "ROUND44":["0","-1","0","0","1","0","1","-1","0","0","0","1"],
  "ROUND45":["-1","0","0","0","1","0","0","1","1","1","-1","1"],
  "ROUND46":["0","-1","0","1","-1","0","1","0","1","0","0","0"],
  "ROUND47":["0","1","1","-1","0","0","0","1","1","0","0","-1"],
  "ROUND48":["0","0","-1","1","0","0","-1","0","1","1","1","1"],
  "ROUND49":["0","0","1","0","-1","0","1","-1","0","1","0","1"],
  "ROUND50":["-1","0","1","0","-1","1","1","0","0","1","0","0"],
  "ROUND51":["0","0","-1","1","0","0","1","0","0","1","-1","1"],
  "ROUND52":["0","0","-1","0","1","0","-1","0","1","1","1","1"],
  "ROUND53":["0","1","1","0","-1","-1","1","0","1","0","1","0"],
  "ROUND54":["0","0","0","-1","1","0","0","0","1","0","0","-1"],
  "ROUND55":["0","0","0","1","0","0","-1","0","0","0","-1","0"],
  "ROUND56":["1","-1","1","-1","0","1","0","1","0","1","1","1"],
  "ROUND57":["0","0","1","1","1","-1","0","-1","1","1","0","1"],
  "ROUND58":["0","-1","0","1","0","0","-1","0","0","1","0","1"],
  "ROUND59":["0","0","1","1","-1","-1","1","0","1","1","0","1"],
  "ROUND60":["0","0","-1","0","1","0","0","1","-1","1","0","1"],
  "ROUND61":["0","0","1","0","-1","0","1","-1","0","1","1","1"],
  "ROUND62":["0","-1","1","1","0","1","0","1","1","1","0","-1"],
  "ROUND63":["-1","-1","0","1","1","0","0","0","1","1","0","1"],
  "ROUND64":["0","1","0","0","0","-1","-1","1","0","0","0","0"],
  "ROUND65":["1","0","1","0","0","-1","1","1","1","1","-1","1"],
  "ROUND66":["1","0","0","0","0","0","1","-1","0","-1","0","0"],
  "ROUND67":["0","0","-1","1","0","0","1","1","0","-1","0","1"],
  "ROUND68":["0","0","-1","1","-1","0","0","1","1","1","0","1"],
  "ROUND69":["-1","1","1","-1","0","0","1","1","1","1","1","1"],
  "ROUND70":["0","0","1","0","-1","0","1","0","0","1","1","-1"],
  "ROUND71":["0","0","1","1","-1","0","1","0","0","-1","0","0"],
  "ROUND72":["-1","1","0","1","1","1","-1","0","1","0","0","0"],
  "ROUND73":["0","0","1","-1","0","1","-1","0","1","1","0","0"],
  "ROUND74":["0","0","1","-1","1","0","1","-1","0","1","1","1"],
  "ROUND75":["1","0","1","1","0","-1","0","1","1","-1","1","1"],
  "ROUND76":["1","0","1","0","0","-1","0","1","1","0","-1","1"],
  "ROUND77":["1","0","0","1","1","0","1","-1","1","0","-1","1"],
  "ROUND78":["0","0","1","1","-1","0","1","1","0","-1","0","0"],
  "ROUND79":["0","0","0","0","0","0","1","-1","-1","0","1","0"],
  "ROUND80":["-1","0","0","-1","1","0","0","0","1","0","0","0"]
}
