{
  "ID":["0","1","2","3","4","5","6","7","8","9","10","11"],
  "ROUND1":["0","0","-1","0","0","0","0","0","-1","1","1","0"],
  "ROUND2":["0","-1","0","0","0","0","0","-1","0","0","0","0"],
  "ROUND3":["0","-1","0","0","0","0","-1","0","0","1","1","0"],
  "ROUND4":["0","0","0","0","0","0","0","0","-1","1","0","-1"],
  "ROUND5":["0","0","0","-1","0","0","-1","0","0","0","0","0"],
  "ROUND6":["0","0","0","0","0","-1","-1","0","1","0","0","0"],
  "ROUND7":["0","-1","0","-1","0","0","0","0","0","1","0","1"],
  "ROUND8":["0","0","0","0","0","0","0","-1","1","1","1","-1"],
  "ROUND9":["-1","0","0","0","0","0","0","0","1","0","1","-1"],
  "ROUND10":["0","0","0","0","-1","-1","0","0","1","1","0","0"],
  "ROUND11":["0","0","0","-1","0","0","0","-1","0","0","1","1"],
  "ROUND12":["-1","0","0","0","0","0","0","0","-1","1","0","1"],
  "ROUND13":["0","0","0","0","0","0","0","0","1","-1","-1","0"],
  "ROUND14":["0","-1","-1","0","0","0","0","0","1","0","0","0"],
  "ROUND15":["0","0","0","-1","0","0","0","0","1","-1","1","1"],
  "ROUND16":["0","0","-1","0","0","0","0","-1","0","1","1","0"],
  "ROUND17":["0","0","0","0","0","-1","0","0","0","1","0","-1"],
  "ROUND18":["0","0","0","0","0","0","-1","-1","0","1","0","0"],
  "ROUND19":["0","0","-1","0","0","0","-1","0","1","0","1","1"],
  "ROUND20":["0","0","-1","0","0","0","0","-1","0","1","0","1"],
  "ROUND21":["-1","0","0","0","0","0","-1","0","0","1","1","0"],
  "ROUND22":["0","0","0","-1","0","0","0","0","0","1","-1","0"],
  "ROUND23":["0","0","0","0","0","-1","0","0","0","-1","1","0"],
  "ROUND24":["0","0","0","0","0","-1","0","0","1","0","-1","1"],
  "ROUND25":["0","-1","0","0","0","0","0","0","-1","1","1","1"],
  "ROUND26":["-1","0","0","0","0","-1","0","0","1","0","0","0"],
  "ROUND27":["-1","0","0","0","0","-1","0","0","0","0","0","0"],
  "ROUND28":["0","-1","0","0","0","0","-1","0","1","0","1","1"],
  "ROUND29":["0","0","0","0","-1","0","0","0","1","-1","1","1"],
  "ROUND30":["0","0","-1","0","0","0","0","0","1","1","-1","1"],
  "ROUND31":["0","0","0","0","-1","0","0","0","1","1","0","-1"],
  "ROUND32":["0","-1","0","0","0","0","0","0","-1","0","1","1"],
  "ROUND33":["0","0","-1","0","0","0","0","0","-1","1","0","1"],
  "ROUND34":["0","-1","0","0","-1","0","1","0","1","0","1","0"],
  "ROUND35":["0","-1","0","0","0","0","0","0","1","-1","1","0"],
  "ROUND36":["-1","0","0","0","0","0","0","0","1","1","0","-1"],
  "ROUND37":["0","0","0","0","0","0","-1","0","1","-1","0","0"],
  "ROUND38":["0","0","0","0","0","-1","0","-1","1","1","0","0"],
  "ROUND39":["0","0","0","0","-1","0","-1","0","0","1","1","1"],
  "ROUND40":["0","-1","0","0","0","0","0","-1","0","0","1","1"],
  "ROUND41":["-1","0","0","0","0","0","0","0","0","-1","0","1"],
  "ROUND42":["0","0","0","0","0","-1","0","-1","0","0","1","1"],
  "ROUND43":["0","0","0","0","0","0","0","0","-1","-1","1","1"],
  "ROUND44":["-1","0","0","0","0","0","-1","0","1","0","1","1"],
  "ROUND45":["0","0","0","0","-1","0","0","0","-1","1","0","0"],
  "ROUND46":["0","-1","0","0","0","0","1","0","-1","0","1","0"],
  "ROUND47":["0","0","-1","0","0","0","1","0","0","1","0","-1"],
  "ROUND48":["0","-1","0","-1","0","0","1","0","1","0","1","0"],
  "ROUND49":["0","0","0","0","0","0","0","0","-1","0","-1","0"],
  "ROUND50":["0","0","0","0","0","0","0","0","-1","0","0","-1"],
  "ROUND51":["-1","0","0","0","0","0","0","0","1","0","0","-1"],
  "ROUND52":["0","0","-1","0","0","0","1","0","1","-1","1","0"],
  "ROUND53":["0","0","0","-1","0","0","0","-1","0","0","1","1"],
  "ROUND54":["0","0","0","0","-1","0","0","0","0","1","-1","0"],
  "ROUND55":["0","0","0","0","0","0","-1","0","0","1","1","-1"],
  "ROUND56":["0","0","0","0","0","-1","0","0","0","0","-1","1"],
  "ROUND57":["-1","0","0","0","1","0","0","0","1","1","1","-1"],
  "ROUND58":["-1","0","0","0","0","0","0","0","0","-1","1","0"],
  "ROUND59":["0","0","0","-1","0","0","0","0","1","-1","1","0"],
  "ROUND60":["0","0","0","0","0","-1","0","-1","1","0","1","1"],
  "ROUND61":["-1","-1","1","0","1","0","0","0","0","1","0","1"],
  "ROUND62":["-1","0","0","0","0","0","0","0","1","0","-1","1"],
  "ROUND63":["-1","0","0","0","1","0","0","0","1","0","1","-1"],
  "ROUND64":["-1","-1","0","0","0","0","0","0","1","1","0","0"],
  "ROUND65":["0","-1","0","0","0","0","0","-1","0","1","0","0"],
  "ROUND66":["0","0","0","0","0","-1","-1","0","1","1","1","0"],
  "ROUND67":["0","-1","0","0","0","0","0","0","0","0","0","-1"],
  "ROUND68":["0","0","0","0","-1","0","0","0","0","-1","1","0"],
  "ROUND69":["0","0","0","0","0","0","-1","0","0","1","0","-1"],
  "ROUND70":["-1","0","0","-1","1","0","1","0","1","0","0","1"],
  "ROUND71":["-1","0","0","0","-1","0","0","0","0","0","0","0"],
  "ROUND72":["0","0","0","0","0","0","-1","0","-1","1","1","0"],
  "ROUND73":["0","-1","-1","0","1","0","0","0","0","1","1","0"],
  "ROUND74":["-1","-1","0","0","0","0","0","0","0","1","0","0"],
  "ROUND75":["0","0","0","0","0","-1","0","-1","1","1","0","0"],
  "ROUND76":["0","0","1","0","-1","-1","1","0","0","1","0","0"],
  "ROUND77":["0","-1","0","1","0","-1","1","0","0","1","1","1"],
  "ROUND78":["0","-1","0","0","1","0","0","-1","0","0","0","0"],
  "ROUND79":["-1","0","0","-1","0","0","0","0","1","0","0","1"],
  "ROUND80":["0","0","0","0","0","-1","-1","0","0","0","0","0"]
}
