{
  "ID":["0","1","2","3","4","5","6","7","8","9","10","11"],
  "ROUND1":["-1","0","0","0","0","0","1","-1","1","1","1","1"],
  "ROUND2":["0","0","-1","0","0","0","-1","0","0","1","1","1"],
  "ROUND3":["0","0","0","-1","-1","0","0","1","0","1","0","0"],
  "ROUND4":["-1","0","-1","0","0","0","1","0","1","1","0","0"],
  "ROUND5":["0","0","0","-1","0","0","0","1","-1","1","1","0"],
  "ROUND6":["0","0","-1","0","0","0","-1","1","0","0","1","1"],
  "ROUND7":["0","0","0","-1","0","0","1","1","1","-1","1","1"],
  "ROUND8":["0","-1","0","0","0","0","-1","1","1","0","1","0"],
  "ROUND9":["-1","0","0","0","0","0","1","0","-1","1","0","1"],
  "ROUND10":["0","0","-1","0","0","0","1","1","0","1","1","-1"],
  "ROUND11":["0","0","0","0","0","0","-1","1","1","-1","1","0"],
  "ROUND12":["0","0","0","-1","0","0","-1","1","0","1","1","1"],
  "ROUND13":["0","0","0","0","0","0","1","1","-1","-1","1","0"],
  "ROUND14":["0","0","0","0","0","0","1","1","1","-1","-1","0"],
  "ROUND15":["0","0","-1","0","0","-1","0","0","0","1","1","0"],
  "ROUND16":["0","0","-1","0","0","0","0","-1","0","0","1","1"],
  "ROUND17":["0","0","-1","0","0","-1","0","1","1","0","1","0"],
  "ROUND18":["-1","0","0","0","0","0","1","0","1","0","-1","1"],
  "ROUND19":["0","0","0","-1","0","0","-1","0","1","0","1","0"],
  "ROUND20":["0","0","0","0","0","0","-1","0","-1","1","0","0"],
  "ROUND21":["0","0","0","0","0","1","1","1","0","-1","1","-1"],
  "ROUND22":["0","0","0","0","0","-1","1","0","-1","0","0","0"],
  "ROUND23":["0","0","-1","0","0","0","1","0","1","1","-1","1"],
  "ROUND24":["0","0","0","0","0","1","0","-1","1","1","1","-1"],
  "ROUND25":["0","0","0","-1","0","0","0","0","0","0","1","-1"],
  "ROUND26":["0","0","0","0","-1","0","1","1","1","0","0","-1"],
  "ROUND27":["0","-1","1","0","0","0","-1","1","1","1","0","0"],
  "ROUND28":["0","-1","0","0","0","0","1","0","-1","1","1","0"],
  "ROUND29":["0","0","1","0","0","-1","-1","0","0","0","1","0"],
  "ROUND30":["-1","0","0","0","-1","0","1","1","1","1","1","0"],
  "ROUND31":["0","0","0","0","-1","0","-1","0","1","1","1","0"],
  "ROUND32":["0","0","-1","0","0","1","1","0","0","1","1","-1"],
  "ROUND33":["0","0","0","0","0","0","0","1","-1","1","-1","0"],
  "ROUND34":["0","0","0","0","0","0","0","0","0","-1","-1","1"],
  "ROUND35":["0","-1","1","0","0","-1","1","0","1","0","1","0"],
  "ROUND36":["-1","0","1","0","0","0","1","-1","0","0","0","1"],
  "ROUND37":["0","0","1","0","-1","0","1","0","0","-1","0","0"],
  "ROUND38":["0","-1","0","0","0","0","1","0","1","1","-1","0"],
  "ROUND39":["0","0","0","0","0","0","-1","1","0","1","0","-1"],
  "ROUND40":["0","0","0","0","0","0","-1","0","1","-1","1","1"],
  "ROUND41":["0","0","0","1","0","-1","-1","1","0","1","1","1"],
  "ROUND42":["0","-1","0","0","0","-1","1","0","1","1","0","1"],
  "ROUND43":["0","0","0","1","0","1","1","-1","0","1","1","-1"],
  "ROUND44":["1","0","0","-1","0","1","1","0","-1","0","0","1"],
  "ROUND45":["0","0","0","-1","0","1","1","-1","0","0","0","0"],
  "ROUND46":["-1","0","0","0","0","-1","1","1","1","1","0","1"],
  "ROUND47":["-1","0","1","0","0","0","0","1","-1","1","1","1"],
  "ROUND48":["0","-1","1","1","0","1","0","1","1","-1","1","1"],
  "ROUND49":["0","0","1","-1","-1","0","1","1","0","0","1","0"],
  "ROUND50":["0","-1","0","1","0","-1","1","1","0","0","0","1"],
  "ROUND51":["0","0","0","0","0","-1","-1","0","0","1","1","1"],
  "ROUND52":["-1","0","0","0","0","0","1","1","0","-1","1","1"],
  "ROUND53":["0","0","0","0","1","0","0","1","0","-1","-1","1"],
  "ROUND54":["1","-1","0","0","0","0","1","1","0","0","0","-1"],
  "ROUND55":["0","0","-1","0","0","-1","1","1","0","1","0","0"],
  "ROUND56":["0","0","0","0","0","0","0","1","1","-1","0","-1"],
  "ROUND57":["0","0","0","0","0","-1","0","0","1","1","-1","0"],
  "ROUND58":["0","0","0","0","-1","0","1","0","0","-1","0","0"],
  "ROUND59":["0","-1","0","0","0","0","1","-1","1","1","0","0"],
  "ROUND60":["0","0","1","-1","0","-1","1","1","1","0","0","0"],
  "ROUND61":["0","0","0","0","0","-1","0","0","1","0","0","-1"],
  "ROUND62":["0","0","0","-1","0","1","1","0","1","0","1","-1"],
  "ROUND63":["0","-1","0","0","1","0","1","0","-1","0","1","0"],
  "ROUND64":["0","0","0","0","0","-1","-1","1","1","1","0","0"],
  "ROUND65":["0","0","1","0","0","0","0","0","1","-1","0","-1"],
  "ROUND66":["0","0","0","0","-1","1","1","-1","0","0","1","0"],
  "ROUND67":["0","0","-1","1","-1","0","0","0","1","1","1","1"],
  "ROUND68":["-1","0","0","1","-1","0","1","0","1","0","1","0"],
  "ROUND69":["1","0","0","0","0","0","-1","1","0","0","-1","0"],
  "ROUND70":["0","0","0","0","0","-1","1","0","0","-1","1","0"],
  "ROUND71":["-1","0","0","0","1","1","0","0","1","-1","1","1"],
  "ROUND72":["0","0","-1","-1","0","0","1","0","0","0","0","1"],
  "ROUND73":["0","0","0","0","0","-1","1","0","-1","0","0","0"],
  "ROUND74":["0","0","1","0","0","-1","-1","1","1","0","1","1"],
  "ROUND75":["0","0","0","0","0","0","-1","0","0","0","-1","1"],
  "ROUND76":["0","0","0","-1","1","0","-1","0","0","0","0","1"],
  "ROUND77":["0","1","0","0","0","0","1","1","-1","0","1","-1"],
  "ROUND78":["0","1","0","1","-1","0","0","0","1","0","-1","0"],
  "ROUND79":["0","0","-1","1","0","0","0","0","1","0","-1","0"],
  "ROUND80":["0","0","0","1","0","-1","0","1","1","1","-1","1"]
}
