{
  "ID":["0","1","2","3","4","5","6","7","8","9","10","11"],
  "ROUND1":["2","-1","3","2","-1","2","2","3","0","3","-1","0"],
  "ROUND2":["1","1","3","4","-2","2","4","3","0","6","1","3"],
  "ROUND3":["3","0","2","4","0","5","6","5","0","6","1","6"],
  "ROUND4":["5","2","4","6","2","7","9","7","-1","8","1","6"],
  "ROUND5":["4","2","7","5","4","9","11","10","-1","7","3","9"],
  "ROUND6":["6","4","9","4","4","11","13","10","-1","9","6","9"],
  "ROUND7":["8","3","12","4","7","13","15","10","2","8","5","11"],
  "ROUND8":["10","2","12","3","6","13","15","12","5","11","5","14"],
  "ROUND9":["9","2","12","3","5","16","18","12","5","14","5","13"],
  "ROUND10":["8","2","11","6","4","16","21","15","8","14","4","13"],
  "ROUND11":["8","1","14","5","7","16","21","15","7","17","4","13"],
  "ROUND12":["10","3","14","7","6","15","23","18","10","17","3","16"],
  "ROUND13":["9","5","14","7","8","15","26","18","12","17","3","18"],
  "ROUND14":["9","7","13","7","10","18","28","20","14","19","5","20"],
  "ROUND15":["11","6","16","7","10","18","27","23","14","18","7","23"],
  "ROUND16":["10","8","15","7","10","18","30","26","14","20","7","23"],
  "ROUND17":["12","7","18","7","10","20","33","28","16","19","7","23"],
  "ROUND18":["14","7","20","6","12","22","33","28","18","19","9","26"],
  "ROUND19":["16","9","20","8","11","24","35","31","18","22","11","25"],
  "ROUND20":["18","8","23","11","13","27","35","30","17","24","11","27"],
  "ROUND21":["20","10","22","10","15","27","37","33","20","26","13","27"],
  "ROUND22":["22","9","22","12","15","29","40","36","23","25","15","26"],
  "ROUND23":["24","8","25","12","15","29","39","36","25","25","15","29"],
  "ROUND24":["23","10","25","14","15","31","39","35","27","25","18","32"],
  "ROUND25":["25","12","28","13","17","31","39","35","27","25","20","32"],
  "ROUND26":["27","11","28","16","19","33","38","37","29","25","22","35"],
  "ROUND27":["26","13","27","15","19","36","38","40","32","25","22","37"],
  "ROUND28":["28","15","29","14","22","35","38","43","32","25","22","39"],
  "ROUND29":["30","17","29","17","22","35","40","42","34","27","22","41"],
  "ROUND30":["32","19","29","20","24","35","43","44","33","26","22","41"],
  "ROUND31":["31","18","29","20","27","34","43","47","33","26","22","44"],
  "ROUND32":["30","17","29","20","30","36","46","46","35","26","25","44"],
  "ROUND33":["32","17","31","22","30","38","48","48","37","26","27","44"],
  "ROUND34":["31","19","31","22","33","38","47","50","40","26","26","47"],
  "ROUND35":["30","18","31","25","32","41","50","53","40","25","25","50"],
  "ROUND36":["32","20","31","27","32","44","52","52","43","24","28","49"],
  "ROUND37":["32","22","33","27","34","43","54","54","45","27","30","51"],
  "ROUND38":["32","24","33","29","34","42","56","53","47","30","33","51"],
  "ROUND39":["34","26","33","31","36","41","59","55","50","30","35","50"],
  "ROUND40":["34","28","36","34","35","40","62","55","52","32","37","49"],
  "ROUND41":["36","30","39","36","37","40","64","55","51","32","39","49"],
  "ROUND42":["36","32","41","38","37","42","66","54","53","34","42","51"],
  "ROUND43":["36","34","41","40","36","41","69","53","55","36","45","54"],
  "ROUND44":["35","34","40","39","39","43","72","53","57","38","47","57"],
  "ROUND45":["35","36","39","38","42","42","74","53","60","41","47","57"],
  "ROUND46":["34","36","41","41","42","44","77","52","63","43","49","56"],
  "ROUND47":["36","36","41","41","41","46","79","55","66","45","48","56"],
  "ROUND48":["38","38","41","44","40","45","79","54","69","45","51","56"],
  "ROUND49":["40","37","44","43","40","47","82","54","71","45","53","56"],
  "ROUND50":["40","39","44","42","40","47","85","56","73","48","52","58"],
  "ROUND51":["39","41","44","45","42","49","85","55","75","51","52","58"],
  "ROUND52":["41","40","44","44","42","51","85","54","78","51","55","61"],
  "ROUND53":["43","40","44","46","42","51","85","56","81","53","55","60"],
  "ROUND54":["42","42","46","46","45","53","84","58","84","55","57","60"],
  "ROUND55":["44","44","45","49","47","55","84","60","86","57","57","62"],
  "ROUND56":["47","44","48","49","46","58","83","60","85","57","57","62"],
  "ROUND57":["46","43","48","52","49","58","82","60","85","60","56","65"],
  "ROUND58":["48","43","50","52","48","60","82","62","87","63","58","65"],
  "ROUND59":["47","42","53","55","48","60","82","61","90","63","57","68"],
  "ROUND60":["46","44","53","57","48","59","84","64","90","63","59","71"],
  "ROUND61":["48","46","56","56","48","58","87","64","89","66","59","71"],
  "ROUND62":["47","46","56","59","47","58","89","64","92","66","61","71"],
  "ROUND63":["47","46","55","62","50","57","88","63","95","69","60","74"],
  "ROUND64":["49","49","54","64","52","57","88","66","97","68","62","76"],
  "ROUND65":["49","51","54","63","54","57","88","66","100","68","62","76"],
  "ROUND66":["52","53","56","65","56","59","91","66","99","68","64","75"],
  "ROUND67":["51","55","56","68","55","61","94","69","98","68","63","78"],
  "ROUND68":["50","54","56","71","55","60","93","72","101","71","62","81"],
  "ROUND69":["50","54","56","71","54","59","93","75","101","74","62","81"],
  "ROUND70":["52","56","56","73","54","61","93","77","103","74","62","81"],
  "ROUND71":["51","55","59","76","54","60","96","79","105","74","64","83"],
  "ROUND72":["51","58","58","79","57","63","96","78","108","73","63","82"],
  "ROUND73":["53","60","58","79","56","66","96","80","108","76","65","81"],
  "ROUND74":["55","62","61","79","56","65","99","80","107","76","65","81"],
  "ROUND75":["58","61","61","79","55","65","98","80","110","76","65","84"],
  "ROUND76":["58","63","64","78","57","65","97","83","110","75","65","87"],
  "ROUND77":["58","62","66","81","60","67","97","83","110","74","65","87"],
  "ROUND78":["60","64","69","84","60","66","100","86","109","74","64","86"],
  "ROUND79":["59","66","71","86","62","68","103","86","109","73","67","88"],
  "ROUND80":["59","68","70","86","65","70","102","88","112","75","69","90"]
}
