{
  "ID":["0","1","2","3","4","5","6","7","8","9","10","11"],
  "ROUND1":["-1","0","2","2","2","3","2","0","-1","3","2","2"],
  "ROUND2":["-2","2","2","2","4","5","2","0","-1","6","4","2"],
  "ROUND3":["0","4","1","2","7","4","4","3","1","9","3","2"],
  "ROUND4":["0","6","3","1","7","4","6","5","1","11","5","5"],
  "ROUND5":["2","5","5","3","7","7","6","5","3","13","5","7"],
  "ROUND6":["2","4","4","2","10","10","5","4","3","16","8","10"],
  "ROUND7":["1","6","6","2","10","9","7","6","5","18","11","13"],
  "ROUND8":["1","6","5","1","9","12","10","6","5","21","10","16"],
  "ROUND9":["3","5","5","0","12","12","12","6","5","23","13","18"],
  "ROUND10":["5","4","7","2","15","15","12","5","5","25","12","21"],
  "ROUND11":["4","4","7","1","18","17","12","7","7","27","15","21"],
  "ROUND12":["6","6","9","3","18","19","14","9","6","27","17","24"],
  "ROUND13":["8","6","11","2","21","21","14","11","5","30","17","24"],
  "ROUND14":["10","8","11","4","21","23","14","11","5","32","17","26"],
  "ROUND15":["9","7","13","6","23","25","17","13","5","34","20","26"],
  "ROUND16":["11","9","12","8","23","25","17","15","5","34","20","29"],
  "ROUND17":["13","8","12","7","25","27","16","18","7","37","20","32"],
  "ROUND18":["15","10","11","9","24","29","18","21","7","40","22","32"],
  "ROUND19":["17","12","13","9","24","32","20","21","6","39","22","35"],
  "ROUND20":["19","14","12","9","24","35","22","20","9","41","24","37"],
  "ROUND21":["21","14","12","8","26","34","22","20","11","44","26","40"],
  "ROUND22":["23","16","11","10","28","36","21","22","11","47","26","43"],
  "ROUND23":["25","15","10","12","31","36","24","22","13","49","26","43"],
  "ROUND24":["24","17","12","11","34","35","27","22","15","49","28","46"],
  "ROUND25":["26","16","12","13","34","38","30","24","14","49","30","46"],
  "ROUND26":["28","18","14","12","37","40","33","24","14","49","30","45"],
  "ROUND27":["27","20","16","14","37","42","35","27","14","52","29","47"],
  "ROUND28":["27","20","15","13","40","45","34","30","13","51","32","50"],
  "ROUND29":["29","22","14","15","43","47","37","30","13","50","34","52"],
  "ROUND30":["31","24","13","17","43","47","37","30","16","50","36","52"],
  "ROUND31":["33","23","15","19","45","49","40","32","15","50","36","55"],
  "ROUND32":["35","22","17","21","48","52","42","32","15","49","39","54"],
  "ROUND33":["35","24","19","20","47","51","42","31","18","52","42","57"],
  "ROUND34":["37","26","19","23","46","50","45","34","20","52","44","56"],
  "ROUND35":["37","28","21","25","46","50","45","34","22","52","47","55"],
  "ROUND36":["36","28","23","27","49","52","48","36","21","51","50","55"],
  "ROUND37":["38","27","25","29","51","52","48","38","23","51","50","58"],
  "ROUND38":["40","27","24","28","53","52","48","41","25","51","53","60"],
  "ROUND39":["42","26","26","28","56","51","50","44","28","50","53","62"],
  "ROUND40":["44","28","28","28","58","51","52","44","30","50","55","64"],
  "ROUND41":["46","30","30","28","58","51","54","44","32","52","57","66"],
  "ROUND42":["48","29","32","28","61","51","54","44","32","52","57","66"],
  "ROUND43":["50","31","34","30","61","51","54","46","34","52","57","66"],
  "ROUND44":["49","30","36","30","64","51","57","45","36","55","60","65"],
  "ROUND45":["48","32","38","30","64","53","59","48","35","58","60","65"],
  "ROUND46":["47","34","37","30","66","52","61","48","38","61","62","68"],
  "ROUND47":["49","36","39","29","68","52","64","48","38","63","64","68"],
  "ROUND48":["49","35","38","31","68","52","66","51","38","66","64","68"],
  "ROUND49":["51","37","40","30","68","55","66","53","37","68","67","70"],
  "ROUND50":["53","39","39","32","68","57","69","52","39","68","69","73"],
  "ROUND51":["52","41","38","34","68","57","72","52","39","68","69","76"],
  "ROUND52":["54","43","37","33","70","57","75","55","42","70","69","75"],
  "ROUND53":["56","42","37","32","73","57","78","57","42","72","71","75"],
  "ROUND54":["58","44","36","31","73","57","78","57","42","75","71","78"],
  "ROUND55":["60","46","38","31","75","57","77","59","41","78","74","80"],
  "ROUND56":["59","45","37","34","78","60","77","62","44","77","74","79"],
  "ROUND57":["59","47","36","36","81","62","80","64","47","77","73","78"],
  "ROUND58":["59","47","38","38","81","62","79","67","47","76","76","78"],
  "ROUND59":["58","47","37","37","81","65","78","70","50","79","78","80"],
  "ROUND60":["58","47","39","39","83","65","80","70","49","82","78","80"],
  "ROUND61":["60","49","38","38","83","64","83","73","52","84","80","80"],
  "ROUND62":["59","51","37","40","86","67","83","73","52","84","83","79"],
  "ROUND63":["61","50","36","39","88","67","86","76","51","84","86","82"],
  "ROUND64":["61","53","36","39","87","66","89","79","51","83","89","81"],
  "ROUND65":["60","53","36","41","90","68","89","81","53","86","89","80"],
  "ROUND66":["62","56","38","40","90","68","88","81","56","89","89","79"],
  "ROUND67":["64","56","41","43","89","68","90","81","56","88","89","79"],
  "ROUND68":["66","55","41","42","88","71","89","83","59","88","92","82"],
  "ROUND69":["68","55","43","44","88","74","91","85","58","88","94","82"],
  "ROUND70":["70","54","42","44","91","73","91","85","58","90","97","85"],
  "ROUND71":["69","53","42","46","90","76","94","88","58","92","99","87"],
  "ROUND72":["69","55","41","48","93","79","97","91","57","91","98","87"],
  "ROUND73":["71","57","41","50","93","79","99","91","57","91","98","87"],
  "ROUND74":["73","59","41","53","93","81","102","90","57","90","98","89"],
  "ROUND75":["72","58","43","55","92","83","102","93","60","92","101","89"],
  "ROUND76":["74","60","46","57","95","85","104","95","60","91","100","89"],
  "ROUND77":["76","62","49","59","95","85","104","97","62","90","102","89"],
  "ROUND78":["76","61","48","58","98","88","107","96","65","93","101","89"],
  "ROUND79":["76","60","48","61","97","90","110","95","65","95","104","89"],
  "ROUND80":["78","59","50","63","97","93","109","98","67","94","107","89"]
}
