{
  "ID":["0","1","2","3","4","5","6","7","8","9","10","11"],
  "ROUND1":["0","0","2","2","0","0","3","-1","0","-1","3","0"],
  "ROUND2":["0","2","1","4","2","3","5","1","2","-1","3","0"],
  "ROUND3":["-1","2","1","4","1","3","8","4","2","-1","3","0"],
  "ROUND4":["-2","5","3","6","4","5","7","4","2","1","3","0"],
  "ROUND5":["-3","5","2","9","7","5","7","4","5","1","2","0"],
  "ROUND6":["-1","5","2","9","9","5","9","4","7","3","4","0"],
  "ROUND7":["-2","5","5","8","9","5","12","7","7","5","3","2"],
  "ROUND8":["-2","4","7","8","9","7","15","9","9","5","6","1"],
  "ROUND9":["-2","6","9","11","11","9","14","9","9","5","8","3"],
  "ROUND10":["0","5","9","11","10","8","14","11","12","5","11","6"],
  "ROUND11":["-1","8","12","11","12","7","16","13","14","7","11","8"],
  "ROUND12":["1","10","12","11","12","7","16","13","14","7","11","8"],
  "ROUND13":["1","10","12","14","12","6","18","12","14","7","13","11"],
  "ROUND14":["3","12","14","13","12","9","17","14","16","10","13","13"],
  "ROUND15":["5","12","17","12","12","9","16","14","18","10","16","13"],
  "ROUND16":["5","15","20","14","11","11","16","14","17","10","16","13"],
  "ROUND17":["4","15","23","17","11","14","18","13","19","9","15","16"],
  "ROUND18":["6","17","23","19","11","16","17","15","19","9","17","19"],
  "ROUND19":["5","16","22","19","11","16","17","18","19","12","17","22"],
  "ROUND20":["5","19","25","19","13","15","20","17","22","14","16","21"],
  "ROUND21":["4","22","28","21","13","15","22","19","24","16","18","20"],
  "ROUND22":["6","25","28","20","16","14","24","21","26","16","18","20"],
  "ROUND23":["6","28","27","20","16","14","24","20","25","19","21","20"],
  "ROUND24":["9","30","26","22","15","13","26","22","28","19","24","20"],
  "ROUND25":["11","33","26","24","15","12","25","24","28","21","27","20"],
  "ROUND26":["11","32","26","23","18","11","27","24","28","23","30","23"],
  "ROUND27":["10","32","26","25","21","13","27","26","27","25","33","23"],
  "ROUND28":["9","35","29","25","21","16","29","25","26","27","32","26"],
  "ROUND29":["9","35","28","28","23","18","28","25","29","27","35","25"],
  "ROUND30":["9","34","28","30","26","20","31","25","28","30","34","25"],
  "ROUND31":["11","34","31","30","26","20","31","27","27","30","37","24"],
  "ROUND32":["10","36","33","30","28","23","33","30","26","29","37","27"],
  "ROUND33":["12","36","33","32","30","25","35","30","26","31","37","27"],
  "ROUND34":["11","39","33","32","30","25","34","30","26","34","37","27"],
  "ROUND35":["13","42","32","32","29","25","34","33","26","36","37","27"],
  "ROUND36":["13","45","34","35","31","24","34","35","25","35","39","30"],
  "ROUND37":["12","48","34","35","34","24","33","35","25","35","39","30"],
  "ROUND38":["11","51","36","35","36","26","35","34","28","38","38","30"],
  "ROUND39":["10","54","38","37","39","26","34","36","27","40","41","30"],
  "ROUND40":["12","54","38","36","42","28","34","39","30","39","41","29"],
  "ROUND41":["11","56","41","36","44","31","37","38","30","41","43","28"],
  "ROUND42":["14","55","40","36","46","31","40","38","29","43","46","28"],
  "ROUND43":["17","55","39","39","45","31","40","37","32","43","48","30"],
  "ROUND44":["16","55","42","41","45","34","40","39","31","46","48","29"],
  "ROUND45":["15","58","41","40","48","37","40","39","31","49","48","28"],
  "ROUND46":["15","58","43","43","50","37","40","38","33","51","50","30"],
  "ROUND47":["17","60","43","43","50","37","42","38","33","53","50","30"],
  "ROUND48":["19","62","43","43","52","37","42","38","33","52","53","32"],
  "ROUND49":["21","62","46","43","54","39","44","38","32","52","53","32"],
  "ROUND50":["20","62","46","45","56","42","44","38","34","52","55","32"],
  "ROUND51":["20","62","45","45","59","42","43","40","34","54","58","32"],
  "ROUND52":["22","62","44","48","62","42","43","40","34","56","57","32"],
  "ROUND53":["24","65","46","48","64","42","42","39","37","58","59","34"],
  "ROUND54":["26","68","45","50","67","45","45","39","36","58","58","33"],
  "ROUND55":["25","68","48","53","66","45","44","38","39","58","61","33"],
  "ROUND56":["25","67","48","53","69","45","44","38","39","58","61","33"],
  "ROUND57":["24","70","50","53","68","44","47","41","38","61","61","35"],
  "ROUND58":["24","70","50","53","67","44","47","41","37","64","64","35"],
  "ROUND59":["23","69","53","56","69","46","46","43","37","67","66","35"],
  "ROUND60":["25","71","53","58","72","46","45","45","36","70","65","38"],
  "ROUND61":["24","70","53","57","75","48","48","45","36","70","67","41"],
  "ROUND62":["26","70","55","56","75","50","50","45","39","70","67","41"],
  "ROUND63":["25","69","55","59","74","53","50","48","38","69","70","44"],
  "ROUND64":["27","71","58","59","76","53","50","50","40","71","69","44"],
  "ROUND65":["26","73","58","62","75","56","49","53","40","74","68","46"],
  "ROUND66":["25","73","58","65","75","55","52","53","39","76","71","48"],
  "ROUND67":["24","72","58","68","75","58","54","52","39","76","74","50"],
  "ROUND68":["23","72","57","71","75","57","56","55","39","76","76","53"],
  "ROUND69":["23","72","57","70","75","59","58","54","41","78","79","56"],
  "ROUND70":["22","74","57","72","77","61","57","54","43","81","81","59"],
  "ROUND71":["22","77","57","71","79","61","59","54","45","84","80","61"],
  "ROUND72":["24","77","59","71","79","63","58","56","44","87","80","64"],
  "ROUND73":["23","76","59","71","82","63","58","56","44","90","80","64"],
  "ROUND74":["26","75","61","71","81","66","58","59","44","92","79","64"],
  "ROUND75":["26","77","64","70","81","66","58","62","43","91","82","66"],
  "ROUND76":["29","77","64","69","81","68","60","62","45","93","84","68"],
  "ROUND77":["29","77","64","69","83","70","62","62","47","95","84","70"],
  "ROUND78":["31","76","66","69","86","72","62","64","47","98","84","69"],
  "ROUND79":["31","76","65","71","88","74","65","63","49","101","87","68"],
  "ROUND80":["31","76","65","74","91","74","64","65","48","103","87","68"]
}
