{
  "ID":["0","1","2","3","4","5","6","7","8","9","10","11"],
  "ROUND1":["2","2","0","2","2","2","2","2","2","3","0","-1"],
  "ROUND2":["4","4","0","4","4","4","4","1","2","5","3","1"],
  "ROUND3":["3","6","2","6","6","4","3","3","4","8","3","4"],
  "ROUND4":["5","5","1","8","8","6","3","3","6","11","5","7"],
  "ROUND5":["4","7","1","8","7","8","5","2","8","14","8","10"],
  "ROUND6":["3","7","3","10","9","10","7","4","10","14","11","12"],
  "ROUND7":["3","9","5","12","11","12","9","6","12","16","13","12"],
  "ROUND8":["5","11","7","12","10","12","11","8","14","19","16","11"],
  "ROUND9":["5","13","7","14","9","14","13","10","13","21","19","14"],
  "ROUND10":["7","15","9","14","11","16","12","12","15","24","19","16"],
  "ROUND11":["9","14","11","16","13","18","12","14","17","24","21","19"],
  "ROUND12":["11","16","11","16","15","20","14","16","19","26","23","21"],
  "ROUND13":["11","15","13","18","15","22","16","18","21","29","26","20"],
  "ROUND14":["11","17","15","17","17","24","16","20","23","32","29","19"],
  "ROUND15":["13","16","14","19","19","24","18","20","22","35","32","22"],
  "ROUND16":["15","18","16","21","19","26","20","22","24","35","34","24"],
  "ROUND17":["17","18","18","23","21","26","22","21","26","37","37","26"],
  "ROUND18":["17","20","17","23","23","28","21","20","28","40","40","29"],
  "ROUND19":["16","22","19","25","23","30","23","20","30","39","43","32"],
  "ROUND20":["16","24","18","27","26","32","25","22","32","39","42","35"],
  "ROUND21":["16","26","18","29","28","31","27","24","34","42","44","37"],
  "ROUND22":["18","28","20","31","30","31","29","26","34","44","46","39"],
  "ROUND23":["20","28","22","30","32","33","31","26","36","46","49","41"],
  "ROUND24":["19","28","24","32","34","35","33","28","38","46","52","43"],
  "ROUND25":["21","30","24","34","37","37","32","27","38","49","51","46"],
  "ROUND26":["23","32","26","36","37","39","34","29","40","49","51","46"],
  "ROUND27":["25","34","28","36","39","41","36","31","42","51","53","46"],
  "ROUND28":["27","36","30","38","41","41","38","30","44","53","56","46"],
  "ROUND29":["29","38","29","40","43","40","40","32","44","56","56","49"],
  "ROUND30":["31","40","29","42","45","42","42","34","46","58","56","51"],
  "ROUND31":["33","42","29","44","47","44","44","36","48","58","58","53"],
  "ROUND32":["35","44","31","46","47","46","43","36","50","61","60","55"],
  "ROUND33":["37","46","31","48","47","48","45","38","52","64","59","57"],
  "ROUND34":["39","45","33","47","49","48","47","37","52","67","62","60"],
  "ROUND35":["41","45","32","47","51","50","49","39","54","66","65","63"],
  "ROUND36":["43","48","34","49","53","52","49","41","54","69","64","62"],
  "ROUND37":["45","48","33","51","52","54","51","43","54","71","67","65"],
  "ROUND38":["47","50","33","53","52","56","50","45","56","73","70","67"],
  "ROUND39":["49","50","35","53","54","58","52","44","58","72","73","70"],
  "ROUND40":["51","52","35","55","56","57","54","43","58","74","76","73"],
  "ROUND41":["53","54","37","57","56","59","56","45","60","74","79","72"],
  "ROUND42":["55","53","36","59","58","61","56","47","62","74","82","75"],
  "ROUND43":["57","53","35","58","60","63","55","47","64","77","85","78"],
  "ROUND44":["56","55","37","58","60","65","57","49","66","80","87","80"],
  "ROUND45":["58","55","37","60","62","67","59","48","68","82","90","82"],
  "ROUND46":["58","58","39","62","61","69","61","50","70","85","90","81"],
  "ROUND47":["60","60","41","64","61","71","63","50","70","87","90","83"],
  "ROUND48":["62","60","40","66","61","73","65","52","72","90","92","85"],
  "ROUND49":["64","62","42","68","63","75","64","54","72","92","95","85"],
  "ROUND50":["66","64","44","67","66","77","66","54","74","92","94","88"],
  "ROUND51":["68","63","44","69","68","79","66","56","76","94","97","90"],
  "ROUND52":["68","65","46","71","70","81","68","58","78","96","97","92"],
  "ROUND53":["70","67","48","73","72","83","70","58","80","96","99","94"],
  "ROUND54":["72","69","48","73","74","85","69","60","80","99","101","94"],
  "ROUND55":["72","71","50","73","76","87","71","62","82","101","103","96"],
  "ROUND56":["74","71","50","75","75","89","73","64","81","104","106","98"],
  "ROUND57":["76","73","52","77","74","89","75","66","83","104","109","100"],
  "ROUND58":["78","72","54","79","76","89","77","69","85","107","108","100"],
  "ROUND59":["80","74","56","81","78","91","79","71","87","109","108","100"],
  "ROUND60":["82","76","58","80","80","93","79","73","86","109","111","103"],
  "ROUND61":["84","78","58","82","82","95","81","73","88","111","113","105"],
  "ROUND62":["86","78","60","82","84","97","83","75","90","114","112","107"],
  "ROUND63":["86","78","62","81","83","99","85","77","92","117","115","109"],
  "ROUND64":["85","80","62","81","85","101","84","79","94","120","118","111"],
  "ROUND65":["87","80","62","80","84","103","86","81","97","123","117","114"],
  "ROUND66":["89","80","64","82","86","105","88","83","99","123","117","114"],
  "ROUND67":["89","82","64","84","88","107","88","85","101","125","119","114"],
  "ROUND68":["91","84","64","86","90","109","90","87","101","127","121","116"],
  "ROUND69":["93","86","67","88","92","111","90","89","100","126","121","119"],
  "ROUND70":["92","88","69","88","95","111","92","91","102","125","124","121"],
  "ROUND71":["94","88","72","87","97","111","94","91","104","124","127","121"],
  "ROUND72":["96","90","74","89","97","113","94","93","104","124","127","121"],
  "ROUND73":["98","92","74","91","99","112","96","95","106","126","130","121"],
  "ROUND74":["100","94","76","93","98","112","98","97","108","126","133","123"],
  "ROUND75":["102","94","76","95","100","114","98","100","110","128","132","123"],
  "ROUND76":["101","94","76","97","102","116","100","102","109","131","135","125"],
  "ROUND77":["103","96","78","99","104","116","102","104","109","131","135","127"],
  "ROUND78":["105","98","80","101","104","118","104","106","111","131","135","127"],
  "ROUND79":["105","100","82","103","106","120","104","108","113","133","137","129"],
  "ROUND80":["107","100","84","105","108","119","106","110","113","135","140","131"]
}
