{
  "ID":["0","1","2","3","4","5","6","7","8","9","10","11"],
  "ROUND1":["2","2","0","-1","2","2","2","2","0","3","3","-1"],
  "ROUND2":["4","2","2","1","4","4","4","2","2","5","5","1"],
  "ROUND3":["6","2","4","3","6","6","4","1","4","8","8","0"],
  "ROUND4":["8","4","6","5","8","8","6","0","4","11","10","0"],
  "ROUND5":["10","6","8","5","10","10","6","2","6","13","12","2"],
  "ROUND6":["12","8","10","7","12","10","6","4","9","15","11","4"],
  "ROUND7":["11","8","12","7","14","12","5","6","11","18","13","7"],
  "ROUND8":["13","10","14","6","13","14","4","6","14","21","16","7"],
  "ROUND9":["13","9","13","8","15","16","6","8","17","23","19","7"],
  "ROUND10":["15","11","15","10","15","16","8","10","17","23","21","9"],
  "ROUND11":["17","13","17","10","14","15","10","10","19","25","24","12"],
  "ROUND12":["17","15","19","12","13","17","12","12","19","28","23","15"],
  "ROUND13":["19","17","21","14","12","19","14","14","22","28","23","17"],
  "ROUND14":["21","17","21","16","11","21","16","16","25","30","25","19"],
  "ROUND15":["23","19","23","16","13","23","15","18","25","30","28","19"],
  "ROUND16":["25","18","23","18","15","25","14","18","27","33","31","21"],
  "ROUND17":["27","20","25","20","17","25","16","17","29","36","33","21"],
  "ROUND18":["29","22","27","19","19","27","16","17","31","39","35","23"],
  "ROUND19":["31","24","27","21","18","26","16","16","34","41","38","26"],
  "ROUND20":["33","26","27","23","20","28","18","16","36","41","40","26"],
  "ROUND21":["33","28","29","25","19","27","18","18","38","44","43","28"],
  "ROUND22":["35","30","31","25","21","29","20","17","40","47","43","30"],
  "ROUND23":["37","29","33","27","23","29","22","19","42","47","46","32"],
  "ROUND24":["39","31","35","29","25","29","21","21","45","46","46","35"],
  "ROUND25":["41","31","37","28","27","31","23","23","45","46","49","35"],
  "ROUND26":["41","33","39","30","29","31","25","25","48","48","48","37"],
  "ROUND27":["41","35","41","32","31","31","27","27","50","50","50","39"],
  "ROUND28":["43","35","40","31","33","30","27","29","53","52","53","42"],
  "ROUND29":["45","37","42","33","33","32","26","31","53","52","56","42"],
  "ROUND30":["47","36","42","35","35","34","28","33","53","52","56","45"],
  "ROUND31":["49","38","44","34","35","36","30","35","56","55","55","45"],
  "ROUND32":["51","38","46","36","34","38","32","37","56","54","58","48"],
  "ROUND33":["53","40","46","38","36","40","34","39","56","54","60","48"],
  "ROUND34":["52","40","48","40","36","42","34","41","59","56","60","50"],
  "ROUND35":["54","40","50","42","38","44","33","43","62","56","63","49"],
  "ROUND36":["54","42","52","44","40","46","32","45","65","59","62","49"],
  "ROUND37":["56","44","54","46","42","48","32","47","68","59","61","51"],
  "ROUND38":["58","46","56","48","44","48","34","47","68","59","63","53"],
  "ROUND39":["60","45","58","50","44","47","34","46","70","62","66","56"],
  "ROUND40":["59","45","60","52","46","49","33","46","72","64","69","59"],
  "ROUND41":["59","47","62","54","48","51","32","48","74","64","71","62"],
  "ROUND42":["58","49","64","56","47","51","34","48","76","66","74","65"],
  "ROUND43":["60","51","66","58","49","53","36","50","76","66","74","65"],
  "ROUND44":["60","50","65","60","51","55","36","52","79","65","77","68"],
  "ROUND45":["62","52","67","62","51","57","38","54","79","68","76","70"],
  "ROUND46":["64","52","69","64","53","59","41","56","79","67","79","69"],
  "ROUND47":["66","54","69","66","55","61","44","55","81","70","78","69"],
  "ROUND48":["68","54","71","66","54","63","44","57","84","72","78","71"],
  "ROUND49":["70","56","73","68","56","65","46","59","84","74","78","73"],
  "ROUND50":["72","58","75","70","58","67","48","61","84","76","80","73"],
  "ROUND51":["72","60","77","69","60","69","50","63","87","78","82","73"],
  "ROUND52":["74","62","77","71","62","71","50","62","90","78","82","75"],
  "ROUND53":["76","64","76","71","64","73","52","62","89","80","85","78"],
  "ROUND54":["78","66","78","73","64","75","51","64","91","83","85","80"],
  "ROUND55":["80","68","80","72","63","77","51","66","93","86","88","80"],
  "ROUND56":["82","70","79","74","65","77","53","68","95","88","88","83"],
  "ROUND57":["82","72","81","76","65","76","52","70","95","91","91","83"],
  "ROUND58":["82","71","83","78","67","78","54","72","97","91","94","85"],
  "ROUND59":["84","73","82","78","69","80","56","74","100","91","97","84"],
  "ROUND60":["86","75","84","80","71","80","58","74","100","90","97","87"],
  "ROUND61":["86","75","84","79","74","82","60","76","102","93","96","87"],
  "ROUND62":["86","77","86","81","76","84","62","78","102","95","96","87"],
  "ROUND63":["86","79","88","83","76","86","64","80","105","94","96","87"],
  "ROUND64":["86","79","90","85","78","88","66","82","105","94","98","89"],
  "ROUND65":["88","79","92","87","80","87","68","82","107","97","100","91"],
  "ROUND66":["90","81","94","86","82","87","68","81","110","100","103","90"],
  "ROUND67":["92","81","96","88","84","89","70","83","112","102","105","90"],
  "ROUND68":["94","83","98","90","84","91","72","85","111","102","108","92"],
  "ROUND69":["96","85","100","92","86","90","72","87","113","105","110","92"],
  "ROUND70":["96","84","102","92","89","92","72","89","116","107","109","92"],
  "ROUND71":["96","86","104","94","89","94","74","91","118","109","111","94"],
  "ROUND72":["98","88","106","96","91","93","74","93","118","112","114","93"],
  "ROUND73":["100","88","106","98","91","95","76","92","120","115","114","95"],
  "ROUND74":["100","88","108","100","93","97","78","94","122","118","116","94"],
  "ROUND75":["102","90","110","102","95","97","77","94","125","121","115","96"],
  "ROUND76":["104","92","113","104","95","97","80","96","124","124","114","95"],
  "ROUND77":["103","92","115","104","97","97","83","95","123","124","117","98"],
  "ROUND78":["105","92","117","106","100","99","85","95","122","126","119","100"],
  "ROUND79":["105","91","119","106","102","98","87","97","125","128","121","103"],
  "ROUND80":["107","93","121","108","104","98","87","99","127","130","123","105"]
}
