{
  "ID":["0","1","2","3","4","5","6","7","8","9","10","11"],
  "ROUND1":["2","2","-1","2","3","0","0","2","3","2","2","-1"],
  "ROUND2":["1","4","-2","2","5","2","3","2","6","1","4","2"],
  "ROUND3":["3","4","-3","2","5","5","3","1","9","3","6","4"],
  "ROUND4":["2","4","-4","1","8","5","6","1","8","3","9","7"],
  "ROUND5":["2","3","-5","3","11","5","8","1","7","3","12","10"],
  "ROUND6":["4","5","-5","3","14","5","8","0","9","2","14","13"],
  "ROUND7":["6","7","-6","5","17","7","10","0","9","4","14","13"],
  "ROUND8":["5","7","-7","8","20","9","13","2","12","3","14","12"],
  "ROUND9":["7","7","-5","11","22","11","12","4","11","6","16","12"],
  "ROUND10":["9","6","-6","11","25","13","14","4","13","6","16","15"],
  "ROUND11":["8","8","-6","13","27","15","17","3","13","8","18","18"],
  "ROUND12":["10","10","-4","15","27","17","19","5","13","10","20","20"],
  "ROUND13":["9","12","-2","17","29","17","22","5","12","10","20","23"],
  "ROUND14":["8","11","-2","20","31","16","25","7","15","9","23","23"],
  "ROUND15":["8","10","-3","19","30","19","27","10","18","9","25","26"],
  "ROUND16":["7","10","-1","22","32","19","30","12","17","11","27","28"],
  "ROUND17":["9","12","1","24","32","21","30","12","17","13","27","28"],
  "ROUND18":["8","11","0","27","32","24","29","15","16","13","30","31"],
  "ROUND19":["8","10","-1","30","35","24","31","17","19","15","32","30"],
  "ROUND20":["10","9","-1","33","35","23","33","20","22","15","31","30"],
  "ROUND21":["12","8","1","33","35","26","35","22","21","18","33","32"],
  "ROUND22":["11","10","0","36","38","25","35","25","21","20","32","35"],
  "ROUND23":["13","9","2","36","41","25","35","28","20","20","32","35"],
  "ROUND24":["15","9","4","38","41","27","37","30","19","22","35","37"],
  "ROUND25":["15","8","3","38","41","26","40","33","22","25","35","36"],
  "ROUND26":["14","10","2","37","41","28","43","33","22","25","38","39"],
  "ROUND27":["16","9","1","37","43","28","46","36","21","25","41","39"],
  "ROUND28":["18","11","1","39","45","28","46","38","23","24","41","42"],
  "ROUND29":["18","13","0","39","44","27","48","41","26","26","44","44"],
  "ROUND30":["20","12","-1","42","46","27","51","43","26","28","43","47"],
  "ROUND31":["22","14","-2","44","46","27","51","43","25","31","45","50"],
  "ROUND32":["21","16","0","44","45","27","53","45","28","31","45","53"],
  "ROUND33":["23","18","0","46","45","27","53","47","31","30","45","53"],
  "ROUND34":["22","20","2","49","44","27","55","49","31","33","45","53"],
  "ROUND35":["21","20","1","49","43","30","57","52","33","35","48","55"],
  "ROUND36":["23","19","3","49","46","30","56","51","36","35","51","55"],
  "ROUND37":["25","18","5","49","49","29","59","51","39","35","51","54"],
  "ROUND38":["27","18","7","49","49","29","58","50","38","38","54","57"],
  "ROUND39":["29","18","9","51","51","31","57","50","40","41","53","60"],
  "ROUND40":["29","17","9","51","51","31","56","50","40","44","53","63"],
  "ROUND41":["28","19","8","54","51","33","56","52","40","47","53","65"],
  "ROUND42":["28","21","10","56","53","35","55","54","42","49","56","65"],
  "ROUND43":["27","21","12","56","55","38","55","53","45","51","56","67"],
  "ROUND44":["26","23","11","56","58","38","57","56","45","50","59","67"],
  "ROUND45":["28","22","13","55","58","41","59","56","47","53","62","66"],
  "ROUND46":["28","24","12","57","61","40","61","59","50","55","62","65"],
  "ROUND47":["30","26","14","57","61","40","61","59","49","55","65","67"],
  "ROUND48":["30","25","16","60","61","42","60","59","49","58","64","70"],
  "ROUND49":["32","28","16","60","60","42","60","61","49","57","64","73"],
  "ROUND50":["34","27","15","60","60","45","62","61","52","56","64","76"],
  "ROUND51":["33","29","17","60","60","48","62","61","51","56","67","76"],
  "ROUND52":["35","29","16","59","60","50","65","64","51","59","66","76"],
  "ROUND53":["37","28","15","58","63","49","68","64","53","62","66","79"],
  "ROUND54":["36","31","15","61","63","49","71","64","53","61","65","79"],
  "ROUND55":["35","33","17","64","65","49","70","66","56","60","68","79"],
  "ROUND56":["37","36","19","63","67","49","70","66","56","59","71","81"],
  "ROUND57":["39","36","21","63","70","49","72","66","56","58","73","81"],
  "ROUND58":["38","36","21","63","73","51","71","65","59","58","75","84"],
  "ROUND59":["37","35","23","63","73","51","74","65","59","58","77","87"],
  "ROUND60":["36","37","25","63","72","54","76","67","59","60","80","89"],
  "ROUND61":["35","36","27","63","75","57","78","67","59","63","80","88"],
  "ROUND62":["34","36","26","66","75","60","77","70","59","66","80","87"],
  "ROUND63":["36","38","28","65","75","62","80","72","59","68","83","86"],
  "ROUND64":["35","38","28","64","75","64","83","74","62","68","83","86"],
  "ROUND65":["37","37","30","64","74","66","83","77","65","70","83","86"],
  "ROUND66":["39","37","32","63","76","69","82","77","67","70","86","86"],
  "ROUND67":["38","40","32","63","75","71","85","77","69","70","88","88"],
  "ROUND68":["40","42","34","63","75","73","87","76","72","72","87","91"],
  "ROUND69":["42","41","34","63","75","73","89","76","75","75","86","91"],
  "ROUND70":["44","40","36","65","75","73","89","76","75","78","88","91"],
  "ROUND71":["46","40","38","67","77","75","92","79","77","77","87","91"],
  "ROUND72":["45","40","40","67","79","75","92","81","77","77","90","93"],
  "ROUND73":["44","40","39","69","82","74","92","83","77","80","93","93"],
  "ROUND74":["44","40","39","69","82","74","94","85","79","82","93","93"],
  "ROUND75":["43","43","41","69","81","77","96","85","81","82","93","95"],
  "ROUND76":["42","46","40","68","80","80","99","88","81","81","96","95"],
  "ROUND77":["42","45","43","68","80","79","102","88","84","81","96","94"],
  "ROUND78":["41","47","42","68","83","81","101","88","87","84","99","93"],
  "ROUND79":["43","46","44","68","82","83","101","90","90","84","99","96"],
  "ROUND80":["45","48","44","70","81","83","104","90","89","86","99","99"]
}
