{
  "ID":["0","1","2","3","4","5","6","7","8","9","10","11"],
  "ROUND1":["2","0","2","2","0","2","2","2","3","2","2","-1"],
  "ROUND2":["2","-1","1","4","0","4","4","5","5","4","4","2"],
  "ROUND3":["4","1","3","6","2","3","6","5","8","4","6","4"],
  "ROUND4":["6","3","5","6","4","5","6","7","10","7","8","3"],
  "ROUND5":["8","5","7","8","6","7","5","7","12","9","11","3"],
  "ROUND6":["8","5","9","7","8","9","7","6","14","11","14","6"],
  "ROUND7":["10","4","8","7","10","11","9","5","17","14","17","6"],
  "ROUND8":["9","3","8","9","9","13","11","7","20","17","20","6"],
  "ROUND9":["8","5","7","11","9","15","13","10","23","20","20","5"],
  "ROUND10":["10","7","9","13","9","17","15","10","22","19","23","8"],
  "ROUND11":["12","9","11","15","11","19","17","13","24","19","22","8"],
  "ROUND12":["14","11","13","17","13","21","19","15","26","21","22","8"],
  "ROUND13":["16","11","15","16","15","20","21","15","29","23","25","10"],
  "ROUND14":["18","13","15","16","14","22","23","17","31","26","28","9"],
  "ROUND15":["20","15","17","16","14","24","25","19","33","28","30","11"],
  "ROUND16":["22","17","16","16","16","26","27","21","36","27","30","14"],
  "ROUND17":["21","19","16","18","18","28","26","23","39","30","30","16"],
  "ROUND18":["20","21","16","17","20","27","28","25","42","33","30","19"],
  "ROUND19":["22","23","18","17","22","26","27","28","41","33","33","22"],
  "ROUND20":["21","25","20","19","24","28","29","28","43","33","36","24"],
  "ROUND21":["23","27","19","19","26","28","28","31","45","35","39","26"],
  "ROUND22":["25","29","21","21","25","28","30","33","45","37","41","29"],
  "ROUND23":["25","31","23","23","27","30","29","35","47","40","43","29"],
  "ROUND24":["25","30","22","25","29","32","31","37","50","43","43","31"],
  "ROUND25":["27","32","24","27","28","34","31","36","50","45","46","34"],
  "ROUND26":["29","34","26","29","30","36","31","38","53","47","46","33"],
  "ROUND27":["31","34","28","29","32","38","33","41","52","49","46","33"],
  "ROUND28":["33","34","30","28","32","37","35","43","54","52","49","35"],
  "ROUND29":["33","33","29","30","31","36","35","46","56","55","52","38"],
  "ROUND30":["35","33","31","29","33","38","37","45","59","55","54","41"],
  "ROUND31":["37","35","33","31","35","37","37","45","61","58","56","43"],
  "ROUND32":["39","37","35","31","34","39","39","45","63","58","59","43"],
  "ROUND33":["41","36","37","33","33","38","41","45","66","61","59","46"],
  "ROUND34":["43","38","39","35","35","40","41","47","69","61","58","48"],
  "ROUND35":["42","37","41","34","35","42","40","50","72","61","61","51"],
  "ROUND36":["44","39","43","33","37","45","42","52","72","60","64","51"],
  "ROUND37":["46","38","43","33","36","47","44","52","74","63","64","54"],
  "ROUND38":["46","40","45","35","38","49","46","52","74","63","63","57"],
  "ROUND39":["48","42","44","35","40","51","48","54","77","63","62","60"],
  "ROUND40":["50","44","44","37","42","53","50","57","77","63","61","60"],
  "ROUND41":["50","46","43","37","44","52","52","59","80","65","63","63"],
  "ROUND42":["52","48","45","37","43","51","52","62","80","68","63","65"],
  "ROUND43":["54","50","44","36","45","53","52","62","83","67","66","68"],
  "ROUND44":["56","50","46","35","47","52","51","62","85","70","69","71"],
  "ROUND45":["55","50","45","34","46","54","53","65","88","70","72","74"],
  "ROUND46":["55","49","47","36","48","56","55","64","91","72","72","77"],
  "ROUND47":["57","48","47","35","50","55","57","67","94","74","75","77"],
  "ROUND48":["59","51","47","37","52","57","59","69","94","76","74","79"],
  "ROUND49":["58","50","49","39","54","57","61","69","97","79","76","81"],
  "ROUND50":["60","52","51","39","56","59","60","71","100","79","78","83"],
  "ROUND51":["62","54","53","42","58","61","62","73","99","81","78","83"],
  "ROUND52":["61","56","55","42","57","60","64","76","102","83","78","86"],
  "ROUND53":["60","58","57","42","59","62","66","76","105","85","81","85"],
  "ROUND54":["62","60","59","41","61","64","68","79","105","87","83","85"],
  "ROUND55":["64","62","58","43","63","66","70","79","105","90","82","88"],
  "ROUND56":["66","64","58","42","65","68","70","82","107","92","82","88"],
  "ROUND57":["68","63","60","44","65","70","72","81","110","94","82","91"],
  "ROUND58":["67","65","62","44","64","70","74","84","112","94","85","91"],
  "ROUND59":["66","67","64","46","63","72","76","87","112","96","88","91"],
  "ROUND60":["68","67","64","48","63","71","78","87","112","98","91","91"],
  "ROUND61":["70","69","64","50","62","70","80","87","114","100","94","94"],
  "ROUND62":["72","69","66","52","64","72","82","87","116","102","94","94"],
  "ROUND63":["71","69","68","55","66","74","84","89","115","102","96","97"],
  "ROUND64":["73","71","70","55","68","74","86","91","117","104","98","99"],
  "ROUND65":["75","71","72","57","71","77","88","91","119","106","97","98"],
  "ROUND66":["77","73","74","59","71","79","90","90","122","106","99","100"],
  "ROUND67":["77","75","76","61","73","81","90","92","125","108","101","99"],
  "ROUND68":["79","77","75","63","75","80","92","95","125","110","101","102"],
  "ROUND69":["81","77","77","65","74","80","94","97","128","113","103","101"],
  "ROUND70":["83","80","79","65","76","82","93","100","128","113","102","101"],
  "ROUND71":["83","80","81","64","75","84","95","103","131","116","104","100"],
  "ROUND72":["83","83","84","66","77","84","97","103","130","116","103","102"],
  "ROUND73":["83","85","86","68","79","83","99","103","133","118","103","102"],
  "ROUND74":["85","87","86","68","79","82","101","105","136","118","103","102"],
  "ROUND75":["85","86","88","70","79","85","103","104","136","121","105","102"],
  "ROUND76":["85","88","90","72","81","87","103","106","136","123","107","102"],
  "ROUND77":["87","90","92","74","83","87","105","105","136","125","110","104"],
  "ROUND78":["89","92","94","73","85","89","107","105","136","127","112","107"],
  "ROUND79":["91","91","93","72","87","91","107","108","138","130","115","107"],
  "ROUND80":["93","93","95","72","89","90","109","110","138","130","115","110"]
}
