{
  "ID":["0","1","2","3","4","5","6","7","8","9","10","11"],
  "ROUND1":["0","-1","0","0","0","0","0","0","0","0","0","-1"],
  "ROUND2":["0","-1","0","0","0","0","0","1","-1","1","1","1"],
  "ROUND3":["0","0","-1","0","-1","0","0","0","0","0","0","1"],
  "ROUND4":["0","0","0","0","-1","0","-1","1","1","1","1","0"],
  "ROUND5":["0","-1","0","0","0","0","0","-1","1","1","1","0"],
  "ROUND6":["0","0","0","0","-1","0","-1","0","1","0","0","1"],
  "ROUND7":["0","0","0","0","0","0","-1","1","0","-1","1","1"],
  "ROUND8":["0","-1","0","0","0","-1","0","0","0","0","1","0"],
  "ROUND9":["0","0","-1","0","-1","0","0","0","1","0","0","1"],
  "ROUND10":["-1","0","0","0","0","0","0","1","0","0","-1","0"],
  "ROUND11":["0","0","0","0","0","0","0","-1","0","0","-1","1"],
  "ROUND12":["0","0","0","0","0","-1","0","1","0","1","0","-1"],
  "ROUND13":["0","0","0","0","-1","-1","0","0","1","0","1","1"],
  "ROUND14":["0","-1","0","0","0","0","0","0","0","1","-1","0"],
  "ROUND15":["0","0","0","0","0","-1","-1","1","1","1","1","0"],
  "ROUND16":["0","0","0","0","0","0","-1","0","0","1","1","-1"],
  "ROUND17":["0","-1","0","0","-1","0","0","1","0","0","1","1"],
  "ROUND18":["0","0","0","0","0","-1","0","1","0","1","-1","1"],
  "ROUND19":["0","0","0","0","0","0","0","1","-1","0","-1","1"],
  "ROUND20":["0","-1","0","0","0","0","-1","1","1","0","0","0"],
  "ROUND21":["0","0","0","0","0","0","-1","1","1","0","-1","1"],
  "ROUND22":["0","0","-1","0","0","0","0","0","1","-1","0","1"],
  "ROUND23":["0","0","0","0","0","-1","-1","1","1","0","1","0"],
  "ROUND24":["0","-1","0","0","0","0","0","1","0","1","0","-1"],
  "ROUND25":["0","0","-1","0","0","0","0","0","0","0","0","-1"],
  "ROUND26":["1","0","0","0","0","-1","0","-1","0","0","1","1"],
  "ROUND27":["1","0","0","0","0","0","0","1","-1","1","1","-1"],
  "ROUND28":["0","0","0","0","0","0","0","1","-1","-1","1","1"],
  "ROUND29":["-1","0","0","0","0","-1","0","1","1","0","1","0"],
  "ROUND30":["0","0","0","0","0","0","-1","1","-1","0","1","1"],
  "ROUND31":["0","1","0","0","0","0","-1","0","-1","0","1","1"],
  "ROUND32":["0","0","0","-1","0","-1","0","0","0","1","1","1"],
  "ROUND33":["-1","0","0","-1","0","0","0","1","1","1","0","1"],
  "ROUND34":["0","0","0","-1","0","-1","0","1","1","1","0","1"],
  "ROUND35":["-1","0","0","0","0","0","0","-1","1","0","0","1"],
  "ROUND36":["0","0","0","-1","0","0","0","-1","1","1","1","1"],
  "ROUND37":["0","0","0","0","0","0","-1","1","1","0","1","-1"],
  "ROUND38":["-1","-1","0","0","0","0","0","0","1","1","1","1"],
  "ROUND39":["0","0","0","0","0","-1","0","0","0","-1","1","0"],
  "ROUND40":["0","-1","0","-1","0","0","0","1","1","0","0","0"],
  "ROUND41":["-1","0","0","0","0","-1","0","1","1","1","0","0"],
  "ROUND42":["0","-1","0","0","0","0","0","1","1","0","1","-1"],
  "ROUND43":["-1","1","0","0","0","0","0","1","1","1","-1","0"],
  "ROUND44":["1","0","0","-1","0","0","0","1","0","1","1","-1"],
  "ROUND45":["0","0","0","0","0","0","0","-1","0","-1","1","0"],
  "ROUND46":["0","-1","0","0","0","0","0","0","1","1","-1","0"],
  "ROUND47":["0","0","0","0","0","-1","0","1","0","-1","1","1"],
  "ROUND48":["0","0","0","0","-1","0","0","0","-1","0","0","1"],
  "ROUND49":["0","0","0","0","-1","0","0","0","1","0","-1","0"],
  "ROUND50":["0","0","0","0","0","0","0","1","0","0","-1","-1"],
  "ROUND51":["0","1","0","1","0","0","-1","0","1","1","-1","1"],
  "ROUND52":["0","-1","0","0","0","-1","0","1","1","1","1","1"],
  "ROUND53":["0","0","0","0","-1","0","0","-1","0","0","0","1"],
  "ROUND54":["1","0","1","0","-1","0","0","1","0","1","1","-1"],
  "ROUND55":["0","-1","0","0","0","0","0","1","1","1","1","-1"],
  "ROUND56":["-1","0","0","0","0","0","0","1","0","1","-1","0"],
  "ROUND57":["0","-1","0","0","0","0","0","-1","0","1","1","0"],
  "ROUND58":["0","-1","0","0","0","0","0","0","-1","1","1","0"],
  "ROUND59":["0","0","-1","0","0","-1","0","1","1","1","0","0"],
  "ROUND60":["0","0","0","0","-1","0","-1","0","1","0","1","0"],
  "ROUND61":["0","0","0","0","0","0","1","-1","0","-1","1","1"],
  "ROUND62":["0","0","0","0","0","-1","0","0","-1","0","1","0"],
  "ROUND63":["1","1","0","-1","0","0","0","0","1","1","0","-1"],
  "ROUND64":["0","0","-1","-1","0","0","0","0","0","1","1","1"],
  "ROUND65":["0","0","0","0","0","0","0","1","-1","0","0","-1"],
  "ROUND66":["0","0","-1","0","0","0","0","0","0","1","0","-1"],
  "ROUND67":["0","0","0","0","-1","0","0","1","1","-1","1","0"],
  "ROUND68":["-1","0","-1","0","0","0","0","1","0","1","1","0"],
  "ROUND69":["-1","-1","0","0","0","0","0","1","1","1","1","0"],
  "ROUND70":["-1","0","-1","0","0","0","0","0","0","1","0","0"],
  "ROUND71":["-1","0","0","-1","0","0","0","0","1","0","0","0"],
  "ROUND72":["0","0","0","0","0","0","0","-1","0","0","0","-1"],
  "ROUND73":["0","-1","0","0","0","0","0","0","-1","1","0","0"],
  "ROUND74":["0","1","0","0","-1","-1","0","0","0","0","0","0"],
  "ROUND75":["0","1","-1","0","-1","0","0","1","1","1","0","0"],
  "ROUND76":["-1","0","0","1","1","-1","0","1","1","1","0","1"],
  "ROUND77":["0","0","0","0","0","0","0","-1","1","0","0","-1"],
  "ROUND78":["0","0","0","0","0","-1","0","0","0","1","-1","1"],
  "ROUND79":["0","0","0","0","0","0","-1","1","0","1","-1","0"],
  "ROUND80":["0","0","0","-1","0","0","0","0","1","-1","0","1"]
}
