{
  "ID":["0","1","2","3","4","5","6","7","8","9","10","11"],
  "ROUND1":["0","0","0","0","0","-1","0","0","0","-1","1","0"],
  "ROUND2":["-1","0","0","0","0","0","0","0","0","1","-1","0"],
  "ROUND3":["0","0","-1","0","0","0","0","0","0","-1","0","1"],
  "ROUND4":["0","0","0","0","0","0","-1","0","0","-1","0","1"],
  "ROUND5":["-1","0","0","-1","0","0","0","0","0","1","0","0"],
  "ROUND6":["-1","0","0","0","0","0","0","0","-1","1","1","0"],
  "ROUND7":["-1","0","-1","0","0","0","0","0","0","1","0","0"],
  "ROUND8":["0","0","-1","0","0","0","0","-1","0","1","0","0"],
  "ROUND9":["-1","0","0","0","0","0","0","-1","0","1","0","1"],
  "ROUND10":["-1","0","0","0","0","0","0","0","0","-1","1","1"],
  "ROUND11":["-1","0","0","-1","0","0","0","0","0","1","1","1"],
  "ROUND12":["0","-1","0","0","0","0","0","0","0","-1","0","1"],
  "ROUND13":["-1","0","0","0","0","0","0","0","0","0","-1","1"],
  "ROUND14":["0","0","0","0","0","-1","0","0","0","0","1","-1"],
  "ROUND15":["0","0","0","-1","0","0","0","0","-1","1","0","1"],
  "ROUND16":["0","0","0","0","0","-1","0","0","-1","1","1","0"],
  "ROUND17":["0","0","-1","0","0","0","0","0","0","0","-1","1"],
  "ROUND18":["0","-1","0","0","-1","0","0","0","0","0","1","1"],
  "ROUND19":["0","0","0","-1","0","-1","0","0","0","0","0","0"],
  "ROUND20":["0","-1","0","0","0","0","0","0","0","0","0","-1"],
  "ROUND21":["0","0","0","0","0","-1","0","0","0","-1","0","1"],
  "ROUND22":["0","0","-1","0","0","0","0","0","-1","0","1","1"],
  "ROUND23":["0","0","0","0","0","0","0","0","-1","1","1","-1"],
  "ROUND24":["0","-1","-1","0","0","0","0","0","0","1","0","1"],
  "ROUND25":["0","0","0","0","-1","0","0","0","0","1","0","-1"],
  "ROUND26":["0","0","0","0","0","0","-1","0","0","-1","0","0"],
  "ROUND27":["0","0","0","-1","0","0","-1","1","0","1","0","0"],
  "ROUND28":["0","0","0","0","0","-1","0","0","0","1","-1","1"],
  "ROUND29":["0","0","-1","0","0","0","0","0","-1","1","1","1"],
  "ROUND30":["0","0","-1","0","0","0","0","-1","0","1","0","0"],
  "ROUND31":["0","-1","0","0","0","0","0","0","0","0","1","-1"],
  "ROUND32":["-1","0","0","0","0","0","0","-1","0","1","0","0"],
  "ROUND33":["0","0","-1","0","-1","0","0","0","0","0","1","0"],
  "ROUND34":["0","0","0","0","0","-1","0","0","0","0","-1","0"],
  "ROUND35":["0","0","0","0","-1","0","0","0","-1","0","0","0"],
  "ROUND36":["0","0","0","-1","0","0","0","-1","0","0","1","0"],
  "ROUND37":["-1","0","0","0","0","-1","0","0","0","0","1","0"],
  "ROUND38":["0","0","0","-1","0","0","0","-1","0","1","0","1"],
  "ROUND39":["-1","0","0","0","0","0","0","0","-1","1","0","0"],
  "ROUND40":["0","0","-1","-1","0","0","0","0","0","1","1","1"],
  "ROUND41":["0","0","-1","0","0","0","0","0","-1","1","0","0"],
  "ROUND42":["0","0","0","-1","0","0","0","0","0","0","-1","0"],
  "ROUND43":["0","0","0","0","0","-1","0","-1","0","1","0","0"],
  "ROUND44":["-1","0","0","0","0","0","0","0","-1","0","0","1"],
  "ROUND45":["0","0","0","0","-1","0","0","0","0","1","1","-1"],
  "ROUND46":["0","0","0","-1","0","0","0","0","0","0","0","-1"],
  "ROUND47":["0","0","0","0","0","0","0","-1","0","0","-1","1"],
  "ROUND48":["0","0","0","0","-1","0","0","0","0","1","-1","1"],
  "ROUND49":["-1","0","0","0","0","0","0","-1","0","0","0","0"],
  "ROUND50":["0","0","0","0","-1","0","0","0","-1","0","0","0"],
  "ROUND51":["0","0","-1","0","-1","0","0","0","0","1","0","0"],
  "ROUND52":["-1","0","0","0","0","0","-1","0","0","0","1","1"],
  "ROUND53":["0","0","-1","0","0","0","0","-1","0","0","1","0"],
  "ROUND54":["-1","0","0","0","-1","0","0","0","0","0","0","1"],
  "ROUND55":["0","0","0","0","-1","0","0","0","-1","1","0","1"],
  "ROUND56":["0","0","0","0","-1","0","0","0","0","0","0","-1"],
  "ROUND57":["0","0","0","0","0","0","-1","0","-1","0","1","1"],
  "ROUND58":["1","0","0","-1","0","0","0","0","0","0","1","-1"],
  "ROUND59":["0","0","0","0","0","0","0","0","0","-1","0","-1"],
  "ROUND60":["0","0","0","0","0","-1","0","0","0","-1","0","0"],
  "ROUND61":["-1","0","0","0","0","0","0","-1","0","1","0","0"],
  "ROUND62":["0","0","0","0","0","0","0","-1","0","0","1","-1"],
  "ROUND63":["0","0","0","0","0","0","0","0","-1","1","-1","0"],
  "ROUND64":["0","-1","0","0","0","0","0","-1","0","1","1","1"],
  "ROUND65":["0","0","0","0","0","-1","0","0","0","-1","0","1"],
  "ROUND66":["0","0","0","-1","0","0","0","0","0","1","-1","1"],
  "ROUND67":["0","0","0","0","0","-1","0","0","0","0","0","-1"],
  "ROUND68":["0","0","0","-1","0","0","0","0","-1","1","0","0"],
  "ROUND69":["0","0","0","0","-1","0","0","-1","0","1","0","0"],
  "ROUND70":["0","0","0","-1","0","0","0","0","0","0","1","-1"],
  "ROUND71":["0","0","-1","-1","0","0","0","0","1","1","0","0"],
  "ROUND72":["-1","0","0","0","0","0","0","0","0","1","-1","0"],
  "ROUND73":["0","0","0","-1","0","-1","0","0","0","0","1","1"],
  "ROUND74":["0","0","1","0","0","0","-1","-1","0","0","0","0"],
  "ROUND75":["0","0","-1","0","0","0","0","0","0","0","-1","1"],
  "ROUND76":["0","0","0","0","0","-1","0","-1","0","1","1","1"],
  "ROUND77":["0","-1","0","1","0","0","-1","1","0","1","1","0"],
  "ROUND78":["-1","0","0","0","0","-1","0","0","0","0","1","0"],
  "ROUND79":["-1","0","0","0","0","-1","0","0","0","1","1","0"],
  "ROUND80":["0","0","0","-1","0","0","0","0","0","0","-1","1"]
}
