{
  "ID":["0","1","2","3","4","5","6","7","8","9","10","11"],
  "ROUND1":["0","-1","0","1","0","0","0","-1","1","0","0","1"],
  "ROUND2":["0","-1","1","0","-1","0","0","1","0","0","1","1"],
  "ROUND3":["0","0","1","1","1","-1","-1","0","0","1","0","1"],
  "ROUND4":["0","0","0","1","1","1","0","-1","0","1","1","-1"],
  "ROUND5":["-1","0","1","0","0","1","1","0","1","0","1","-1"],
  "ROUND6":["0","0","0","1","1","1","1","-1","0","-1","0","1"],
  "ROUND7":["0","0","1","0","-1","-1","0","0","1","1","1","1"],
  "ROUND8":["0","0","1","0","0","0","-1","-1","0","0","0","1"],
  "ROUND9":["-1","0","1","1","0","0","1","0","1","0","-1","0"],
  "ROUND10":["0","0","0","1","0","-1","0","1","-1","1","0","0"],
  "ROUND11":["0","-1","1","1","1","0","-1","1","1","0","0","1"],
  "ROUND12":["0","0","-1","0","1","1","1","1","1","-1","0","0"],
  "ROUND13":["0","0","1","0","1","-1","1","1","-1","0","1","0"],
  "ROUND14":["0","0","0","0","-1","1","1","-1","0","0","1","1"],
  "ROUND15":["0","0","-1","0","0","0","0","1","-1","0","1","0"],
  "ROUND16":["0","0","-1","0","0","-1","1","1","0","0","0","0"],
  "ROUND17":["0","0","1","1","0","0","1","0","0","-1","1","-1"],
  "ROUND18":["0","0","0","1","0","1","1","1","1","-1","0","-1"],
  "ROUND19":["-1","0","1","0","0","1","0","-1","0","1","1","0"],
  "ROUND20":["0","0","0","0","0","-1","0","-1","0","1","0","0"],
  "ROUND21":["0","0","1","1","0","1","0","-1","-1","1","0","0"],
  "ROUND22":["-1","0","-1","1","1","1","1","0","1","0","1","1"],
  "ROUND23":["0","0","1","1","0","1","-1","0","0","-1","1","0"],
  "ROUND24":["0","0","-1","0","0","1","1","-1","0","0","0","1"],
  "ROUND25":["0","-1","0","1","1","0","-1","1","1","0","0","0"],
  "ROUND26":["0","0","0","-1","-1","0","1","0","0","0","0","0"],
  "ROUND27":["0","0","0","1","0","-1","-1","1","0","1","1","0"],
  "ROUND28":["0","0","1","1","-1","0","0","1","1","-1","0","0"],
  "ROUND29":["0","-1","0","0","-1","1","1","1","0","1","1","0"],
  "ROUND30":["0","0","0","0","0","1","1","-1","1","0","-1","1"],
  "ROUND31":["0","0","0","1","-1","0","1","1","0","1","-1","1"],
  "ROUND32":["0","0","0","-1","1","0","0","0","0","1","-1","1"],
  "ROUND33":["0","-1","1","0","0","0","-1","1","1","0","1","1"],
  "ROUND34":["0","0","1","0","-1","1","0","0","0","-1","0","1"],
  "ROUND35":["0","-1","1","1","0","1","-1","1","0","1","0","0"],
  "ROUND36":["0","0","-1","1","1","0","-1","1","1","0","0","1"],
  "ROUND37":["0","0","0","-1","1","0","0","1","-1","1","0","0"],
  "ROUND38":["0","0","0","-1","-1","0","0","1","1","0","0","0"],
  "ROUND39":["0","0","1","1","0","0","0","-1","1","1","-1","0"],
  "ROUND40":["0","0","-1","0","-1","1","1","1","0","0","0","1"],
  "ROUND41":["0","0","0","1","0","0","0","0","-1","-1","1","1"],
  "ROUND42":["-1","0","-1","1","0","1","1","1","1","0","0","1"],
  "ROUND43":["0","0","0","0","0","0","0","-1","1","0","-1","0"],
  "ROUND44":["1","0","1","1","1","1","0","0","1","0","-1","-1"],
  "ROUND45":["0","0","1","1","1","0","1","-1","1","0","1","-1"],
  "ROUND46":["0","0","1","1","0","0","-1","-1","1","1","0","1"],
  "ROUND47":["0","-1","0","0","1","1","-1","1","0","1","0","1"],
  "ROUND48":["0","0","1","0","-1","0","0","-1","0","0","0","1"],
  "ROUND49":["-1","0","1","1","1","-1","1","1","0","1","1","0"],
  "ROUND50":["0","1","-1","1","0","0","-1","0","0","1","0","1"],
  "ROUND51":["-1","0","0","1","-1","0","1","1","1","0","0","0"],
  "ROUND52":["0","1","1","1","-1","1","0","0","-1","0","1","1"],
  "ROUND53":["0","0","1","0","1","-1","1","1","-1","1","0","1"],
  "ROUND54":["0","0","-1","0","-1","1","1","1","1","1","0","1"],
  "ROUND55":["0","0","-1","1","1","-1","1","1","1","1","0","1"],
  "ROUND56":["0","0","0","-1","1","0","1","1","0","-1","1","0"],
  "ROUND57":["0","-1","0","0","-1","0","1","1","1","1","1","0"],
  "ROUND58":["0","0","1","-1","0","0","1","0","-1","0","0","1"],
  "ROUND59":["0","-1","0","1","0","1","-1","1","0","1","0","0"],
  "ROUND60":["-1","0","1","-1","0","0","0","1","1","1","0","1"],
  "ROUND61":["-1","0","0","0","0","-1","0","1","0","1","1","0"],
  "ROUND62":["0","0","1","0","1","1","-1","0","1","-1","1","1"],
  "ROUND63":["0","0","0","-1","1","0","0","1","0","0","0","-1"],
  "ROUND64":["-1","0","-1","0","1","1","1","1","0","0","1","1"],
  "ROUND65":["-1","-1","1","0","1","1","0","1","0","0","1","1"],
  "ROUND66":["0","-1","1","1","0","0","0","1","1","-1","1","1"],
  "ROUND67":["-1","0","0","0","1","-1","1","0","0","0","0","1"],
  "ROUND68":["1","1","1","0","-1","-1","0","1","1","0","1","1"],
  "ROUND69":["0","0","0","-1","1","0","1","0","1","-1","1","1"],
  "ROUND70":["0","0","1","0","1","1","-1","-1","1","1","1","0"],
  "ROUND71":["1","0","0","-1","-1","1","0","1","0","0","1","0"],
  "ROUND72":["0","-1","0","0","1","1","1","1","0","1","-1","1"],
  "ROUND73":["0","0","0","1","0","1","-1","1","0","1","-1","1"],
  "ROUND74":["0","1","0","-1","1","0","0","0","-1","0","1","1"],
  "ROUND75":["0","-1","-1","1","0","0","0","0","0","1","0","1"],
  "ROUND76":["-1","0","-1","1","0","0","1","1","0","0","0","0"],
  "ROUND77":["0","1","1","-1","0","1","0","1","0","0","1","-1"],
  "ROUND78":["-1","1","-1","0","0","1","0","1","0","1","1","0"],
  "ROUND79":["-1","0","0","0","1","0","-1","1","1","0","1","0"],
  "ROUND80":["0","0","0","-1","1","1","0","0","1","-1","0","1"]
}
