{
  "ID":["0","1","2","3","4","5","6","7","8","9","10","11"],
  "ROUND1":["0","-1","-1","0","0","0","0","0","1","0","1","0"],
  "ROUND2":["0","0","-1","0","0","-1","0","0","1","1","1","1"],
  "ROUND3":["0","0","0","-1","0","0","0","-1","0","1","0","1"],
  "ROUND4":["0","0","0","0","0","0","-1","-1","1","1","1","0"],
  "ROUND5":["0","0","0","0","0","0","0","0","-1","1","-1","0"],
  "ROUND6":["0","0","-1","0","0","0","0","0","0","1","1","-1"],
  "ROUND7":["0","0","-1","0","0","0","0","-1","0","0","0","1"],
  "ROUND8":["0","-1","0","0","-1","0","0","0","1","0","0","1"],
  "ROUND9":["0","0","0","-1","-1","0","0","0","1","0","0","0"],
  "ROUND10":["0","0","0","0","0","0","-1","0","0","-1","0","0"],
  "ROUND11":["-1","0","0","0","0","0","0","0","1","1","-1","1"],
  "ROUND12":["0","-1","0","-1","0","0","0","0","0","1","1","0"],
  "ROUND13":["0","-1","0","0","0","-1","0","0","1","0","1","1"],
  "ROUND14":["0","-1","0","0","0","0","0","0","1","1","-1","1"],
  "ROUND15":["0","0","0","0","0","-1","-1","0","0","0","1","0"],
  "ROUND16":["0","0","-1","-1","0","0","0","0","1","0","0","1"],
  "ROUND17":["0","-1","-1","0","0","0","0","0","0","0","0","1"],
  "ROUND18":["0","0","0","0","0","0","0","0","1","-1","-1","1"],
  "ROUND19":["0","0","0","0","-1","0","0","0","1","1","0","-1"],
  "ROUND20":["0","0","0","0","0","0","0","0","1","-1","-1","0"],
  "ROUND21":["0","0","0","-1","0","0","0","0","0","-1","1","1"],
  "ROUND22":["0","0","0","0","-1","0","-1","0","1","0","0","0"],
  "ROUND23":["0","0","0","0","0","0","0","0","-1","0","-1","1"],
  "ROUND24":["-1","0","0","0","0","0","0","0","1","1","1","-1"],
  "ROUND25":["-1","0","0","-1","0","0","0","0","1","0","1","0"],
  "ROUND26":["0","-1","0","0","0","0","0","0","0","0","-1","1"],
  "ROUND27":["0","0","0","0","0","-1","0","0","1","-1","0","1"],
  "ROUND28":["0","0","0","0","0","0","0","-1","1","-1","1","1"],
  "ROUND29":["0","-1","0","0","0","0","0","0","0","1","1","-1"],
  "ROUND30":["-1","0","0","0","-1","0","0","0","0","0","0","1"],
  "ROUND31":["0","0","0","-1","0","0","0","0","1","-1","0","1"],
  "ROUND32":["0","0","0","-1","0","0","-1","0","1","1","0","1"],
  "ROUND33":["0","0","0","0","-1","0","0","0","0","1","1","-1"],
  "ROUND34":["0","0","0","-1","-1","0","0","0","1","0","0","1"],
  "ROUND35":["0","0","-1","0","0","0","0","0","0","0","1","-1"],
  "ROUND36":["0","0","0","0","0","0","-1","0","1","0","-1","1"],
  "ROUND37":["0","0","-1","0","0","0","0","-1","0","1","0","1"],
  "ROUND38":["-1","0","-1","0","0","0","0","0","1","1","1","1"],
  "ROUND39":["0","0","0","0","0","-1","0","-1","0","1","0","0"],
  "ROUND40":["0","-1","0","0","0","0","0","0","0","1","1","-1"],
  "ROUND41":["-1","0","0","0","0","0","0","0","1","1","0","-1"],
  "ROUND42":["0","-1","0","0","0","0","0","0","1","1","0","-1"],
  "ROUND43":["0","0","0","-1","0","-1","0","0","0","0","1","1"],
  "ROUND44":["0","0","0","0","0","-1","-1","0","0","0","0","1"],
  "ROUND45":["0","0","0","0","0","0","0","0","-1","-1","0","1"],
  "ROUND46":["0","0","0","-1","0","0","0","0","1","1","-1","0"],
  "ROUND47":["0","0","0","0","0","-1","0","0","1","1","-1","1"],
  "ROUND48":["0","0","0","0","0","0","0","0","1","0","-1","-1"],
  "ROUND49":["0","0","0","-1","0","0","0","-1","1","0","1","1"],
  "ROUND50":["0","0","0","0","0","-1","-1","0","0","0","0","0"],
  "ROUND51":["-1","1","0","0","0","0","0","0","1","1","-1","0"],
  "ROUND52":["0","0","0","0","0","-1","0","0","1","-1","0","0"],
  "ROUND53":["0","0","0","0","0","0","-1","-1","1","1","0","0"],
  "ROUND54":["0","0","0","0","-1","0","0","-1","0","0","0","0"],
  "ROUND55":["0","-1","0","0","0","0","0","0","0","1","1","-1"],
  "ROUND56":["0","0","0","0","0","0","-1","0","-1","0","1","0"],
  "ROUND57":["0","0","0","-1","0","0","0","0","0","0","-1","1"],
  "ROUND58":["0","0","0","-1","0","-1","0","0","1","0","1","0"],
  "ROUND59":["0","0","-1","0","0","0","0","0","1","-1","1","0"],
  "ROUND60":["0","0","0","0","-1","0","0","-1","1","0","0","0"],
  "ROUND61":["0","0","0","0","0","-1","0","-1","1","0","0","0"],
  "ROUND62":["0","0","0","0","0","-1","0","0","0","1","-1","0"],
  "ROUND63":["0","0","0","0","0","0","0","-1","-1","1","0","1"],
  "ROUND64":["-1","0","0","0","0","0","0","0","1","0","-1","0"],
  "ROUND65":["0","-1","0","-1","0","0","0","0","1","0","1","0"],
  "ROUND66":["0","-1","0","1","0","0","0","-1","1","0","1","1"],
  "ROUND67":["0","0","0","-1","0","0","0","0","0","0","-1","1"],
  "ROUND68":["0","0","0","0","0","0","-1","0","1","-1","1","1"],
  "ROUND69":["0","0","0","0","0","-1","0","0","0","1","1","-1"],
  "ROUND70":["0","0","0","0","0","0","0","-1","0","0","0","-1"],
  "ROUND71":["0","0","0","-1","0","-1","0","0","1","1","0","1"],
  "ROUND72":["0","0","0","0","0","0","0","0","1","0","-1","-1"],
  "ROUND73":["-1","0","0","0","-1","0","0","0","0","0","0","1"],
  "ROUND74":["0","-1","0","0","0","-1","0","0","1","1","1","0"],
  "ROUND75":["0","1","0","0","0","-1","0","0","0","0","-1","1"],
  "ROUND76":["0","0","-1","0","0","0","0","-1","0","0","1","1"],
  "ROUND77":["0","0","0","0","-1","0","0","-1","0","0","0","1"],
  "ROUND78":["0","0","0","0","0","0","0","-1","0","0","-1","0"],
  "ROUND79":["0","0","1","0","0","-1","0","0","0","1","0","-1"],
  "ROUND80":["0","0","0","0","-1","0","0","0","1","1","1","-1"]
}
