{
  "ID":["0","1","2","3","4","5","6","7","8","9","10","11"],
  "ROUND1":["2","0","-1","3","2","2","-1","0","3","2","-1","3"],
  "ROUND2":["1","0","-1","5","2","4","1","3","5","1","-1","6"],
  "ROUND3":["0","2","2","8","2","4","1","2","7","4","-2","6"],
  "ROUND4":["-1","1","1","11","5","7","0","2","6","7","1","6"],
  "ROUND5":["-1","0","1","13","7","7","3","1","9","6","4","6"],
  "ROUND6":["1","-1","0","16","7","10","3","1","11","6","3","9"],
  "ROUND7":["0","-2","0","18","7","10","2","3","11","9","6","12"],
  "ROUND8":["2","0","3","20","9","9","2","3","13","11","5","15"],
  "ROUND9":["2","-1","3","20","11","11","5","2","16","13","5","17"],
  "ROUND10":["4","1","5","20","13","11","7","2","16","16","7","16"],
  "ROUND11":["3","1","8","20","13","13","7","2","16","15","9","19"],
  "ROUND12":["2","3","8","22","16","16","10","2","16","15","8","18"],
  "ROUND13":["4","5","8","24","19","16","10","2","16","17","8","17"],
  "ROUND14":["3","4","10","26","19","19","13","2","15","16","11","20"],
  "ROUND15":["5","6","10","28","18","21","12","5","15","18","14","22"],
  "ROUND16":["7","5","10","30","17","21","15","8","17","20","16","24"],
  "ROUND17":["9","4","13","33","16","23","15","10","19","20","16","24"],
  "ROUND18":["11","6","15","33","15","23","18","10","19","20","18","24"],
  "ROUND19":["11","8","18","32","14","26","17","10","18","23","21","26"],
  "ROUND20":["13","10","20","34","16","26","16","10","20","26","23","28"],
  "ROUND21":["15","9","23","37","18","26","18","10","20","26","22","30"],
  "ROUND22":["15","8","23","37","18","29","18","9","23","25","25","30"],
  "ROUND23":["17","10","26","40","20","29","18","8","25","25","25","29"],
  "ROUND24":["19","12","26","39","19","32","21","8","27","24","27","32"],
  "ROUND25":["21","12","25","42","22","31","21","11","30","23","26","34"],
  "ROUND26":["23","14","27","42","22","33","24","10","32","25","28","36"],
  "ROUND27":["25","13","29","45","24","33","24","13","31","25","28","38"],
  "ROUND28":["27","15","29","48","24","35","23","16","31","25","27","40"],
  "ROUND29":["26","15","28","50","24","35","26","16","33","28","30","39"],
  "ROUND30":["28","17","30","52","23","35","29","16","36","27","30","39"],
  "ROUND31":["30","16","29","52","23","34","32","19","38","27","30","42"],
  "ROUND32":["32","15","31","52","23","36","34","21","40","27","30","45"],
  "ROUND33":["31","15","34","54","22","35","34","24","43","29","30","45"],
  "ROUND34":["30","17","37","56","22","35","36","26","45","29","32","45"],
  "ROUND35":["32","17","40","56","21","38","36","29","47","29","31","44"],
  "ROUND36":["31","16","40","59","24","37","36","29","50","31","33","44"],
  "ROUND37":["30","18","39","59","27","39","35","32","50","34","35","46"],
  "ROUND38":["29","17","41","59","27","41","37","35","53","36","37","48"],
  "ROUND39":["28","19","44","62","29","40","36","35","56","39","37","47"],
  "ROUND40":["27","21","44","64","29","43","36","38","58","38","39","47"],
  "ROUND41":["29","23","43","67","31","45","35","37","58","38","42","50"],
  "ROUND42":["29","22","43","67","30","48","38","40","58","37","41","53"],
  "ROUND43":["31","24","45","69","32","47","40","40","61","39","41","55"],
  "ROUND44":["31","23","48","72","35","50","39","39","61","38","41","55"],
  "ROUND45":["30","22","48","75","35","49","42","39","64","37","44","55"],
  "ROUND46":["29","24","48","75","37","48","42","39","67","40","43","58"],
  "ROUND47":["31","24","50","77","37","48","42","39","66","43","45","58"],
  "ROUND48":["33","23","53","79","37","50","41","39","68","45","47","61"],
  "ROUND49":["33","22","53","82","40","50","44","39","67","45","47","60"],
  "ROUND50":["35","22","53","82","39","52","44","41","66","48","49","63"],
  "ROUND51":["35","24","52","85","39","54","47","41","66","50","48","65"],
  "ROUND52":["34","24","55","85","39","54","46","43","66","52","51","65"],
  "ROUND53":["36","26","58","84","39","54","46","43","66","52","50","68"],
  "ROUND54":["35","25","58","83","39","57","49","43","69","52","49","71"],
  "ROUND55":["37","27","58","83","39","57","49","46","69","52","48","71"],
  "ROUND56":["36","26","60","83","42","56","52","49","68","52","51","73"],
  "ROUND57":["38","26","59","82","42","58","55","52","68","55","51","72"],
  "ROUND58":["37","28","62","82","44","60","58","51","68","57","50","75"],
  "ROUND59":["36","28","64","82","46","60","58","54","67","60","52","77"],
  "ROUND60":["36","27","67","82","45","59","57","57","70","63","51","80"],
  "ROUND61":["36","29","69","84","44","59","59","57","72","66","51","82"],
  "ROUND62":["35","28","69","86","44","59","59","59","75","66","51","85"],
  "ROUND63":["34","30","71","86","47","61","61","62","77","65","53","85"],
  "ROUND64":["34","29","71","85","50","61","64","65","76","64","53","88"],
  "ROUND65":["34","29","71","87","50","64","66","65","75","63","56","88"],
  "ROUND66":["36","29","71","90","49","66","65","65","78","63","56","88"],
  "ROUND67":["36","31","70","92","49","66","68","67","80","65","58","88"],
  "ROUND68":["36","31","73","91","49","66","70","67","80","67","58","88"],
  "ROUND69":["38","30","75","91","52","65","73","66","83","67","58","88"],
  "ROUND70":["37","32","78","90","52","65","73","66","83","70","58","90"],
  "ROUND71":["40","31","80","90","52","68","72","69","82","69","61","92"],
  "ROUND72":["39","31","79","89","55","71","72","72","81","72","61","92"],
  "ROUND73":["38","33","78","92","54","71","72","75","83","75","61","92"],
  "ROUND74":["37","36","80","92","57","73","71","77","83","77","61","92"],
  "ROUND75":["39","36","80","95","59","72","70","76","85","80","63","95"],
  "ROUND76":["39","35","80","98","61","74","73","79","87","82","62","94"],
  "ROUND77":["41","35","80","98","63","77","72","79","89","84","62","94"],
  "ROUND78":["41","35","80","97","65","80","74","79","88","87","65","93"],
  "ROUND79":["41","34","82","99","68","79","74","79","88","89","68","95"],
  "ROUND80":["43","36","84","99","68","79","76","81","88","89","70","95"]
}
