{
  "ID":["0","1","2","3","4","5","6","7","8","9","10","11"],
  "ROUND1":["2","2","2","3","2","0","0","0","-1","2","2","0"],
  "ROUND2":["2","4","4","5","4","0","3","3","-2","1","5","-1"],
  "ROUND3":["4","3","6","7","6","0","3","6","0","3","7","1"],
  "ROUND4":["6","2","5","10","8","2","5","6","0","5","10","3"],
  "ROUND5":["5","1","7","13","11","5","4","5","0","5","12","6"],
  "ROUND6":["7","3","7","15","10","7","6","7","3","4","15","6"],
  "ROUND7":["6","2","9","15","13","10","6","9","2","7","18","5"],
  "ROUND8":["8","1","11","17","13","10","8","12","4","6","20","8"],
  "ROUND9":["7","1","13","20","16","12","8","14","4","6","22","7"],
  "ROUND10":["9","0","12","20","19","15","11","13","7","5","22","9"],
  "ROUND11":["11","2","12","19","22","17","11","13","9","8","21","9"],
  "ROUND12":["10","1","14","18","25","17","14","13","12","10","20","12"],
  "ROUND13":["12","3","16","20","27","17","14","15","14","10","22","12"],
  "ROUND14":["14","3","15","23","27","16","16","14","17","13","22","12"],
  "ROUND15":["16","2","17","25","26","19","16","14","17","15","25","12"],
  "ROUND16":["15","4","19","24","28","19","19","16","17","17","27","15"],
  "ROUND17":["14","4","18","24","31","19","18","16","20","17","27","18"],
  "ROUND18":["14","3","20","26","31","22","18","19","19","20","27","17"],
  "ROUND19":["16","5","20","26","34","21","20","21","19","20","29","19"],
  "ROUND20":["18","5","22","28","36","21","20","21","21","22","28","22"],
  "ROUND21":["18","7","24","30","36","24","22","21","23","22","27","24"],
  "ROUND22":["20","9","26","30","35","26","24","23","25","24","30","24"],
  "ROUND23":["19","11","28","30","35","29","24","22","28","24","29","27"],
  "ROUND24":["21","13","30","32","35","29","26","22","30","26","31","27"],
  "ROUND25":["20","15","32","34","38","28","25","22","33","26","33","30"],
  "ROUND26":["22","17","34","36","40","27","28","21","33","29","33","32"],
  "ROUND27":["24","19","33","35","42","29","31","21","35","29","36","34"],
  "ROUND28":["26","21","35","35","42","31","33","23","37","31","38","36"],
  "ROUND29":["26","20","34","34","45","34","35","23","40","34","37","38"],
  "ROUND30":["25","20","36","33","48","37","38","22","42","33","37","41"],
  "ROUND31":["25","19","35","32","47","40","37","25","45","36","40","41"],
  "ROUND32":["27","18","34","32","50","40","37","28","45","38","43","40"],
  "ROUND33":["27","17","33","34","53","40","37","30","47","38","45","43"],
  "ROUND34":["27","19","35","36","53","39","39","30","50","37","48","43"],
  "ROUND35":["29","18","37","36","55","38","39","33","53","39","47","46"],
  "ROUND36":["28","20","36","35","58","40","41","36","53","42","47","48"],
  "ROUND37":["28","22","38","35","60","42","41","39","52","41","47","51"],
  "ROUND38":["30","22","37","35","59","45","40","42","52","43","47","54"],
  "ROUND39":["29","24","37","38","61","48","42","45","51","45","47","53"],
  "ROUND40":["31","26","36","41","63","50","42","45","50","48","49","55"],
  "ROUND41":["30","25","35","44","63","50","45","48","50","50","51","55"],
  "ROUND42":["29","24","38","44","63","50","48","47","53","50","54","54"],
  "ROUND43":["31","23","40","46","66","52","48","47","53","52","56","54"],
  "ROUND44":["31","23","39","49","69","54","48","49","53","54","58","53"],
  "ROUND45":["33","25","41","51","68","57","48","49","53","56","58","55"],
  "ROUND46":["36","24","41","50","67","57","47","49","56","59","58","58"],
  "ROUND47":["35","26","43","52","70","57","46","49","56","61","58","61"],
  "ROUND48":["37","26","45","55","70","57","45","52","56","61","58","60"],
  "ROUND49":["39","26","47","55","70","60","47","51","55","63","61","60"],
  "ROUND50":["41","26","49","57","73","59","46","53","58","63","60","63"],
  "ROUND51":["41","29","51","57","75","62","46","56","57","62","60","62"],
  "ROUND52":["40","28","51","60","75","65","45","58","56","65","62","65"],
  "ROUND53":["42","30","53","59","78","67","45","58","58","64","65","67"],
  "ROUND54":["44","29","52","58","81","69","45","61","60","64","68","69"],
  "ROUND55":["43","31","54","60","81","69","47","63","62","64","71","69"],
  "ROUND56":["43","33","53","60","84","72","49","62","64","66","70","72"],
  "ROUND57":["45","32","55","62","86","71","52","65","64","69","70","71"],
  "ROUND58":["45","34","55","61","85","70","55","68","64","69","72","74"],
  "ROUND59":["47","33","57","61","85","72","58","71","63","68","75","76"],
  "ROUND60":["49","32","56","61","87","74","61","70","66","68","77","79"],
  "ROUND61":["49","31","55","61","87","74","61","72","66","71","80","81"],
  "ROUND62":["51","33","57","64","89","74","60","74","68","70","83","81"],
  "ROUND63":["53","35","59","66","89","76","60","74","70","69","86","81"],
  "ROUND64":["52","35","59","68","92","78","59","77","70","71","88","81"],
  "ROUND65":["52","37","61","70","94","80","61","77","70","71","88","81"],
  "ROUND66":["51","39","60","73","96","82","63","77","73","73","90","81"],
  "ROUND67":["53","38","59","75","99","82","66","77","73","72","90","84"],
  "ROUND68":["55","38","61","78","98","84","68","77","76","71","92","86"],
  "ROUND69":["54","37","60","81","98","87","68","80","75","70","95","89"],
  "ROUND70":["53","39","60","83","100","89","70","82","77","72","95","92"],
  "ROUND71":["55","41","59","86","103","88","69","85","77","72","95","92"],
  "ROUND72":["54","40","61","89","103","88","71","85","80","74","95","94"],
  "ROUND73":["56","42","61","88","103","90","71","84","83","74","97","97"],
  "ROUND74":["58","44","61","88","106","92","70","84","83","76","97","97"],
  "ROUND75":["58","46","63","91","106","95","69","83","86","75","99","99"],
  "ROUND76":["60","46","65","91","108","94","71","83","86","78","99","99"],
  "ROUND77":["60","48","67","91","107","97","73","83","88","78","99","99"],
  "ROUND78":["62","50","66","94","106","100","73","82","91","77","99","102"],
  "ROUND79":["61","52","66","94","108","102","75","84","90","79","102","105"],
  "ROUND80":["63","54","66","96","108","102","77","86","90","79","102","107"]
}
