{
  "ID":["0","1","2","3","4","5","6","7","8","9","10","11"],
  "ROUND1":["-1","0","0","2","2","2","-1","2","3","2","3","2"],
  "ROUND2":["1","2","0","1","4","2","1","1","6","2","6","2"],
  "ROUND3":["3","1","2","1","6","1","3","1","8","5","8","5"],
  "ROUND4":["5","3","4","3","8","0","3","1","8","8","8","7"],
  "ROUND5":["4","5","6","5","10","2","5","3","8","11","8","9"],
  "ROUND6":["6","4","6","4","12","4","7","5","10","14","11","9"],
  "ROUND7":["8","6","6","6","11","6","9","5","12","16","13","12"],
  "ROUND8":["10","6","5","5","11","8","11","7","15","18","15","15"],
  "ROUND9":["12","8","7","5","11","7","13","9","18","20","17","17"],
  "ROUND10":["14","10","9","7","13","9","13","11","20","20","19","19"],
  "ROUND11":["14","12","11","9","15","11","15","10","20","20","19","22"],
  "ROUND12":["13","12","13","9","17","13","17","12","19","23","22","24"],
  "ROUND13":["15","12","12","11","19","13","19","11","22","22","25","27"],
  "ROUND14":["14","12","11","13","21","12","21","13","25","25","25","30"],
  "ROUND15":["16","14","13","12","23","12","21","15","27","27","28","32"],
  "ROUND16":["18","16","13","12","22","14","20","17","30","29","30","35"],
  "ROUND17":["20","16","13","14","24","16","22","19","32","28","32","38"],
  "ROUND18":["22","18","15","16","26","18","21","18","35","28","32","41"],
  "ROUND19":["24","20","17","15","26","20","20","20","38","31","34","41"],
  "ROUND20":["26","22","19","17","25","22","22","22","41","31","34","43"],
  "ROUND21":["28","24","21","17","24","24","24","24","40","31","37","46"],
  "ROUND22":["30","23","23","19","24","26","24","26","43","33","39","48"],
  "ROUND23":["32","25","25","21","26","28","23","28","43","35","39","51"],
  "ROUND24":["32","24","27","23","28","30","25","30","46","35","39","51"],
  "ROUND25":["32","23","29","23","30","32","27","32","49","34","42","53"],
  "ROUND26":["34","23","31","25","32","34","29","31","51","36","42","56"],
  "ROUND27":["36","22","33","27","34","34","31","33","54","36","41","59"],
  "ROUND28":["35","24","32","29","36","36","30","33","57","36","44","62"],
  "ROUND29":["37","24","31","31","38","38","32","32","59","39","47","62"],
  "ROUND30":["37","26","33","33","38","40","34","34","61","38","49","65"],
  "ROUND31":["39","25","35","33","40","42","33","36","64","38","51","68"],
  "ROUND32":["41","27","37","33","39","41","33","35","67","41","53","71"],
  "ROUND33":["43","29","39","32","39","40","35","37","69","44","56","71"],
  "ROUND34":["45","31","41","32","39","39","37","39","72","46","55","74"],
  "ROUND35":["47","33","41","31","41","41","39","41","74","48","58","74"],
  "ROUND36":["46","35","43","33","43","43","39","40","77","50","58","77"],
  "ROUND37":["48","37","43","32","45","45","41","40","79","53","57","80"],
  "ROUND38":["48","39","43","34","44","44","40","39","82","56","60","83"],
  "ROUND39":["50","41","42","36","46","44","42","39","84","59","62","85"],
  "ROUND40":["52","41","44","35","48","46","44","41","83","62","65","85"],
  "ROUND41":["52","43","46","37","47","48","46","40","86","65","67","85"],
  "ROUND42":["54","43","48","39","49","50","48","42","86","65","69","85"],
  "ROUND43":["53","45","50","39","51","50","47","44","88","67","72","88"],
  "ROUND44":["55","47","52","41","53","50","47","46","90","66","74","91"],
  "ROUND45":["57","49","54","43","55","52","46","48","90","66","76","94"],
  "ROUND46":["59","51","56","43","57","54","48","50","90","66","76","96"],
  "ROUND47":["61","53","58","42","56","54","50","49","93","69","76","99"],
  "ROUND48":["63","55","60","44","58","56","49","51","96","71","76","99"],
  "ROUND49":["62","57","62","44","60","58","48","51","99","70","79","102"],
  "ROUND50":["64","59","64","46","62","58","48","53","101","72","81","104"],
  "ROUND51":["64","59","66","48","64","60","50","52","101","75","81","106"],
  "ROUND52":["66","61","68","50","63","60","52","54","104","75","83","108"],
  "ROUND53":["65","63","70","52","65","62","52","54","107","78","85","107"],
  "ROUND54":["67","65","72","54","65","64","54","54","109","80","87","109"],
  "ROUND55":["66","65","74","56","67","66","53","56","111","83","90","109"],
  "ROUND56":["68","67","76","58","66","68","53","58","111","85","93","111"],
  "ROUND57":["70","69","78","58","68","70","52","60","113","87","93","114"],
  "ROUND58":["72","71","80","58","67","70","54","62","116","86","96","116"],
  "ROUND59":["74","70","80","60","69","69","56","64","119","86","99","118"],
  "ROUND60":["76","72","79","62","69","71","58","64","122","88","101","120"],
  "ROUND61":["78","74","81","64","71","71","60","64","125","90","103","119"],
  "ROUND62":["80","76","80","66","73","71","62","66","127","93","103","121"],
  "ROUND63":["79","78","82","68","72","73","64","66","127","96","105","124"],
  "ROUND64":["79","80","84","70","74","75","63","68","130","98","105","126"],
  "ROUND65":["81","80","86","70","73","77","65","70","133","100","108","125"],
  "ROUND66":["80","80","85","73","75","79","64","70","136","99","111","128"],
  "ROUND67":["82","82","87","73","77","81","66","72","135","101","111","131"],
  "ROUND68":["84","84","89","72","79","83","66","74","135","101","111","134"],
  "ROUND69":["83","86","88","74","81","83","68","76","137","104","114","134"],
  "ROUND70":["85","88","90","76","83","85","70","76","139","106","116","134"],
  "ROUND71":["87","90","92","76","85","85","72","78","139","106","115","137"],
  "ROUND72":["89","92","94","78","87","87","74","77","142","108","115","137"],
  "ROUND73":["89","94","96","80","87","86","76","79","144","110","117","140"],
  "ROUND74":["91","94","95","82","86","86","78","78","147","113","120","142"],
  "ROUND75":["93","97","97","84","88","86","80","80","146","112","120","145"],
  "ROUND76":["92","99","97","86","90","85","82","80","148","114","123","148"],
  "ROUND77":["94","101","99","88","90","87","84","80","147","116","125","151"],
  "ROUND78":["96","103","101","90","92","89","86","80","149","118","125","153"],
  "ROUND79":["98","105","101","92","94","89","88","82","151","118","127","153"],
  "ROUND80":["100","104","103","94","94","91","90","84","151","118","130","153"]
}
