{
  "ID":["0","1","2","3","4","5","6","7","8","9","10","11"],
  "ROUND1":["2","-1","2","2","-1","2","0","0","3","0","3","0"],
  "ROUND2":["4","-2","4","1","1","4","3","0","2","3","3","3"],
  "ROUND3":["6","0","6","3","3","6","5","2","2","5","3","5"],
  "ROUND4":["8","2","6","5","3","8","7","4","4","8","5","4"],
  "ROUND5":["8","4","8","7","5","10","7","6","6","10","7","6"],
  "ROUND6":["10","6","7","9","7","12","10","6","8","10","7","6"],
  "ROUND7":["12","8","9","8","9","12","10","8","10","13","9","8"],
  "ROUND8":["14","10","11","8","11","11","12","11","10","15","11","10"],
  "ROUND9":["14","9","10","10","11","13","15","13","13","15","11","12"],
  "ROUND10":["16","9","12","12","10","15","18","15","12","15","13","15"],
  "ROUND11":["18","8","14","14","12","17","20","18","15","15","12","15"],
  "ROUND12":["18","7","16","16","14","16","20","21","17","17","15","17"],
  "ROUND13":["20","7","18","15","16","15","20","21","17","19","18","20"],
  "ROUND14":["22","9","20","17","18","17","20","21","17","19","18","20"],
  "ROUND15":["21","8","20","16","20","17","23","24","19","19","18","23"],
  "ROUND16":["23","10","22","18","19","19","23","26","18","22","18","26"],
  "ROUND17":["23","12","22","17","21","18","26","28","20","25","21","25"],
  "ROUND18":["22","11","24","17","21","17","29","31","23","27","24","24"],
  "ROUND19":["22","10","26","16","23","19","29","34","23","30","24","26"],
  "ROUND20":["24","10","28","18","25","21","31","36","25","32","24","28"],
  "ROUND21":["23","12","27","18","27","23","34","38","28","34","24","30"],
  "ROUND22":["25","14","27","20","29","25","33","40","27","34","27","33"],
  "ROUND23":["24","16","29","22","29","24","36","42","30","36","29","33"],
  "ROUND24":["26","18","31","24","31","26","38","42","32","36","31","35"],
  "ROUND25":["25","17","33","24","30","28","41","45","35","38","31","37"],
  "ROUND26":["27","17","35","26","29","28","43","48","38","37","34","36"],
  "ROUND27":["29","19","37","28","28","28","43","50","38","40","34","38"],
  "ROUND28":["29","19","39","30","30","30","45","52","38","40","36","40"],
  "ROUND29":["31","21","39","30","32","29","47","54","41","43","35","42"],
  "ROUND30":["33","21","41","30","34","31","46","57","44","45","37","41"],
  "ROUND31":["32","21","40","32","36","33","46","60","46","48","39","43"],
  "ROUND32":["31","23","42","31","38","35","48","63","46","51","41","43"],
  "ROUND33":["33","25","44","33","40","35","51","66","48","50","40","43"],
  "ROUND34":["32","27","46","33","42","37","50","69","51","53","39","43"],
  "ROUND35":["31","29","45","32","44","37","53","72","50","56","42","43"],
  "ROUND36":["33","29","44","31","46","37","56","74","52","59","44","45"],
  "ROUND37":["35","31","43","31","48","39","59","77","51","62","44","44"],
  "ROUND38":["37","33","45","34","48","41","61","79","54","61","43","44"],
  "ROUND39":["36","35","47","34","50","43","63","81","54","63","45","47"],
  "ROUND40":["36","37","49","36","49","45","63","84","56","65","45","47"],
  "ROUND41":["35","39","48","36","51","45","65","87","59","68","47","46"],
  "ROUND42":["34","38","50","38","53","47","65","90","62","70","47","48"],
  "ROUND43":["36","40","52","40","53","49","67","92","61","72","47","51"],
  "ROUND44":["38","40","51","42","56","48","70","91","64","75","46","51"],
  "ROUND45":["40","42","53","44","56","50","73","93","63","78","45","51"],
  "ROUND46":["42","44","53","46","58","52","72","93","66","80","47","53"],
  "ROUND47":["44","46","55","45","58","54","75","93","69","80","46","53"],
  "ROUND48":["46","48","54","47","60","54","77","96","69","82","45","56"],
  "ROUND49":["48","48","53","47","62","56","79","98","71","85","47","58"],
  "ROUND50":["50","47","55","46","64","56","82","97","74","88","47","60"],
  "ROUND51":["50","49","54","46","63","58","84","100","76","90","49","63"],
  "ROUND52":["52","51","56","48","65","57","84","100","79","92","49","63"],
  "ROUND53":["54","50","58","47","67","59","87","100","79","95","48","66"],
  "ROUND54":["54","49","57","46","69","58","90","100","82","98","50","69"],
  "ROUND55":["56","51","59","46","68","60","89","102","85","101","50","71"],
  "ROUND56":["58","50","58","45","70","59","89","105","85","104","53","74"],
  "ROUND57":["60","52","58","45","72","61","91","107","88","103","52","77"],
  "ROUND58":["62","54","60","47","74","63","93","110","88","102","52","79"],
  "ROUND59":["61","56","60","49","76","62","93","110","91","102","54","82"],
  "ROUND60":["60","56","62","48","78","64","96","113","90","105","56","82"],
  "ROUND61":["59","58","64","50","77","66","96","115","90","108","59","84"],
  "ROUND62":["59","60","63","52","76","66","99","118","90","108","58","87"],
  "ROUND63":["61","59","65","54","78","65","102","120","93","108","60","87"],
  "ROUND64":["63","59","67","56","80","68","102","122","92","111","59","89"],
  "ROUND65":["62","61","69","58","82","70","105","121","92","113","62","89"],
  "ROUND66":["64","60","68","60","84","72","105","121","95","115","64","92"],
  "ROUND67":["66","59","68","62","86","74","108","121","94","118","63","95"],
  "ROUND68":["66","59","70","61","85","76","108","124","96","121","63","97"],
  "ROUND69":["68","59","72","64","87","76","108","124","98","120","65","99"],
  "ROUND70":["70","61","71","66","86","78","110","124","101","123","67","99"],
  "ROUND71":["69","63","71","68","88","77","112","127","103","125","70","99"],
  "ROUND72":["71","62","73","67","90","79","114","130","103","127","70","102"],
  "ROUND73":["70","64","75","67","89","79","117","132","103","130","70","104"],
  "ROUND74":["69","64","77","69","91","79","117","132","106","133","72","103"],
  "ROUND75":["69","64","77","71","93","81","119","132","106","133","72","103"],
  "ROUND76":["71","63","76","70","95","83","122","132","109","133","75","105"],
  "ROUND77":["70","63","78","69","97","82","125","132","109","133","78","108"],
  "ROUND78":["72","65","80","69","96","81","125","134","112","135","80","111"],
  "ROUND79":["74","65","79","69","98","83","128","136","115","135","79","111"],
  "ROUND80":["74","67","81","71","100","85","128","139","115","137","79","110"]
}
