{
  "ID":["0","1","2","3","4","5","6","7","8","9","10","11"],
  "ROUND1":["-1","2","0","0","3","0","2","2","-1","2","0","3"],
  "ROUND2":["-1","1","-1","-1","6","3","4","4","-1","1","3","6"],
  "ROUND3":["1","0","-2","1","6","5","3","7","2","3","3","9"],
  "ROUND4":["0","-1","0","0","6","8","6","10","4","6","3","8"],
  "ROUND5":["2","-1","2","2","6","7","8","10","4","9","2","11"],
  "ROUND6":["4","1","4","2","5","7","8","12","4","12","4","13"],
  "ROUND7":["6","0","6","2","7","7","11","14","4","14","4","15"],
  "ROUND8":["8","2","8","1","7","9","11","17","4","14","6","17"],
  "ROUND9":["8","2","10","0","7","11","13","20","4","13","9","19"],
  "ROUND10":["7","1","12","2","7","13","16","19","6","16","12","19"],
  "ROUND11":["9","3","14","4","7","15","16","21","9","15","14","21"],
  "ROUND12":["11","5","16","6","9","15","15","24","9","17","16","23"],
  "ROUND13":["10","7","18","5","9","15","15","26","9","20","19","25"],
  "ROUND14":["12","7","20","7","9","17","15","28","11","22","21","25"],
  "ROUND15":["12","6","22","7","12","16","17","30","13","21","24","28"],
  "ROUND16":["14","6","24","6","15","15","19","29","16","23","27","28"],
  "ROUND17":["13","8","23","8","18","15","19","31","16","23","30","30"],
  "ROUND18":["12","10","25","10","20","17","19","31","16","23","33","32"],
  "ROUND19":["12","9","24","12","20","20","18","34","19","26","32","34"],
  "ROUND20":["15","11","26","11","23","20","21","34","19","26","31","33"],
  "ROUND21":["17","13","26","13","23","23","23","34","19","25","33","35"],
  "ROUND22":["16","12","28","12","23","22","26","37","22","25","35","38"],
  "ROUND23":["15","12","30","12","26","25","26","36","24","24","38","38"],
  "ROUND24":["17","14","32","14","26","25","29","38","24","24","40","37"],
  "ROUND25":["19","16","34","16","29","25","29","40","26","23","42","39"],
  "ROUND26":["18","18","34","18","29","25","31","43","26","26","44","38"],
  "ROUND27":["20","20","33","18","31","24","31","46","29","28","47","37"],
  "ROUND28":["22","22","35","20","31","26","31","46","29","30","49","39"],
  "ROUND29":["24","21","37","19","33","26","34","49","29","32","49","39"],
  "ROUND30":["24","20","37","18","35","25","36","49","32","35","49","42"],
  "ROUND31":["23","22","37","17","34","28","39","49","32","37","52","42"],
  "ROUND32":["25","24","39","19","36","28","39","49","34","40","52","41"],
  "ROUND33":["27","26","41","18","36","30","42","52","34","39","52","41"],
  "ROUND34":["29","29","43","20","35","33","41","52","33","41","52","44"],
  "ROUND35":["31","28","45","22","35","33","44","52","33","41","52","46"],
  "ROUND36":["30","30","47","24","34","36","46","54","33","43","52","49"],
  "ROUND37":["32","30","46","23","34","38","49","53","33","46","52","52"],
  "ROUND38":["31","32","48","23","36","41","52","52","32","48","52","55"],
  "ROUND39":["33","34","50","22","35","44","51","52","35","50","55","55"],
  "ROUND40":["35","36","52","24","35","44","54","51","37","50","55","57"],
  "ROUND41":["37","38","54","26","35","44","56","53","39","52","57","59"],
  "ROUND42":["39","38","56","28","37","47","55","53","41","51","59","62"],
  "ROUND43":["41","40","58","30","39","50","54","55","40","51","59","65"],
  "ROUND44":["43","40","60","30","39","52","57","57","42","51","61","64"],
  "ROUND45":["42","39","60","29","39","55","59","60","45","53","61","64"],
  "ROUND46":["44","39","62","28","39","57","61","63","44","55","64","66"],
  "ROUND47":["46","41","62","30","41","59","60","66","43","55","67","68"],
  "ROUND48":["45","40","61","32","44","62","59","68","46","58","67","68"],
  "ROUND49":["44","40","60","31","44","62","59","71","49","61","66","71"],
  "ROUND50":["44","42","62","31","47","61","62","70","48","64","65","74"],
  "ROUND51":["46","41","62","31","50","60","65","72","51","64","65","73"],
  "ROUND52":["46","43","64","30","53","59","65","74","50","67","67","76"],
  "ROUND53":["48","45","66","32","56","61","65","74","49","69","69","78"],
  "ROUND54":["50","44","68","34","58","63","65","76","51","71","72","78"],
  "ROUND55":["52","46","70","34","57","66","67","76","53","73","74","80"],
  "ROUND56":["51","48","69","36","60","65","67","79","56","72","77","80"],
  "ROUND57":["53","50","69","38","60","64","67","81","59","71","77","83"],
  "ROUND58":["52","52","69","40","62","67","67","83","61","70","79","86"],
  "ROUND59":["51","54","71","42","64","70","69","85","61","70","81","88"],
  "ROUND60":["50","53","71","44","63","73","69","88","63","73","80","91"],
  "ROUND61":["50","55","70","43","65","72","69","91","66","75","82","94"],
  "ROUND62":["49","54","72","42","68","71","72","91","69","77","82","97"],
  "ROUND63":["48","56","71","44","71","73","74","91","69","76","85","100"],
  "ROUND64":["47","58","73","46","70","73","74","91","69","79","87","103"],
  "ROUND65":["49","60","73","45","70","76","77","90","71","81","89","105"],
  "ROUND66":["51","60","72","47","72","75","77","93","73","83","92","107"],
  "ROUND67":["53","62","74","49","72","77","77","93","73","86","94","106"],
  "ROUND68":["55","64","76","51","72","77","77","96","72","88","94","108"],
  "ROUND69":["57","64","75","53","75","77","76","96","75","88","93","111"],
  "ROUND70":["57","66","77","52","78","77","79","99","74","88","92","111"],
  "ROUND71":["56","68","79","54","78","79","81","102","74","90","94","113"],
  "ROUND72":["58","70","78","56","78","81","81","105","73","90","94","116"],
  "ROUND73":["57","69","80","58","78","81","81","108","75","93","94","118"],
  "ROUND74":["59","71","82","58","81","80","81","111","75","95","94","117"],
  "ROUND75":["59","71","81","57","81","82","81","114","78","97","96","119"],
  "ROUND76":["61","71","83","59","80","82","81","116","80","97","98","122"],
  "ROUND77":["63","73","82","61","83","85","80","115","80","97","100","125"],
  "ROUND78":["63","75","84","61","83","87","83","117","82","99","99","125"],
  "ROUND79":["65","74","86","63","82","89","86","117","82","99","102","125"],
  "ROUND80":["67","76","88","65","82","92","88","120","81","98","104","125"]
}
