{
  "ID":["0","1","2","3","4","5","6","7","8","9","10","11"],
  "ROUND1":["1","1","1","-1","0","1","1","-1","0","0","1","0"],
  "ROUND2":["1","0","1","0","1","1","1","1","-1","1","0","-1"],
  "ROUND3":["1","-1","0","1","1","1","0","1","-1","1","0","0"],
  "ROUND4":["1","1","1","0","0","1","0","1","-1","1","-1","0"],
  "ROUND5":["1","-1","1","1","1","1","1","1","0","1","-1","1"],
  "ROUND6":["-1","1","1","0","0","1","-1","0","1","1","1","0"],
  "ROUND7":["0","1","1","0","-1","0","0","1","0","0","-1","1"],
  "ROUND8":["0","1","1","-1","1","0","-1","0","0","0","1","1"],
  "ROUND9":["0","0","-1","0","0","0","1","1","1","0","1","-1"],
  "ROUND10":["0","0","-1","1","1","0","-1","0","1","1","1","0"],
  "ROUND11":["0","-1","1","1","1","1","1","1","0","1","-1","0"],
  "ROUND12":["0","1","-1","0","-1","1","1","0","1","0","1","1"],
  "ROUND13":["0","0","0","0","-1","0","0","0","-1","0","1","1"],
  "ROUND14":["0","0","0","0","0","0","0","-1","0","1","1","-1"],
  "ROUND15":["1","1","1","-1","1","1","1","-1","0","0","0","1"],
  "ROUND16":["1","0","1","0","0","1","0","1","-1","-1","0","0"],
  "ROUND17":["-1","1","0","0","1","1","0","0","-1","1","1","1"],
  "ROUND18":["-1","-1","1","1","1","1","0","1","1","1","0","0"],
  "ROUND19":["-1","0","0","1","-1","1","1","1","0","1","1","0"],
  "ROUND20":["-1","1","0","1","1","1","1","0","1","0","0","-1"],
  "ROUND21":["0","0","1","1","1","-1","-1","1","1","0","0","1"],
  "ROUND22":["0","1","1","0","1","0","0","-1","0","0","-1","0"],
  "ROUND23":["0","0","1","0","0","0","-1","1","-1","1","1","0"],
  "ROUND24":["1","0","1","1","0","0","-1","0","1","-1","0","0"],
  "ROUND25":["0","1","1","1","0","0","1","-1","1","1","-1","0"],
  "ROUND26":["1","0","1","0","1","1","0","0","1","1","-1","-1"],
  "ROUND27":["1","1","0","-1","0","0","0","-1","1","1","1","0"],
  "ROUND28":["1","-1","0","1","-1","1","0","0","0","1","1","1"],
  "ROUND29":["1","1","0","1","1","-1","1","-1","1","1","0","0"],
  "ROUND30":["0","1","0","1","1","1","-1","-1","1","1","1","0"],
  "ROUND31":["0","-1","1","1","1","0","1","1","0","0","1","-1"],
  "ROUND32":["0","0","-1","1","1","1","1","1","-1","1","1","1"],
  "ROUND33":["0","-1","-1","0","1","1","1","0","0","0","1","1"],
  "ROUND34":["0","1","-1","0","1","1","-1","0","1","0","1","0"],
  "ROUND35":["1","0","1","1","1","0","0","0","0","-1","0","-1"],
  "ROUND36":["0","0","0","1","0","0","-1","1","0","-1","1","1"],
  "ROUND37":["0","0","0","1","-1","0","0","0","-1","1","0","0"],
  "ROUND38":["1","1","0","0","0","1","-1","1","0","0","0","-1"],
  "ROUND39":["1","1","-1","-1","0","1","1","1","0","1","0","0"],
  "ROUND40":["1","0","-1","1","0","1","1","0","1","1","0","-1"],
  "ROUND41":["-1","0","-1","0","1","1","1","0","0","0","1","1"],
  "ROUND42":["1","1","0","-1","0","-1","0","1","0","0","1","1"],
  "ROUND43":["-1","0","1","-1","1","1","1","0","0","1","1","0"],
  "ROUND44":["1","-1","1","1","0","-1","1","0","1","0","0","0"],
  "ROUND45":["1","0","-1","1","1","-1","0","0","0","0","0","1"],
  "ROUND46":["0","1","1","1","1","-1","0","1","1","0","1","-1"],
  "ROUND47":["-1","0","0","0","1","0","1","1","0","0","1","-1"],
  "ROUND48":["-1","0","0","0","1","0","1","1","-1","1","1","1"],
  "ROUND49":["1","1","0","1","1","1","0","-1","1","-1","1","0"],
  "ROUND50":["0","0","1","0","0","1","0","0","-1","0","-1","1"],
  "ROUND51":["-1","1","1","0","1","1","1","-1","1","0","1","1"],
  "ROUND52":["1","1","1","0","0","1","-1","0","1","-1","1","1"],
  "ROUND53":["-1","0","0","0","-1","1","0","1","1","0","1","1"],
  "ROUND54":["0","-1","1","1","0","0","1","0","1","1","1","-1"],
  "ROUND55":["-1","0","1","0","1","-1","0","0","1","1","0","1"],
  "ROUND56":["0","-1","1","0","-1","0","0","0","1","0","1","1"],
  "ROUND57":["0","-1","0","-1","1","0","0","1","1","0","1","0"],
  "ROUND58":["1","1","0","0","1","0","0","-1","0","1","-1","1"],
  "ROUND59":["0","1","1","-1","0","1","0","0","0","1","-1","0"],
  "ROUND60":["-1","1","0","1","0","1","1","0","-1","0","0","0"],
  "ROUND61":["0","0","-1","0","1","0","0","1","1","1","1","-1"],
  "ROUND62":["-1","1","1","0","1","0","1","-1","1","0","1","0"],
  "ROUND63":["1","0","1","0","1","0","-1","1","0","1","1","-1"],
  "ROUND64":["1","1","0","-1","-1","1","1","0","1","1","1","1"],
  "ROUND65":["1","0","0","1","0","0","0","0","1","0","-1","-1"],
  "ROUND66":["0","1","1","0","0","1","-1","0","0","1","-1","1"],
  "ROUND67":["-1","1","0","1","0","0","0","0","-1","1","0","1"],
  "ROUND68":["0","1","0","1","-1","0","0","1","0","1","-1","1"],
  "ROUND69":["0","1","0","-1","0","1","1","0","-1","1","0","0"],
  "ROUND70":["-1","0","1","1","-1","0","1","1","1","1","0","1"],
  "ROUND71":["-1","-1","0","1","0","1","1","1","1","1","0","0"],
  "ROUND72":["-1","0","0","0","0","1","1","0","-1","0","0","1"],
  "ROUND73":["1","0","-1","1","0","1","0","1","-1","0","0","1"],
  "ROUND74":["0","0","-1","1","1","0","1","1","0","-1","1","0"],
  "ROUND75":["-1","0","1","0","0","1","0","1","1","0","0","-1"],
  "ROUND76":["1","1","-1","0","1","1","-1","0","1","0","0","1"],
  "ROUND77":["0","1","1","1","-1","1","1","0","1","1","-1","0"],
  "ROUND78":["1","1","1","-1","1","-1","1","0","1","1","0","0"],
  "ROUND79":["1","-1","1","0","0","0","0","1","1","1","-1","1"],
  "ROUND80":["-1","0","0","0","0","1","0","0","0","-1","1","1"]
}
