{
  "ID":["0","1","2","3","4","5","6","7","8","9","10","11"],
  "ROUND1":["1","-1","0","1","1","-1","1","1","1","0","1","0"],
  "ROUND2":["1","1","0","1","-1","0","0","0","-1","1","0","1"],
  "ROUND3":["1","1","1","0","0","-1","0","0","0","0","0","-1"],
  "ROUND4":["1","-1","0","0","0","0","1","-1","0","1","1","1"],
  "ROUND5":["1","0","0","1","0","0","0","-1","0","-1","0","1"],
  "ROUND6":["1","1","0","0","1","1","1","1","1","-1","-1","0"],
  "ROUND7":["1","-1","0","1","0","0","0","0","1","-1","0","0"],
  "ROUND8":["-1","0","0","1","0","1","1","1","1","1","-1","1"],
  "ROUND9":["0","1","0","1","0","0","1","1","1","1","-1","-1"],
  "ROUND10":["0","1","-1","0","1","0","1","-1","0","0","0","1"],
  "ROUND11":["0","1","-1","-1","0","0","1","1","0","1","1","1"],
  "ROUND12":["1","-1","0","0","1","1","0","0","1","-1","0","0"],
  "ROUND13":["0","1","1","1","0","-1","1","-1","0","1","1","1"],
  "ROUND14":["-1","1","0","0","1","1","0","-1","0","0","1","1"],
  "ROUND15":["1","1","0","1","0","-1","0","1","-1","1","0","0"],
  "ROUND16":["1","1","0","1","1","-1","1","-1","0","1","0","0"],
  "ROUND17":["0","0","-1","0","0","0","1","1","0","0","-1","1"],
  "ROUND18":["-1","1","1","0","1","1","1","0","1","0","0","-1"],
  "ROUND19":["0","0","1","-1","1","0","0","1","0","1","-1","0"],
  "ROUND20":["1","1","0","0","1","-1","0","1","1","-1","0","0"],
  "ROUND21":["1","1","1","0","0","1","1","-1","-1","1","1","0"],
  "ROUND22":["1","-1","1","1","1","0","0","1","-1","1","1","0"],
  "ROUND23":["0","-1","1","1","0","1","0","1","0","-1","0","1"],
  "ROUND24":["-1","1","1","0","0","1","1","-1","0","1","0","0"],
  "ROUND25":["0","0","0","1","-1","0","0","-1","0","0","0","0"],
  "ROUND26":["0","1","-1","1","0","0","1","1","0","-1","1","1"],
  "ROUND27":["-1","-1","1","1","1","1","1","0","1","0","0","0"],
  "ROUND28":["0","0","0","-1","0","0","0","1","1","1","1","-1"],
  "ROUND29":["0","-1","1","0","1","0","-1","0","1","0","1","1"],
  "ROUND30":["1","-1","0","1","1","-1","0","0","1","0","1","1"],
  "ROUND31":["1","1","-1","0","0","1","-1","0","0","1","0","1"],
  "ROUND32":["0","-1","1","1","1","-1","0","1","0","0","0","1"],
  "ROUND33":["1","-1","1","1","1","1","1","1","0","-1","1","0"],
  "ROUND34":["1","0","1","1","1","1","0","1","0","1","-1","-1"],
  "ROUND35":["0","1","-1","0","0","0","0","0","1","1","0","-1"],
  "ROUND36":["0","0","0","1","1","0","1","1","0","-1","0","-1"],
  "ROUND37":["1","-1","1","-1","1","1","1","0","0","0","0","0"],
  "ROUND38":["1","-1","-1","0","0","0","0","0","1","1","1","0"],
  "ROUND39":["1","0","1","0","-1","1","0","0","-1","0","1","1"],
  "ROUND40":["0","0","1","0","-1","0","1","-1","0","1","0","0"],
  "ROUND41":["0","0","0","-1","-1","0","1","0","1","0","1","0"],
  "ROUND42":["0","1","0","-1","0","1","0","1","-1","1","1","1"],
  "ROUND43":["0","1","1","1","-1","1","0","0","1","-1","1","1"],
  "ROUND44":["0","1","0","1","-1","0","1","-1","0","0","0","0"],
  "ROUND45":["0","0","1","1","-1","0","0","1","0","0","-1","0"],
  "ROUND46":["-1","-1","0","1","0","0","0","1","1","1","1","1"],
  "ROUND47":["0","0","0","0","0","1","1","0","1","-1","-1","1"],
  "ROUND48":["0","0","0","1","1","1","1","0","-1","-1","0","1"],
  "ROUND49":["-1","0","0","-1","0","1","1","0","0","1","0","1"],
  "ROUND50":["0","0","0","1","1","0","1","1","1","-1","1","-1"],
  "ROUND51":["0","1","1","1","1","0","1","-1","1","1","1","-1"],
  "ROUND52":["1","-1","0","0","1","1","0","0","1","1","0","-1"],
  "ROUND53":["0","0","1","0","1","1","-1","0","1","-1","0","0"],
  "ROUND54":["1","1","1","1","-1","1","0","0","1","0","-1","0"],
  "ROUND55":["1","1","0","1","-1","0","-1","0","1","1","0","1"],
  "ROUND56":["0","1","1","0","1","1","0","0","1","-1","-1","1"],
  "ROUND57":["0","0","-1","1","0","1","1","1","1","-1","1","1"],
  "ROUND58":["0","0","0","-1","0","1","-1","0","1","1","1","0"],
  "ROUND59":["1","1","-1","1","-1","0","1","0","1","1","0","0"],
  "ROUND60":["0","1","-1","1","-1","1","1","0","0","1","1","1"],
  "ROUND61":["1","0","1","-1","0","1","1","1","0","0","-1","1"],
  "ROUND62":["0","-1","0","0","0","1","0","-1","0","0","1","1"],
  "ROUND63":["-1","0","1","1","1","1","1","1","1","1","1","-1"],
  "ROUND64":["-1","0","0","1","1","1","-1","0","0","0","1","1"],
  "ROUND65":["1","0","0","1","0","0","0","1","0","0","-1","-1"],
  "ROUND66":["0","1","0","0","0","-1","0","0","1","0","1","-1"],
  "ROUND67":["0","0","1","0","0","1","0","-1","1","1","-1","0"],
  "ROUND68":["1","-1","1","1","1","1","0","0","1","1","0","-1"],
  "ROUND69":["0","0","1","-1","1","1","0","1","0","-1","1","1"],
  "ROUND70":["0","0","0","-1","0","1","-1","1","1","0","0","1"],
  "ROUND71":["0","1","0","0","1","-1","-1","1","1","1","0","0"],
  "ROUND72":["-1","1","0","0","1","0","0","-1","1","0","0","1"],
  "ROUND73":["1","0","0","1","-1","0","-1","0","0","1","1","0"],
  "ROUND74":["-1","-1","0","0","1","1","0","1","0","1","1","1"],
  "ROUND75":["0","0","1","1","0","1","-1","-1","1","1","1","0"],
  "ROUND76":["0","0","1","0","1","0","1","-1","0","1","-1","1"],
  "ROUND77":["1","0","1","-1","1","1","-1","1","1","1","1","1"],
  "ROUND78":["1","1","0","0","1","-1","1","0","1","1","-1","0"],
  "ROUND79":["0","-1","0","-1","1","0","0","1","1","0","0","1"],
  "ROUND80":["0","0","0","1","0","-1","0","0","0","0","-1","1"]
}
