{
  "ID":["0","1","2","3","4","5","6","7","8","9","10","11"],
  "ROUND1":["0","0","0","0","1","-1","0","0","-1","1","1","0"],
  "ROUND2":["-1","0","1","1","0","0","1","1","-1","0","1","1"],
  "ROUND3":["1","1","1","0","1","0","1","0","-1","0","1","-1"],
  "ROUND4":["1","-1","-1","0","1","0","1","1","0","0","1","0"],
  "ROUND5":["1","1","0","1","1","-1","-1","1","0","1","1","0"],
  "ROUND6":["0","0","0","0","1","1","-1","1","1","1","-1","0"],
  "ROUND7":["-1","1","1","0","1","0","0","0","0","-1","0","0"],
  "ROUND8":["0","0","1","0","1","-1","-1","1","1","1","1","1"],
  "ROUND9":["1","0","-1","-1","1","1","0","1","1","0","0","0"],
  "ROUND10":["0","1","0","0","0","-1","0","1","1","-1","1","0"],
  "ROUND11":["-1","0","0","1","0","1","1","1","0","0","1","-1"],
  "ROUND12":["-1","1","0","0","0","0","1","1","-1","1","0","1"],
  "ROUND13":["0","1","0","1","0","1","-1","-1","1","0","1","1"],
  "ROUND14":["1","-1","1","-1","1","1","0","1","0","1","0","0"],
  "ROUND15":["1","1","0","1","0","0","1","1","-1","1","-1","0"],
  "ROUND16":["0","1","1","0","0","-1","0","0","-1","0","0","1"],
  "ROUND17":["1","1","0","-1","1","1","-1","0","0","0","0","0"],
  "ROUND18":["1","1","-1","1","0","1","1","0","0","1","-1","1"],
  "ROUND19":["1","1","-1","1","1","0","-1","0","0","0","1","1"],
  "ROUND20":["-1","1","0","1","0","-1","0","0","1","0","0","1"],
  "ROUND21":["0","0","1","1","0","0","-1","-1","1","0","0","1"],
  "ROUND22":["1","-1","1","0","1","1","0","-1","0","1","0","0"],
  "ROUND23":["1","0","1","1","0","0","1","-1","1","1","-1","1"],
  "ROUND24":["0","0","1","-1","0","0","-1","1","0","0","1","1"],
  "ROUND25":["1","0","1","1","0","0","1","-1","-1","1","1","0"],
  "ROUND26":["1","-1","0","-1","0","0","1","1","0","1","1","0"],
  "ROUND27":["0","-1","1","0","1","1","-1","0","0","1","1","1"],
  "ROUND28":["0","-1","1","1","0","1","1","0","-1","0","0","1"],
  "ROUND29":["-1","1","1","0","0","1","-1","1","0","1","0","0"],
  "ROUND30":["1","-1","0","0","-1","0","0","0","1","1","1","1"],
  "ROUND31":["-1","0","0","0","1","1","1","0","-1","1","0","1"],
  "ROUND32":["0","1","-1","1","1","1","0","1","-1","0","0","1"],
  "ROUND33":["0","0","0","0","-1","0","1","0","1","-1","0","0"],
  "ROUND34":["1","0","1","1","1","-1","1","0","1","1","-1","1"],
  "ROUND35":["0","1","0","1","1","0","0","-1","-1","0","0","1"],
  "ROUND36":["0","1","0","1","0","0","-1","1","0","1","-1","1"],
  "ROUND37":["0","0","0","1","0","0","-1","0","1","-1","1","1"],
  "ROUND38":["-1","1","1","0","0","0","1","0","0","-1","1","1"],
  "ROUND39":["1","-1","0","0","1","0","0","-1","1","0","0","1"],
  "ROUND40":["1","1","0","1","1","-1","1","1","-1","1","0","0"],
  "ROUND41":["-1","0","-1","0","1","1","1","0","0","0","0","1"],
  "ROUND42":["0","0","1","0","-1","0","0","1","0","-1","0","1"],
  "ROUND43":["1","0","1","1","0","0","0","1","-1","1","0","-1"],
  "ROUND44":["0","0","0","1","0","0","0","0","1","0","-1","-1"],
  "ROUND45":["1","-1","-1","1","1","0","0","1","1","0","0","0"],
  "ROUND46":["0","0","0","0","1","0","1","1","-1","1","-1","1"],
  "ROUND47":["-1","1","0","0","1","1","1","1","1","-1","1","0"],
  "ROUND48":["-1","0","1","1","1","1","1","-1","0","1","1","1"],
  "ROUND49":["0","0","-1","0","1","-1","1","0","0","1","0","0"],
  "ROUND50":["1","1","1","1","0","1","-1","0","0","0","1","-1"],
  "ROUND51":["1","0","1","0","1","0","1","0","0","-1","1","-1"],
  "ROUND52":["-1","-1","1","0","1","0","1","0","0","1","0","1"],
  "ROUND53":["-1","0","1","0","0","0","1","0","0","0","-1","1"],
  "ROUND54":["0","-1","0","0","1","0","0","-1","1","1","1","0"],
  "ROUND55":["1","0","0","-1","1","1","1","1","1","-1","1","0"],
  "ROUND56":["1","0","0","-1","-1","0","0","0","1","0","1","1"],
  "ROUND57":["1","1","1","1","-1","0","1","1","1","0","0","-1"],
  "ROUND58":["1","0","0","1","-1","1","-1","0","1","0","0","0"],
  "ROUND59":["0","0","0","0","1","1","1","0","1","-1","-1","1"],
  "ROUND60":["0","0","0","0","1","-1","1","-1","1","1","1","1"],
  "ROUND61":["0","-1","1","0","1","-1","1","1","1","0","0","1"],
  "ROUND62":["0","0","1","1","0","-1","0","1","1","1","0","-1"],
  "ROUND63":["1","1","1","1","0","1","1","-1","1","-1","0","1"],
  "ROUND64":["1","1","0","1","0","0","-1","-1","0","1","1","0"],
  "ROUND65":["1","0","1","1","1","0","1","1","0","0","-1","-1"],
  "ROUND66":["1","1","-1","1","1","-1","1","0","1","1","0","0"],
  "ROUND67":["1","0","0","-1","0","1","1","1","-1","1","0","0"],
  "ROUND68":["0","-1","0","1","0","0","0","-1","1","1","0","0"],
  "ROUND69":["0","1","0","0","0","0","-1","0","0","1","1","-1"],
  "ROUND70":["-1","0","1","1","1","0","0","0","-1","1","1","0"],
  "ROUND71":["1","1","-1","1","1","1","1","1","1","-1","1","1"],
  "ROUND72":["0","-1","-1","1","0","0","1","1","0","1","0","0"],
  "ROUND73":["-1","1","1","1","1","1","1","-1","1","0","1","1"],
  "ROUND74":["1","1","1","1","0","0","1","1","1","-1","-1","1"],
  "ROUND75":["-1","0","-1","0","0","1","0","0","0","1","1","0"],
  "ROUND76":["0","1","1","1","1","0","1","-1","1","1","1","-1"],
  "ROUND77":["-1","1","0","-1","1","0","0","1","1","0","1","1"],
  "ROUND78":["0","0","-1","-1","0","0","0","1","0","0","0","0"],
  "ROUND79":["1","0","1","1","0","1","1","1","1","-1","-1","0"],
  "ROUND80":["0","0","1","0","0","0","-1","0","-1","0","1","1"]
}
