{
  "ID":["0","1","2","3","4","5","6","7","8","9","10","11"],
  "ROUND1":["1","1","0","0","0","1","0","1","-1","1","-1","1"],
  "ROUND2":["0","0","0","1","0","1","1","0","0","-1","0","-1"],
  "ROUND3":["0","0","-1","0","0","0","1","1","-1","0","1","1"],
  "ROUND4":["0","0","1","1","0","0","0","0","1","-1","-1","1"],
  "ROUND5":["0","-1","0","1","1","1","-1","0","0","0","1","1"],
  "ROUND6":["-1","0","-1","1","0","0","0","0","0","0","0","1"],
  "ROUND7":["0","0","0","1","-1","0","0","0","0","0","-1","0"],
  "ROUND8":["1","0","1","-1","1","0","1","0","1","-1","0","1"],
  "ROUND9":["0","0","0","1","-1","1","0","1","0","-1","0","1"],
  "ROUND10":["1","1","1","1","-1","0","1","0","1","0","-1","0"],
  "ROUND11":["0","1","-1","-1","0","0","0","1","1","1","1","1"],
  "ROUND12":["-1","0","0","1","0","0","1","1","1","1","0","-1"],
  "ROUND13":["0","0","0","0","0","1","-1","1","1","-1","0","0"],
  "ROUND14":["1","0","1","0","1","-1","0","-1","1","1","1","0"],
  "ROUND15":["0","0","-1","0","-1","0","1","1","0","1","1","1"],
  "ROUND16":["0","0","1","1","-1","-1","0","0","0","1","1","0"],
  "ROUND17":["0","0","0","1","0","0","1","-1","0","-1","0","0"],
  "ROUND18":["1","0","-1","0","0","0","0","-1","0","1","0","0"],
  "ROUND19":["0","-1","0","1","1","1","1","0","-1","1","1","0"],
  "ROUND20":["-1","1","-1","0","1","1","0","1","0","0","0","0"],
  "ROUND21":["0","-1","1","1","0","1","1","-1","0","0","1","1"],
  "ROUND22":["0","1","1","1","0","-1","0","1","0","0","-1","0"],
  "ROUND23":["1","1","0","-1","-1","1","1","0","1","0","1","1"],
  "ROUND24":["1","1","-1","-1","1","0","0","0","1","0","1","1"],
  "ROUND25":["-1","1","-1","1","1","1","0","0","0","0","1","0"],
  "ROUND26":["0","1","0","-1","0","0","1","-1","1","1","0","0"],
  "ROUND27":["1","-1","-1","1","0","0","0","1","0","1","0","0"],
  "ROUND28":["-1","0","1","1","1","0","-1","1","0","0","0","1"],
  "ROUND29":["0","1","-1","0","1","0","0","0","1","0","-1","0"],
  "ROUND30":["1","0","0","0","1","-1","0","-1","0","0","0","0"],
  "ROUND31":["1","1","1","0","-1","0","-1","0","0","0","0","0"],
  "ROUND32":["0","0","0","0","0","0","1","0","-1","1","1","-1"],
  "ROUND33":["-1","1","0","-1","1","1","1","1","1","1","1","1"],
  "ROUND34":["1","1","0","1","1","1","-1","0","0","-1","0","0"],
  "ROUND35":["1","0","1","1","0","1","0","-1","1","1","1","-1"],
  "ROUND36":["1","1","0","-1","0","0","1","1","-1","0","1","1"],
  "ROUND37":["0","0","1","-1","0","1","0","-1","1","0","1","1"],
  "ROUND38":["0","1","1","-1","0","1","1","0","0","0","1","-1"],
  "ROUND39":["0","1","-1","1","1","-1","1","0","0","0","0","0"],
  "ROUND40":["1","1","0","1","1","1","-1","0","1","0","0","-1"],
  "ROUND41":["-1","1","1","0","0","0","1","1","-1","1","1","0"],
  "ROUND42":["0","-1","-1","0","0","1","1","1","1","0","1","1"],
  "ROUND43":["0","-1","1","0","1","-1","1","1","1","1","1","1"],
  "ROUND44":["1","-1","0","0","1","0","0","-1","0","1","1","0"],
  "ROUND45":["0","0","1","-1","0","1","1","-1","1","1","0","0"],
  "ROUND46":["1","0","-1","1","0","0","0","0","1","1","-1","0"],
  "ROUND47":["0","0","1","0","1","-1","1","-1","0","1","1","1"],
  "ROUND48":["0","1","-1","0","1","-1","0","0","1","1","1","1"],
  "ROUND49":["1","-1","0","0","1","1","0","-1","0","0","0","1"],
  "ROUND50":["0","0","-1","-1","0","1","0","1","0","0","1","0"],
  "ROUND51":["1","-1","0","-1","1","1","1","1","0","1","1","1"],
  "ROUND52":["0","1","1","0","0","0","1","1","-1","-1","1","0"],
  "ROUND53":["0","-1","-1","0","1","0","0","1","1","1","1","0"],
  "ROUND54":["1","1","0","0","0","-1","0","0","1","-1","0","0"],
  "ROUND55":["1","1","0","0","1","0","0","-1","1","-1","0","0"],
  "ROUND56":["0","1","-1","0","-1","0","0","0","1","0","1","1"],
  "ROUND57":["-1","1","1","0","1","0","0","1","0","0","0","-1"],
  "ROUND58":["0","0","1","0","0","-1","0","1","0","1","0","-1"],
  "ROUND59":["-1","-1","1","0","1","0","1","1","1","1","1","1"],
  "ROUND60":["0","0","0","1","1","1","1","-1","1","1","0","-1"],
  "ROUND61":["1","1","1","-1","1","0","1","1","1","0","0","-1"],
  "ROUND62":["-1","1","0","0","0","1","1","0","1","1","0","-1"],
  "ROUND63":["1","1","0","0","0","1","-1","0","0","-1","1","0"],
  "ROUND64":["1","1","1","1","0","0","1","-1","1","1","1","-1"],
  "ROUND65":["0","-1","0","0","-1","1","0","0","1","0","1","0"],
  "ROUND66":["0","-1","1","0","0","-1","0","1","0","0","0","0"],
  "ROUND67":["1","-1","1","1","1","1","1","0","0","1","-1","1"],
  "ROUND68":["0","0","1","0","1","1","1","1","0","0","-1","-1"],
  "ROUND69":["-1","-1","1","0","1","1","1","0","0","1","1","1"],
  "ROUND70":["0","-1","0","0","-1","0","1","0","1","0","0","0"],
  "ROUND71":["1","1","0","0","1","0","1","0","-1","0","0","-1"],
  "ROUND72":["1","0","0","1","1","1","1","0","1","-1","-1","1"],
  "ROUND73":["1","0","0","1","0","-1","1","0","0","-1","0","0"],
  "ROUND74":["0","-1","1","0","1","1","1","0","0","0","0","-1"],
  "ROUND75":["0","-1","1","0","1","1","1","0","-1","0","0","0"],
  "ROUND76":["0","-1","0","0","-1","1","0","0","1","1","0","1"],
  "ROUND77":["1","0","0","1","-1","0","1","1","-1","1","1","0"],
  "ROUND78":["-1","0","-1","0","0","1","0","1","0","1","0","1"],
  "ROUND79":["0","1","-1","1","1","1","1","1","-1","1","1","1"],
  "ROUND80":["0","0","1","-1","1","1","0","-1","1","0","0","0"]
}
