{
  "ID":["0","1","2","3","4","5","6","7","8","9","10","11"],
  "ROUND1":["0","0","1","0","0","0","0","1","-1","1","0","-1"],
  "ROUND2":["0","1","1","-1","1","-1","0","0","0","0","1","1"],
  "ROUND3":["0","0","-1","0","0","1","1","1","1","0","-1","1"],
  "ROUND4":["0","1","-1","1","0","-1","1","0","1","0","1","0"],
  "ROUND5":["0","-1","0","1","1","1","0","-1","0","0","0","0"],
  "ROUND6":["1","1","0","-1","0","0","1","1","0","1","1","-1"],
  "ROUND7":["0","1","1","1","1","-1","1","1","1","-1","1","1"],
  "ROUND8":["0","1","1","1","-1","1","0","0","0","1","0","-1"],
  "ROUND9":["1","0","-1","1","0","1","1","0","-1","0","0","1"],
  "ROUND10":["1","1","-1","0","0","0","-1","1","0","0","1","0"],
  "ROUND11":["0","0","0","0","-1","0","1","1","-1","0","0","0"],
  "ROUND12":["1","1","0","-1","1","1","0","1","1","-1","0","1"],
  "ROUND13":["0","1","0","1","0","1","0","1","-1","1","-1","0"],
  "ROUND14":["-1","1","0","1","0","1","1","1","1","0","-1","0"],
  "ROUND15":["-1","0","0","1","-1","0","0","1","0","1","0","1"],
  "ROUND16":["1","0","-1","1","0","1","1","0","0","-1","0","0"],
  "ROUND17":["0","0","0","1","-1","1","0","1","-1","0","1","1"],
  "ROUND18":["1","-1","1","0","1","0","1","-1","1","1","1","0"],
  "ROUND19":["0","0","0","0","-1","1","0","-1","0","1","1","0"],
  "ROUND20":["1","1","1","0","1","-1","1","-1","1","1","1","1"],
  "ROUND21":["-1","1","1","0","1","0","-1","0","1","0","1","0"],
  "ROUND22":["0","1","0","1","-1","-1","0","0","0","0","1","0"],
  "ROUND23":["0","-1","1","1","0","0","1","-1","0","1","0","0"],
  "ROUND24":["1","0","0","1","-1","0","1","0","0","0","1","-1"],
  "ROUND25":["0","1","0","0","0","-1","1","0","0","1","-1","0"],
  "ROUND26":["0","-1","0","0","0","1","0","0","0","0","-1","0"],
  "ROUND27":["1","0","1","0","-1","1","1","-1","0","0","0","1"],
  "ROUND28":["1","0","1","0","1","0","-1","1","1","-1","0","1"],
  "ROUND29":["-1","0","1","0","0","1","0","-1","1","0","1","0"],
  "ROUND30":["1","1","1","1","1","1","1","-1","1","1","-1","1"],
  "ROUND31":["0","-1","0","0","1","-1","1","1","0","0","1","0"],
  "ROUND32":["1","1","1","-1","1","0","0","0","1","0","1","-1"],
  "ROUND33":["1","1","-1","0","1","-1","1","1","0","0","1","1"],
  "ROUND34":["1","1","0","1","0","-1","0","-1","0","0","0","0"],
  "ROUND35":["0","1","1","0","0","-1","-1","0","1","0","0","0"],
  "ROUND36":["1","0","1","0","0","1","0","0","-1","-1","1","1"],
  "ROUND37":["0","-1","0","0","1","1","0","0","0","0","-1","1"],
  "ROUND38":["0","0","1","-1","-1","1","1","1","1","1","0","0"],
  "ROUND39":["1","1","0","0","1","-1","-1","0","1","1","1","1"],
  "ROUND40":["-1","1","0","1","1","-1","1","1","0","1","1","1"],
  "ROUND41":["1","0","1","0","0","0","1","-1","0","-1","0","0"],
  "ROUND42":["0","-1","0","0","0","1","0","1","0","1","-1","0"],
  "ROUND43":["0","0","1","0","-1","0","1","0","-1","1","1","0"],
  "ROUND44":["1","1","1","0","-1","0","0","1","1","0","-1","1"],
  "ROUND45":["-1","1","1","1","0","1","1","0","-1","0","1","0"],
  "ROUND46":["1","0","-1","0","1","1","0","1","1","1","1","-1"],
  "ROUND47":["0","-1","0","-1","1","1","1","0","1","1","0","1"],
  "ROUND48":["-1","0","0","1","0","-1","0","1","0","1","1","1"],
  "ROUND49":["1","0","1","-1","1","1","0","1","1","1","-1","0"],
  "ROUND50":["-1","0","0","1","0","0","-1","0","1","1","0","1"],
  "ROUND51":["1","0","1","0","1","-1","1","1","-1","1","1","1"],
  "ROUND52":["0","0","1","0","-1","0","-1","0","1","1","1","0"],
  "ROUND53":["0","1","0","1","0","1","0","-1","0","0","0","-1"],
  "ROUND54":["-1","1","0","1","1","0","-1","0","0","0","0","0"],
  "ROUND55":["0","1","1","0","-1","0","0","1","1","0","-1","0"],
  "ROUND56":["0","1","-1","1","0","-1","1","1","0","0","1","0"],
  "ROUND57":["0","-1","0","0","1","0","-1","0","1","1","1","1"],
  "ROUND58":["1","0","-1","0","0","1","1","0","1","1","0","-1"],
  "ROUND59":["1","0","0","0","1","1","1","-1","1","1","0","-1"],
  "ROUND60":["1","0","1","-1","1","0","0","0","-1","0","0","1"],
  "ROUND61":["0","1","0","0","1","0","1","1","-1","-1","1","0"],
  "ROUND62":["0","0","1","0","0","1","0","-1","1","-1","0","0"],
  "ROUND63":["1","1","1","0","1","0","1","-1","0","0","-1","1"],
  "ROUND64":["-1","0","0","-1","1","1","0","0","0","1","0","1"],
  "ROUND65":["1","-1","0","0","1","-1","0","1","1","1","0","0"],
  "ROUND66":["0","1","1","0","-1","1","0","1","1","1","0","-1"],
  "ROUND67":["0","0","1","1","-1","1","1","-1","0","0","1","0"],
  "ROUND68":["0","0","1","0","0","0","-1","1","0","-1","0","0"],
  "ROUND69":["0","1","-1","1","1","0","1","1","-1","0","1","1"],
  "ROUND70":["-1","1","0","-1","0","0","0","1","1","0","1","1"],
  "ROUND71":["1","1","-1","1","0","0","1","1","1","-1","1","1"],
  "ROUND72":["0","0","-1","0","1","1","0","-1","0","1","1","1"],
  "ROUND73":["0","1","0","1","1","0","0","0","-1","1","0","-1"],
  "ROUND74":["1","1","0","0","0","0","1","-1","1","-1","1","0"],
  "ROUND75":["-1","0","0","0","0","0","0","1","1","-1","1","1"],
  "ROUND76":["1","1","0","0","0","0","1","0","1","0","-1","-1"],
  "ROUND77":["0","-1","1","1","-1","0","0","1","0","0","0","0"],
  "ROUND78":["0","0","1","1","0","0","1","0","-1","0","1","-1"],
  "ROUND79":["1","1","1","1","0","-1","1","1","0","0","-1","0"],
  "ROUND80":["-1","0","-1","0","0","1","1","0","0","0","0","1"]
}
