{
  "ID":["0","1","2","3","4","5","6","7","8","9","10","11"],
  "ROUND1":["2","-1","2","2","3","0","-1","2","0","3","3","-1"],
  "ROUND2":["2","-2","5","5","2","-1","-1","5","0","2","6","-1"],
  "ROUND3":["2","-2","5","7","5","1","-1","4","0","1","9","-1"],
  "ROUND4":["5","-2","5","9","8","3","-1","4","-1","0","12","-2"],
  "ROUND5":["5","1","4","9","8","3","-1","4","1","0","12","0"],
  "ROUND6":["7","3","3","8","11","6","-1","7","1","0","12","-1"],
  "ROUND7":["7","6","6","10","14","8","-2","9","0","0","11","1"],
  "ROUND8":["6","8","6","12","14","8","-2","9","0","0","14","1"],
  "ROUND9":["9","10","6","12","14","8","-3","12","3","2","13","0"],
  "ROUND10":["8","13","8","14","13","8","-4","15","6","2","16","-1"],
  "ROUND11":["8","12","7","17","15","8","-1","15","8","1","19","-1"],
  "ROUND12":["8","15","6","19","17","7","-1","18","8","1","18","2"],
  "ROUND13":["10","18","5","22","16","7","-1","18","8","3","18","2"],
  "ROUND14":["13","18","5","22","19","7","-2","18","7","3","20","4"],
  "ROUND15":["13","21","7","25","18","6","-2","18","7","3","20","6"],
  "ROUND16":["12","24","10","27","20","6","-3","20","7","2","22","9"],
  "ROUND17":["15","27","12","27","23","9","-3","19","6","4","21","8"],
  "ROUND18":["15","30","12","27","22","12","-3","18","5","4","21","11"],
  "ROUND19":["15","30","12","30","25","11","-3","17","4","3","24","14"],
  "ROUND20":["15","33","11","33","24","11","-1","16","7","2","26","17"],
  "ROUND21":["17","35","14","33","23","13","-1","16","7","1","28","20"],
  "ROUND22":["20","35","17","32","26","16","-2","16","6","4","27","19"],
  "ROUND23":["20","34","17","35","25","15","-2","16","9","4","27","22"],
  "ROUND24":["22","33","20","35","27","17","-2","19","11","3","27","22"],
  "ROUND25":["22","35","20","38","29","16","-2","19","11","3","30","21"],
  "ROUND26":["25","35","22","38","28","15","-2","19","10","6","33","23"],
  "ROUND27":["27","35","22","40","28","15","-2","21","12","6","33","23"],
  "ROUND28":["29","35","25","43","27","15","-2","23","12","5","32","26"],
  "ROUND29":["29","35","25","45","29","18","-2","23","14","5","31","28"],
  "ROUND30":["32","35","24","47","29","20","-3","22","14","5","34","31"],
  "ROUND31":["32","37","23","46","32","23","-3","24","14","5","33","34"],
  "ROUND32":["31","37","23","49","35","23","-4","27","14","4","32","37"],
  "ROUND33":["33","39","25","51","35","22","-1","29","17","4","31","39"],
  "ROUND34":["33","38","25","51","35","22","-1","28","20","7","31","39"],
  "ROUND35":["32","41","27","54","38","21","-2","28","20","9","30","42"],
  "ROUND36":["31","41","26","54","40","23","-2","31","19","12","30","45"],
  "ROUND37":["33","43","25","54","42","25","-2","30","22","12","30","48"],
  "ROUND38":["33","46","28","56","41","24","-2","29","24","12","30","51"],
  "ROUND39":["36","46","27","55","44","23","-3","29","27","14","32","54"],
  "ROUND40":["36","46","29","58","44","23","-3","29","27","14","31","56"],
  "ROUND41":["36","45","29","60","47","26","-3","31","29","13","33","56"],
  "ROUND42":["38","44","32","62","47","25","-1","34","28","13","35","59"],
  "ROUND43":["38","43","32","65","49","24","-2","37","28","16","37","59"],
  "ROUND44":["37","45","34","68","48","26","0","39","31","18","37","59"],
  "ROUND45":["40","45","34","71","51","25","-1","42","34","17","36","58"],
  "ROUND46":["39","44","33","73","51","27","2","45","34","20","36","58"],
  "ROUND47":["39","47","32","72","51","27","5","45","37","20","36","57"],
  "ROUND48":["39","46","32","72","54","27","5","45","36","23","36","57"],
  "ROUND49":["38","48","32","71","57","27","8","47","38","26","38","56"],
  "ROUND50":["41","48","32","74","59","27","8","49","37","25","38","56"],
  "ROUND51":["41","47","32","76","62","29","11","48","36","25","41","56"],
  "ROUND52":["41","47","32","75","65","31","11","50","38","25","43","56"],
  "ROUND53":["41","49","35","74","67","30","14","52","37","27","43","59"],
  "ROUND54":["43","49","34","73","70","29","13","52","40","30","46","61"],
  "ROUND55":["43","48","33","73","73","32","16","52","40","30","46","60"],
  "ROUND56":["46","47","32","73","73","34","15","51","43","32","49","63"],
  "ROUND57":["46","47","32","76","73","36","15","51","43","34","48","63"],
  "ROUND58":["49","49","31","79","73","39","15","50","46","36","47","62"],
  "ROUND59":["48","51","30","81","76","39","18","49","46","36","47","65"],
  "ROUND60":["50","50","32","80","79","39","18","49","46","36","50","65"],
  "ROUND61":["49","50","32","79","82","39","18","52","49","35","49","68"],
  "ROUND62":["48","52","35","79","84","39","20","52","49","35","51","68"],
  "ROUND63":["48","52","35","82","83","39","20","52","49","35","50","71"],
  "ROUND64":["51","55","34","85","82","38","20","52","48","38","53","70"],
  "ROUND65":["54","54","37","88","85","37","20","52","47","37","53","70"],
  "ROUND66":["54","57","37","88","85","37","20","51","47","37","55","72"],
  "ROUND67":["54","56","36","88","87","40","23","51","47","40","57","71"],
  "ROUND68":["53","56","38","91","89","39","22","51","50","43","59","73"],
  "ROUND69":["55","59","37","90","91","41","22","50","52","46","62","73"],
  "ROUND70":["55","61","40","93","91","40","21","49","52","46","65","75"],
  "ROUND71":["55","61","40","93","91","40","21","49","52","46","65","75"],
  "ROUND72":["57","61","40","96","93","42","21","49","51","49","64","77"],
  "ROUND73":["57","61","40","96","93","42","21","49","54","48","64","77"],
  "ROUND74":["57","61","40","96","92","41","21","52","54","48","64","80"],
  "ROUND75":["57","63","40","98","94","44","23","54","53","48","64","82"],
  "ROUND76":["59","63","40","98","94","46","23","54","53","48","64","82"],
  "ROUND77":["59","63","39","98","97","45","22","54","56","47","67","85"],
  "ROUND78":["58","65","39","98","99","47","24","57","58","49","69","87"],
  "ROUND79":["58","67","39","101","101","47","24","57","58","49","69","86"],
  "ROUND80":["57","66","42","103","100","49","24","59","58","51","72","89"]
}
