{
  "ID":["0","1","2","3","4","5","6","7","8","9","10","11"],
  "ROUND1":["-1","0","0","3","3","3","-1","0","-1","3","-1","0"],
  "ROUND2":["-1","2","0","5","3","5","1","2","1","3","-1","0"],
  "ROUND3":["1","5","-1","4","6","4","1","4","3","6","-1","2"],
  "ROUND4":["3","7","1","6","6","6","3","4","3","8","1","2"],
  "ROUND5":["3","6","4","6","6","8","3","4","5","8","1","2"],
  "ROUND6":["3","9","4","6","6","7","3","4","5","11","1","1"],
  "ROUND7":["3","11","7","9","9","9","2","3","4","11","1","1"],
  "ROUND8":["2","11","10","9","8","9","5","2","4","10","4","4"],
  "ROUND9":["4","13","10","9","7","11","5","5","6","13","3","4"],
  "ROUND10":["6","15","10","9","9","11","8","5","8","15","5","3"],
  "ROUND11":["6","17","9","11","8","11","10","5","11","17","5","6"],
  "ROUND12":["9","17","12","13","8","11","9","8","11","16","4","8"],
  "ROUND13":["8","20","15","15","10","10","12","7","10","16","7","8"],
  "ROUND14":["11","20","15","17","10","9","12","10","10","16","9","7"],
  "ROUND15":["13","20","18","19","10","11","11","10","12","16","11","9"],
  "ROUND16":["13","19","18","21","13","13","13","12","11","19","11","9"],
  "ROUND17":["15","19","18","21","16","13","13","12","10","19","11","11"],
  "ROUND18":["17","19","21","21","19","13","15","12","12","18","10","13"],
  "ROUND19":["17","19","24","24","18","13","15","12","11","18","10","13"],
  "ROUND20":["17","22","24","27","21","13","14","12","14","17","9","12"],
  "ROUND21":["16","25","23","30","20","16","14","11","14","20","9","12"],
  "ROUND22":["18","25","23","30","20","18","16","11","14","22","12","11"],
  "ROUND23":["17","25","23","30","23","18","19","11","13","22","14","13"],
  "ROUND24":["16","27","23","32","23","18","21","13","13","25","16","15"],
  "ROUND25":["16","27","23","32","22","18","21","13","13","25","16","18"],
  "ROUND26":["16","29","25","32","25","18","24","12","12","25","19","17"],
  "ROUND27":["15","29","25","35","25","21","23","11","15","25","19","17"],
  "ROUND28":["15","28","28","37","25","23","25","14","15","24","19","19"],
  "ROUND29":["18","28","27","36","28","23","27","14","17","24","19","19"],
  "ROUND30":["21","30","26","36","27","22","30","17","19","24","19","19"],
  "ROUND31":["20","30","26","36","29","25","30","19","19","26","19","21"],
  "ROUND32":["22","29","28","39","29","27","32","19","19","26","21","23"],
  "ROUND33":["22","31","28","39","29","26","35","21","19","28","23","23"],
  "ROUND34":["25","30","27","39","32","26","38","20","22","28","23","22"],
  "ROUND35":["27","32","29","39","31","26","38","22","25","28","22","25"],
  "ROUND36":["30","31","29","39","34","26","38","21","24","30","25","27"],
  "ROUND37":["30","30","29","38","37","29","38","21","24","30","24","30"],
  "ROUND38":["30","29","28","38","37","29","41","21","24","33","24","30"],
  "ROUND39":["33","28","27","41","40","29","41","20","24","33","24","30"],
  "ROUND40":["32","31","30","44","39","29","40","20","27","32","24","30"],
  "ROUND41":["31","34","29","43","39","32","42","22","27","32","24","33"],
  "ROUND42":["34","33","31","46","42","32","42","24","30","31","23","32"],
  "ROUND43":["33","33","34","49","41","32","45","27","32","33","22","31"],
  "ROUND44":["32","33","34","49","41","32","44","27","35","33","22","34"],
  "ROUND45":["31","32","34","48","41","31","47","30","38","33","25","34"],
  "ROUND46":["34","34","34","50","43","31","49","33","37","32","24","37"],
  "ROUND47":["33","37","34","49","43","34","51","32","37","35","26","37"],
  "ROUND48":["36","37","33","49","42","34","50","32","40","38","26","37"],
  "ROUND49":["38","40","32","49","42","36","50","32","40","37","29","37"],
  "ROUND50":["38","40","32","49","45","36","50","31","39","37","32","37"],
  "ROUND51":["38","43","35","48","45","36","50","30","39","40","32","36"],
  "ROUND52":["40","43","35","48","45","38","50","30","41","42","32","36"],
  "ROUND53":["42","46","37","51","44","38","50","30","41","44","34","35"],
  "ROUND54":["44","46","37","50","47","38","50","30","44","44","33","37"],
  "ROUND55":["47","48","39","50","46","41","52","32","46","43","35","37"],
  "ROUND56":["49","51","39","50","46","43","55","31","48","45","34","37"],
  "ROUND57":["51","53","41","50","46","43","55","31","50","47","34","39"],
  "ROUND58":["54","53","41","50","49","42","55","33","50","47","36","38"],
  "ROUND59":["57","56","40","50","49","42","54","32","53","47","35","41"],
  "ROUND60":["57","59","39","50","48","41","56","32","56","47","37","44"],
  "ROUND61":["59","59","42","50","50","41","58","31","56","46","40","46"],
  "ROUND62":["59","61","41","50","52","41","60","33","59","48","40","48"],
  "ROUND63":["62","60","43","49","51","43","63","33","62","48","40","48"],
  "ROUND64":["64","59","43","51","54","46","63","33","61","48","43","47"],
  "ROUND65":["63","62","46","51","54","45","66","32","63","50","43","47"],
  "ROUND66":["63","65","45","50","54","48","65","32","63","50","46","47"],
  "ROUND67":["65","68","44","50","53","47","65","32","65","50","49","50"],
  "ROUND68":["64","68","44","49","53","47","64","35","65","50","52","53"],
  "ROUND69":["66","68","44","51","53","47","64","35","67","50","54","53"],
  "ROUND70":["68","70","47","53","55","47","66","37","66","52","54","55"],
  "ROUND71":["68","73","50","55","57","49","69","36","65","51","56","55"],
  "ROUND72":["71","72","49","55","56","52","71","39","65","53","55","58"],
  "ROUND73":["74","72","49","55","55","55","73","38","65","52","58","60"],
  "ROUND74":["74","71","49","54","55","58","73","38","65","55","58","60"],
  "ROUND75":["74","70","49","56","57","61","75","40","68","57","60","59"],
  "ROUND76":["74","72","49","55","60","63","77","42","68","57","62","61"],
  "ROUND77":["74","72","52","55","63","65","80","42","67","56","61","63"],
  "ROUND78":["76","72","52","55","66","68","82","42","66","55","61","63"],
  "ROUND79":["78","71","52","55","66","71","84","45","68","54","63","63"],
  "ROUND80":["81","73","52","54","68","74","87","45","67","53","63","63"]
}
