{
  "ID":["0","1","2","3","4","5","6","7","8","9","10","11"],
  "ROUND1":["0","0","2","0","0","0","0","0","0","2","3","-1"],
  "ROUND2":["3","3","1","0","0","2","-1","2","0","5","2","-1"],
  "ROUND3":["6","6","4","-1","2","2","1","4","-1","7","1","-1"],
  "ROUND4":["9","6","3","-2","1","1","4","4","-2","10","4","2"],
  "ROUND5":["12","8","5","-2","3","3","6","4","0","10","3","2"],
  "ROUND6":["15","8","4","-3","3","3","9","4","3","10","3","1"],
  "ROUND7":["18","8","3","0","2","5","11","6","6","10","5","0"],
  "ROUND8":["18","10","2","0","4","5","11","6","6","10","5","3"],
  "ROUND9":["17","10","1","0","6","7","14","9","6","10","5","3"],
  "ROUND10":["19","10","1","-1","9","9","17","9","8","12","4","3"],
  "ROUND11":["21","10","1","-1","11","11","17","9","10","12","4","3"],
  "ROUND12":["21","10","3","1","11","11","19","11","10","12","6","5"],
  "ROUND13":["20","10","3","1","13","11","19","11","12","15","6","5"],
  "ROUND14":["20","10","2","0","13","14","18","11","14","17","9","8"],
  "ROUND15":["23","10","1","0","15","14","17","14","14","20","11","7"],
  "ROUND16":["23","13","0","3","15","14","20","14","13","23","10","6"],
  "ROUND17":["25","15","0","2","14","16","23","17","12","25","10","9"],
  "ROUND18":["25","18","0","1","17","19","26","16","12","24","9","9"],
  "ROUND19":["24","17","3","1","17","21","28","16","14","27","9","11"],
  "ROUND20":["24","17","2","3","17","21","30","16","17","27","11","13"],
  "ROUND21":["24","17","2","2","16","21","33","16","17","30","14","12"],
  "ROUND22":["27","17","5","2","16","20","32","16","17","33","14","11"],
  "ROUND23":["26","17","8","2","18","23","31","19","19","33","13","11"],
  "ROUND24":["26","17","11","1","17","26","34","19","18","33","15","13"],
  "ROUND25":["28","19","13","4","17","25","36","19","20","35","17","15"],
  "ROUND26":["27","19","13","7","19","27","39","19","19","35","17","15"],
  "ROUND27":["27","19","13","10","19","27","39","18","22","34","19","17"],
  "ROUND28":["29","18","12","10","21","29","41","18","22","37","22","17"],
  "ROUND29":["28","18","15","9","24","28","41","20","22","39","22","20"],
  "ROUND30":["28","18","17","9","24","28","43","22","22","41","22","20"],
  "ROUND31":["31","18","17","8","26","31","43","21","21","41","24","23"],
  "ROUND32":["30","18","20","11","26","31","42","21","23","40","26","26"],
  "ROUND33":["30","18","23","11","26","34","42","21","22","40","26","25"],
  "ROUND34":["30","17","26","11","26","34","44","21","24","40","26","25"],
  "ROUND35":["32","20","26","10","28","36","43","23","27","43","25","25"],
  "ROUND36":["34","19","25","13","28","38","46","23","29","43","27","25"],
  "ROUND37":["37","19","25","13","31","41","46","22","31","42","29","24"],
  "ROUND38":["40","19","25","15","33","40","45","24","34","42","29","26"],
  "ROUND39":["43","18","28","14","33","40","44","26","34","44","29","29"],
  "ROUND40":["45","20","28","16","33","42","44","26","36","47","31","28"],
  "ROUND41":["47","22","27","16","33","41","47","28","39","49","34","27"],
  "ROUND42":["49","25","26","16","35","41","46","28","39","49","34","30"],
  "ROUND43":["48","25","29","19","35","41","45","27","39","49","34","33"],
  "ROUND44":["47","28","28","22","35","40","48","27","41","51","36","35"],
  "ROUND45":["49","30","31","25","35","39","50","30","40","50","36","37"],
  "ROUND46":["49","30","30","25","34","41","52","33","40","50","39","37"],
  "ROUND47":["51","32","32","27","36","41","52","35","40","50","39","37"],
  "ROUND48":["53","31","34","27","39","41","55","34","40","50","38","40"],
  "ROUND49":["53","33","33","27","41","41","58","36","39","53","40","40"],
  "ROUND50":["55","32","35","30","41","40","61","36","39","53","40","40"],
  "ROUND51":["54","32","38","30","41","39","64","36","39","53","40","40"],
  "ROUND52":["57","32","40","29","44","39","66","35","42","53","39","40"],
  "ROUND53":["59","34","43","31","44","39","66","34","45","53","41","39"],
  "ROUND54":["62","34","46","34","44","39","65","33","48","52","41","38"],
  "ROUND55":["62","37","45","37","44","38","65","32","48","55","40","41"],
  "ROUND56":["64","37","45","39","44","41","64","31","48","55","40","44"],
  "ROUND57":["63","39","45","39","46","41","64","31","48","55","40","47"],
  "ROUND58":["65","38","44","39","48","41","64","33","48","58","43","49"],
  "ROUND59":["65","38","44","42","48","43","67","32","48","58","42","51"],
  "ROUND60":["67","38","44","42","48","43","70","34","47","58","42","51"],
  "ROUND61":["70","37","47","42","47","46","70","37","46","57","42","51"],
  "ROUND62":["72","37","49","41","46","49","72","37","48","56","45","54"],
  "ROUND63":["72","36","49","41","46","49","72","37","48","56","48","54"],
  "ROUND64":["72","38","51","44","46","49","72","36","50","58","48","54"],
  "ROUND65":["75","40","50","47","48","51","71","39","49","60","48","54"],
  "ROUND66":["77","43","52","49","47","51","70","38","52","62","51","54"],
  "ROUND67":["79","45","55","51","46","51","69","38","52","65","51","56"],
  "ROUND68":["82","45","55","51","49","54","68","37","52","65","50","56"],
  "ROUND69":["84","44","55","51","49","57","70","37","51","65","50","59"],
  "ROUND70":["86","46","57","51","51","57","70","37","51","67","52","59"],
  "ROUND71":["85","46","56","50","54","57","70","40","51","70","54","61"],
  "ROUND72":["85","49","55","52","57","56","69","40","54","69","56","64"],
  "ROUND73":["88","51","57","55","57","55","69","39","53","72","59","63"],
  "ROUND74":["88","51","56","57","60","58","68","39","55","72","59","63"],
  "ROUND75":["87","50","59","57","59","61","68","39","58","75","59","62"],
  "ROUND76":["86","52","62","56","59","63","71","39","57","75","59","65"],
  "ROUND77":["86","51","62","56","62","63","71","39","57","75","59","65"],
  "ROUND78":["86","54","61","55","62","63","74","38","60","78","59","64"],
  "ROUND79":["88","54","63","55","65","65","73","41","60","80","58","64"],
  "ROUND80":["90","56","65","55","67","65","75","43","62","82","58","64"]
}
