{
  "ID":["0","1","2","3","4","5","6","7","8","9","10","11"],
  "ROUND1":["0","0","3","0","2","0","3","0","2","-1","0","-1"],
  "ROUND2":["3","-1","6","-1","2","0","6","0","2","-1","-1","-1"],
  "ROUND3":["3","-1","8","-1","2","0","8","3","2","2","-2","-2"],
  "ROUND4":["6","-1","11","-2","4","0","7","3","2","2","-2","0"],
  "ROUND5":["6","-1","14","-2","4","0","7","3","1","2","-2","0"],
  "ROUND6":["6","2","14","-3","3","3","7","2","4","2","1","-1"],
  "ROUND7":["8","5","17","-1","3","2","6","5","3","1","1","2"],
  "ROUND8":["7","8","20","-1","3","1","6","4","5","3","1","5"],
  "ROUND9":["6","7","20","1","5","3","9","4","5","5","4","5"],
  "ROUND10":["8","9","20","1","5","5","9","6","5","8","4","4"],
  "ROUND11":["7","9","20","4","5","8","9","9","4","8","4","3"],
  "ROUND12":["6","9","20","3","5","8","12","8","7","7","7","6"],
  "ROUND13":["8","11","19","5","5","10","11","10","7","9","10","9"],
  "ROUND14":["7","13","21","7","7","12","13","10","6","12","13","9"],
  "ROUND15":["7","16","24","7","7","12","16","10","5","11","12","9"],
  "ROUND16":["7","18","24","9","9","12","18","10","5","11","14","11"],
  "ROUND17":["7","21","26","11","9","12","17","9","5","14","14","11"],
  "ROUND18":["7","21","26","11","9","12","19","12","5","14","16","10"],
  "ROUND19":["7","20","25","14","9","15","19","15","4","14","19","9"],
  "ROUND20":["7","20","27","14","12","15","22","14","4","13","21","9"],
  "ROUND21":["6","19","27","17","15","15","22","17","4","12","20","12"],
  "ROUND22":["8","22","27","16","15","17","24","17","6","14","20","14"],
  "ROUND23":["10","24","27","18","17","19","24","17","6","14","20","16"],
  "ROUND24":["10","26","27","21","16","21","24","19","9","14","19","18"],
  "ROUND25":["9","26","27","24","15","20","27","19","12","17","19","17"],
  "ROUND26":["9","25","27","23","18","23","26","18","15","20","19","17"],
  "ROUND27":["12","25","26","23","17","25","25","18","15","23","22","19"],
  "ROUND28":["15","25","25","26","17","28","24","17","14","23","25","19"],
  "ROUND29":["18","25","24","29","17","28","24","17","14","26","24","18"],
  "ROUND30":["17","25","23","29","20","31","24","17","14","26","27","17"],
  "ROUND31":["16","25","26","32","23","30","24","17","13","25","30","17"],
  "ROUND32":["15","24","26","32","23","30","27","20","13","25","30","17"],
  "ROUND33":["17","24","26","31","23","33","30","19","15","24","30","20"],
  "ROUND34":["16","27","26","30","26","36","30","18","18","23","33","19"],
  "ROUND35":["19","26","29","33","29","35","29","17","20","23","35","19"],
  "ROUND36":["18","28","31","36","31","37","29","17","19","23","35","22"],
  "ROUND37":["20","27","33","39","31","36","31","19","19","26","37","24"],
  "ROUND38":["23","30","32","41","33","39","31","22","18","25","36","24"],
  "ROUND39":["23","33","32","41","32","42","34","25","17","25","35","23"],
  "ROUND40":["23","35","32","41","34","45","34","24","17","28","34","23"],
  "ROUND41":["23","37","32","40","37","48","34","23","16","30","37","23"],
  "ROUND42":["26","40","31","40","36","48","33","26","15","29","40","26"],
  "ROUND43":["26","39","31","40","36","51","33","25","17","32","40","28"],
  "ROUND44":["26","39","34","43","35","51","33","24","20","34","39","30"],
  "ROUND45":["26","41","34","46","38","51","35","26","19","33","41","30"],
  "ROUND46":["25","41","37","46","38","51","34","29","22","32","41","30"],
  "ROUND47":["25","43","36","45","41","53","34","32","24","34","41","30"],
  "ROUND48":["25","42","35","44","44","52","37","32","24","34","44","33"],
  "ROUND49":["25","45","34","47","47","52","36","32","24","34","44","32"],
  "ROUND50":["27","44","37","49","49","52","38","34","24","36","44","32"],
  "ROUND51":["27","44","37","48","49","55","38","34","24","35","47","32"],
  "ROUND52":["30","44","37","50","51","55","38","33","24","35","47","32"],
  "ROUND53":["30","43","36","49","51","58","40","36","24","37","50","32"],
  "ROUND54":["32","43","36","49","53","60","40","38","24","37","50","32"],
  "ROUND55":["32","45","39","48","56","60","39","40","24","37","49","35"],
  "ROUND56":["31","45","42","50","56","62","41","42","24","36","52","35"],
  "ROUND57":["33","45","44","50","59","64","43","45","24","35","52","34"],
  "ROUND58":["33","48","43","49","62","63","45","45","26","35","52","37"],
  "ROUND59":["35","51","43","49","64","63","44","47","25","38","52","39"],
  "ROUND60":["35","51","45","49","66","66","47","46","25","40","54","38"],
  "ROUND61":["34","50","45","48","66","68","49","46","28","43","57","38"],
  "ROUND62":["34","50","45","47","66","70","52","46","28","42","60","40"],
  "ROUND63":["34","49","45","46","69","72","52","46","30","42","63","40"],
  "ROUND64":["34","49","44","46","69","75","52","45","30","45","63","40"],
  "ROUND65":["37","51","43","49","68","77","54","44","33","47","63","40"],
  "ROUND66":["39","54","46","48","67","80","54","43","35","47","63","40"],
  "ROUND67":["39","54","45","51","66","82","56","45","35","50","65","40"],
  "ROUND68":["41","57","44","51","66","81","55","48","37","53","65","40"],
  "ROUND69":["43","60","43","51","65","84","58","50","37","56","64","39"],
  "ROUND70":["43","59","46","51","65","83","61","50","40","56","63","39"],
  "ROUND71":["43","59","48","54","64","83","64","50","40","56","62","41"],
  "ROUND72":["43","61","50","56","66","86","64","52","40","58","61","41"],
  "ROUND73":["46","60","50","59","65","89","63","55","40","57","60","44"],
  "ROUND74":["45","62","50","59","68","91","66","58","39","57","60","43"],
  "ROUND75":["45","61","53","61","67","94","65","61","42","56","62","43"],
  "ROUND76":["48","61","53","60","67","97","65","63","42","58","61","43"],
  "ROUND77":["50","61","53","63","67","97","65","65","42","58","61","42"],
  "ROUND78":["50","64","53","63","67","97","68","64","45","58","60","41"],
  "ROUND79":["53","64","56","62","66","96","67","67","48","58","60","41"],
  "ROUND80":["53","63","58","64","65","99","66","69","50","58","63","44"]
}
