{
  "ID":["0","1","2","3","4","5","6","7","8","9","10","11"],
  "ROUND1":["0","-1","0","3","-1","-1","3","3","-1","-1","3","3"],
  "ROUND2":["0","-1","0","6","-1","1","3","6","-1","-2","5","2"],
  "ROUND3":["2","2","2","8","-1","4","3","8","-2","-2","5","1"],
  "ROUND4":["2","4","1","7","2","4","3","7","-2","0","8","4"],
  "ROUND5":["5","4","3","7","4","6","2","9","1","-1","10","6"],
  "ROUND6":["4","4","3","9","7","8","2","12","0","-2","13","6"],
  "ROUND7":["4","4","5","12","7","7","2","14","0","-2","13","6"],
  "ROUND8":["7","6","7","15","7","10","1","13","2","0","12","6"],
  "ROUND9":["7","5","7","15","7","10","4","13","2","-1","12","9"],
  "ROUND10":["7","5","10","15","7","10","3","13","1","-1","12","12"],
  "ROUND11":["7","4","10","18","10","12","5","13","1","-2","12","12"],
  "ROUND12":["7","3","10","18","9","15","4","16","1","-2","12","15"],
  "ROUND13":["7","6","12","18","11","18","6","18","3","-3","14","14"],
  "ROUND14":["9","9","12","21","13","17","8","20","3","-4","14","14"],
  "ROUND15":["11","8","14","24","13","20","7","20","6","-5","14","14"],
  "ROUND16":["13","7","16","27","13","23","9","19","8","-3","16","14"],
  "ROUND17":["13","7","19","29","12","25","11","18","8","-1","19","14"],
  "ROUND18":["16","7","19","32","14","25","13","18","10","-2","21","13"],
  "ROUND19":["16","10","21","34","17","25","12","17","9","-3","24","16"],
  "ROUND20":["19","9","20","34","20","28","12","16","12","0","23","15"],
  "ROUND21":["18","9","22","36","20","30","12","19","14","0","23","15"],
  "ROUND22":["18","11","25","39","23","30","14","18","13","-1","23","15"],
  "ROUND23":["18","11","25","41","22","30","16","20","16","1","26","14"],
  "ROUND24":["17","13","25","44","22","33","16","22","15","1","28","16"],
  "ROUND25":["19","16","24","47","22","36","15","22","17","3","30","15"],
  "ROUND26":["19","16","26","47","24","36","18","25","16","2","32","17"],
  "ROUND27":["19","16","26","47","24","36","18","28","15","2","32","17"],
  "ROUND28":["18","19","26","47","24","36","20","28","18","4","32","16"],
  "ROUND29":["17","21","26","49","26","36","20","28","21","3","34","19"],
  "ROUND30":["19","21","28","52","26","36","22","28","23","2","34","19"],
  "ROUND31":["21","24","27","52","28","36","22","31","23","1","34","19"],
  "ROUND32":["20","24","29","55","28","35","24","33","26","1","36","19"],
  "ROUND33":["20","24","29","55","28","35","24","33","26","1","36","19"],
  "ROUND34":["22","23","29","55","27","37","23","35","29","4","39","21"],
  "ROUND35":["24","23","32","55","30","36","22","34","31","7","39","21"],
  "ROUND36":["24","22","34","55","29","35","25","34","34","9","42","21"],
  "ROUND37":["23","25","36","58","32","35","24","33","34","9","44","21"],
  "ROUND38":["23","25","35","61","31","34","24","36","36","11","47","21"],
  "ROUND39":["26","25","34","60","31","34","27","36","36","10","50","21"],
  "ROUND40":["28","25","36","62","31","37","29","36","35","10","50","21"],
  "ROUND41":["28","24","38","61","34","39","32","36","35","12","50","23"],
  "ROUND42":["31","24","40","60","36","39","32","35","37","15","50","25"],
  "ROUND43":["31","23","43","63","36","38","31","38","40","18","49","24"],
  "ROUND44":["33","25","46","65","35","37","33","38","40","17","52","27"],
  "ROUND45":["36","24","46","68","34","39","33","37","43","16","55","29"],
  "ROUND46":["36","24","49","67","37","38","35","37","43","18","54","32"],
  "ROUND47":["36","26","52","66","37","38","37","37","43","18","53","35"],
  "ROUND48":["36","26","51","68","37","41","39","37","46","18","53","34"],
  "ROUND49":["36","25","54","68","39","41","39","39","46","18","53","34"],
  "ROUND50":["36","25","57","68","42","44","42","39","45","17","52","33"],
  "ROUND51":["35","25","57","67","42","47","42","41","45","20","52","35"],
  "ROUND52":["38","25","57","70","42","47","42","40","48","19","51","35"],
  "ROUND53":["38","28","57","72","42","46","42","42","50","19","53","35"],
  "ROUND54":["41","30","57","71","44","46","45","41","50","19","53","35"],
  "ROUND55":["41","32","60","70","46","45","47","44","50","22","52","37"],
  "ROUND56":["44","35","63","70","45","44","49","44","49","25","54","36"],
  "ROUND57":["43","35","66","72","45","47","52","44","49","27","53","35"],
  "ROUND58":["45","38","65","71","48","47","51","47","52","27","52","37"],
  "ROUND59":["44","40","67","71","50","49","53","49","54","27","54","40"],
  "ROUND60":["43","39","69","73","50","49","52","51","57","29","57","43"],
  "ROUND61":["45","41","69","76","49","51","54","53","57","31","59","45"],
  "ROUND62":["48","40","68","79","48","50","57","52","60","31","62","45"],
  "ROUND63":["50","40","68","78","47","50","56","55","60","34","65","47"],
  "ROUND64":["50","42","68","80","46","50","59","55","60","37","64","47"],
  "ROUND65":["49","45","70","79","49","50","62","54","60","39","67","46"],
  "ROUND66":["49","44","69","81","48","50","65","57","60","41","70","46"],
  "ROUND67":["52","44","69","81","50","49","68","57","62","40","70","46"],
  "ROUND68":["55","46","69","81","50","49","70","56","61","40","73","46"],
  "ROUND69":["58","49","68","80","50","52","69","56","60","43","73","46"],
  "ROUND70":["61","48","68","82","53","52","72","58","60","43","72","45"],
  "ROUND71":["63","51","67","81","56","51","72","61","62","46","71","45"],
  "ROUND72":["63","51","66","83","58","54","72","61","64","48","71","45"],
  "ROUND73":["65","51","68","83","57","56","75","61","66","50","73","45"],
  "ROUND74":["65","50","67","82","60","59","75","64","69","50","73","44"],
  "ROUND75":["65","53","67","82","59","62","78","63","69","49","72","47"],
  "ROUND76":["68","53","67","82","61","62","77","63","69","51","74","49"],
  "ROUND77":["71","55","66","81","60","62","77","62","72","53","77","52"],
  "ROUND78":["71","58","68","81","60","64","77","62","72","55","79","51"],
  "ROUND79":["73","58","70","84","60","63","80","61","72","57","79","53"],
  "ROUND80":["75","61","72","86","59","63","80","63","72","56","82","53"]
}
