{
  "ID":["0","1","2","3","4","5","6","7","8","9","10","11"],
  "ROUND1":["3","-1","3","3","-1","-1","0","0","0","0","-1","3"],
  "ROUND2":["2","1","5","5","-1","1","0","2","3","2","1","5"],
  "ROUND3":["2","1","5","4","-1","1","3","5","3","2","1","4"],
  "ROUND4":["2","0","8","3","1","4","5","8","2","2","1","4"],
  "ROUND5":["4","2","8","3","1","6","4","10","4","4","4","4"],
  "ROUND6":["6","2","8","6","4","8","3","10","4","4","4","3"],
  "ROUND7":["9","4","8","8","3","7","2","9","7","7","7","3"],
  "ROUND8":["9","7","8","7","6","6","5","9","10","7","6","2"],
  "ROUND9":["11","6","10","7","5","8","5","11","10","7","9","5"],
  "ROUND10":["13","8","10","6","4","8","5","14","10","9","12","7"],
  "ROUND11":["13","11","10","6","4","10","4","14","10","9","12","9"],
  "ROUND12":["12","13","10","5","4","13","7","16","9","9","12","12"],
  "ROUND13":["12","13","10","8","4","12","6","16","12","9","12","12"],
  "ROUND14":["14","12","13","8","4","11","6","15","14","12","12","15"],
  "ROUND15":["14","15","15","8","3","11","6","17","16","12","14","15"],
  "ROUND16":["14","15","15","8","6","11","6","16","16","11","14","18"],
  "ROUND17":["14","15","15","10","6","10","8","18","18","11","14","21"],
  "ROUND18":["17","15","18","9","5","12","11","18","20","11","13","21"],
  "ROUND19":["19","17","20","9","8","12","10","20","23","11","12","21"],
  "ROUND20":["21","20","23","12","7","11","9","19","23","13","12","24"],
  "ROUND21":["20","23","22","12","7","10","11","22","26","13","14","24"],
  "ROUND22":["22","23","22","12","7","10","10","22","26","13","16","27"],
  "ROUND23":["21","23","25","15","7","12","9","24","28","13","16","29"],
  "ROUND24":["24","23","27","15","6","12","9","27","28","13","15","31"],
  "ROUND25":["24","25","29","18","8","14","9","29","27","12","17","34"],
  "ROUND26":["23","25","28","21","11","14","8","28","30","11","20","37"],
  "ROUND27":["26","27","27","21","11","16","10","27","33","14","19","39"],
  "ROUND28":["28","26","27","21","11","16","9","27","33","17","21","42"],
  "ROUND29":["28","29","29","20","11","18","12","29","36","16","23","41"],
  "ROUND30":["28","32","28","19","11","21","12","29","36","16","22","44"],
  "ROUND31":["27","32","28","19","10","24","15","29","35","19","21","47"],
  "ROUND32":["27","34","31","18","9","24","14","31","38","22","21","47"],
  "ROUND33":["27","34","30","20","12","24","16","30","40","24","21","50"],
  "ROUND34":["29","33","33","22","12","26","15","33","40","26","23","52"],
  "ROUND35":["32","33","32","21","15","25","18","36","39","29","23","51"],
  "ROUND36":["32","36","32","24","17","24","17","36","42","31","22","51"],
  "ROUND37":["35","36","35","24","19","23","19","35","44","30","25","53"],
  "ROUND38":["34","38","34","24","21","23","19","35","43","33","28","56"],
  "ROUND39":["33","37","37","24","21","22","18","38","43","36","28","59"],
  "ROUND40":["33","40","37","27","20","22","17","40","43","38","31","58"],
  "ROUND41":["33","42","39","27","20","22","19","40","45","38","33","60"],
  "ROUND42":["32","42","39","27","20","22","19","40","48","40","33","62"],
  "ROUND43":["34","42","39","27","20","22","19","43","47","39","35","65"],
  "ROUND44":["34","42","38","27","23","21","19","43","47","42","34","68"],
  "ROUND45":["36","44","40","29","23","23","21","45","47","44","36","70"],
  "ROUND46":["36","43","43","31","23","23","21","45","49","44","36","70"],
  "ROUND47":["36","43","42","34","26","25","20","44","51","44","36","73"],
  "ROUND48":["36","43","42","34","28","27","20","46","51","44","36","75"],
  "ROUND49":["35","43","44","37","30","27","22","45","54","46","38","77"],
  "ROUND50":["37","43","46","37","32","30","21","45","54","46","38","79"],
  "ROUND51":["39","43","49","37","31","32","23","45","57","48","38","78"],
  "ROUND52":["39","42","51","37","34","32","26","45","56","47","41","80"],
  "ROUND53":["39","41","51","37","34","32","26","48","59","46","41","80"],
  "ROUND54":["38","41","51","40","33","35","29","48","58","49","41","79"],
  "ROUND55":["41","40","54","40","32","38","29","47","58","49","40","82"],
  "ROUND56":["44","39","56","43","32","41","29","46","57","51","43","81"],
  "ROUND57":["44","39","59","42","31","41","29","48","56","53","46","84"],
  "ROUND58":["47","41","58","41","30","44","29","51","59","53","48","83"],
  "ROUND59":["47","40","61","43","32","44","32","51","58","52","48","86"],
  "ROUND60":["49","43","61","45","34","43","32","51","58","52","48","88"],
  "ROUND61":["48","45","61","45","34","46","35","50","57","55","50","88"],
  "ROUND62":["51","48","60","45","34","49","35","50","57","54","50","87"],
  "ROUND63":["51","51","62","44","34","52","35","53","57","53","52","86"],
  "ROUND64":["54","51","65","46","34","51","35","53","56","53","54","86"],
  "ROUND65":["57","51","65","48","36","53","34","55","56","55","56","86"],
  "ROUND66":["59","51","65","50","38","52","33","58","59","57","55","89"],
  "ROUND67":["59","54","64","53","37","52","33","57","62","56","55","92"],
  "ROUND68":["61","56","67","52","36","55","32","57","65","56","57","94"],
  "ROUND69":["63","59","69","52","38","55","34","60","64","58","59","93"],
  "ROUND70":["63","62","69","54","37","58","37","60","63","60","59","92"],
  "ROUND71":["63","65","71","54","39","58","39","59","63","59","62","94"],
  "ROUND72":["66","65","71","53","38","61","38","58","63","59","65","97"],
  "ROUND73":["66","65","71","53","38","61","37","57","63","62","68","97"],
  "ROUND74":["68","65","70","56","41","61","36","57","65","64","68","99"],
  "ROUND75":["71","68","69","56","40","60","39","60","68","63","67","99"],
  "ROUND76":["74","68","68","56","40","62","41","63","68","63","66","99"],
  "ROUND77":["73","68","68","56","43","61","41","62","68","63","69","102"],
  "ROUND78":["76","67","67","58","45","64","41","62","67","62","72","105"],
  "ROUND79":["76","66","70","60","47","66","41","64","67","62","72","105"],
  "ROUND80":["79","65","72","62","49","65","41","64","69","62","75","105"]
}
