{
  "ID":["0","1","2","3","4","5","6","7","8","9","10","11"],
  "ROUND1":["0","0","0","0","1","0","-1","1","1","0","0","-1"],
  "ROUND2":["0","0","-1","0","1","1","0","1","-1","1","0","1"],
  "ROUND3":["-1","0","0","0","0","1","-1","1","1","1","1","0"],
  "ROUND4":["0","0","0","0","0","1","-1","-1","1","0","1","1"],
  "ROUND5":["0","0","0","0","1","-1","1","1","1","0","-1","0"],
  "ROUND6":["0","-1","-1","0","0","1","1","0","1","1","1","0"],
  "ROUND7":["-1","0","0","0","0","0","1","-1","1","1","1","1"],
  "ROUND8":["-1","0","0","-1","0","1","1","1","1","1","1","0"],
  "ROUND9":["-1","1","1","0","-1","0","0","1","0","0","1","0"],
  "ROUND10":["-1","0","0","0","1","1","0","1","1","1","-1","1"],
  "ROUND11":["1","1","0","1","1","-1","1","0","0","-1","1","1"],
  "ROUND12":["0","0","0","-1","-1","1","0","1","0","1","0","0"],
  "ROUND13":["0","0","0","1","-1","0","1","1","1","1","0","-1"],
  "ROUND14":["0","0","1","0","0","1","0","-1","1","0","-1","1"],
  "ROUND15":["0","0","0","-1","1","0","0","0","-1","1","1","1"],
  "ROUND16":["0","-1","0","0","0","1","1","0","0","0","-1","0"],
  "ROUND17":["-1","1","0","1","1","0","1","0","1","-1","1","1"],
  "ROUND18":["0","0","0","1","1","1","1","1","0","-1","-1","1"],
  "ROUND19":["0","0","0","1","1","1","1","-1","-1","0","1","0"],
  "ROUND20":["0","1","0","0","1","-1","1","0","-1","1","1","1"],
  "ROUND21":["0","0","0","0","1","0","1","0","-1","-1","1","1"],
  "ROUND22":["0","1","1","0","1","0","0","-1","1","0","-1","0"],
  "ROUND23":["1","1","0","0","-1","-1","1","0","1","1","1","1"],
  "ROUND24":["1","1","0","-1","0","1","1","-1","1","0","0","1"],
  "ROUND25":["0","1","0","0","0","1","1","-1","-1","1","1","0"],
  "ROUND26":["-1","1","1","0","-1","1","1","1","0","0","1","0"],
  "ROUND27":["0","0","-1","0","1","1","0","1","1","1","-1","1"],
  "ROUND28":["-1","0","0","0","1","1","1","1","1","1","1","-1"],
  "ROUND29":["1","0","0","1","0","-1","1","0","0","1","-1","0"],
  "ROUND30":["0","0","0","0","-1","0","1","1","-1","1","0","1"],
  "ROUND31":["0","-1","0","0","1","-1","1","1","1","1","1","1"],
  "ROUND32":["0","-1","1","0","-1","0","1","0","0","1","1","1"],
  "ROUND33":["0","0","0","1","1","-1","1","1","0","0","0","-1"],
  "ROUND34":["1","1","0","0","0","1","0","-1","1","-1","1","0"],
  "ROUND35":["-1","1","0","1","1","0","0","1","-1","0","1","0"],
  "ROUND36":["1","0","-1","0","0","1","-1","0","1","0","1","0"],
  "ROUND37":["0","1","1","0","-1","-1","1","1","0","0","1","0"],
  "ROUND38":["1","0","1","1","0","-1","1","-1","1","1","1","1"],
  "ROUND39":["1","0","1","1","0","0","1","1","1","-1","1","-1"],
  "ROUND40":["0","-1","1","1","1","1","0","1","0","1","-1","1"],
  "ROUND41":["0","0","0","0","-1","-1","1","0","1","1","1","0"],
  "ROUND42":["0","0","0","0","0","1","-1","-1","0","1","1","0"],
  "ROUND43":["-1","0","1","0","0","0","1","1","0","1","0","-1"],
  "ROUND44":["1","1","0","0","0","0","-1","1","0","1","-1","0"],
  "ROUND45":["0","1","1","0","0","0","1","0","1","-1","1","-1"],
  "ROUND46":["0","1","-1","0","1","-1","1","1","0","1","1","1"],
  "ROUND47":["0","1","0","1","-1","1","-1","1","1","0","1","0"],
  "ROUND48":["1","1","1","0","1","0","0","1","-1","1","1","-1"],
  "ROUND49":["1","1","-1","1","1","0","1","0","1","-1","0","0"],
  "ROUND50":["0","0","0","-1","1","1","1","-1","0","1","0","1"],
  "ROUND51":["0","0","0","0","1","0","-1","-1","1","0","0","0"],
  "ROUND52":["0","0","0","0","0","-1","0","1","1","0","0","-1"],
  "ROUND53":["-1","1","0","0","-1","1","0","1","1","1","1","1"],
  "ROUND54":["-1","0","1","1","0","1","1","-1","0","1","1","1"],
  "ROUND55":["1","0","-1","1","0","1","0","1","-1","0","1","1"],
  "ROUND56":["-1","0","0","1","1","1","0","1","1","-1","1","0"],
  "ROUND57":["-1","1","1","0","0","1","-1","0","1","1","0","1"],
  "ROUND58":["-1","1","0","1","1","-1","0","1","1","1","1","1"],
  "ROUND59":["0","0","1","0","1","0","1","0","1","-1","1","-1"],
  "ROUND60":["0","1","0","0","1","0","-1","0","0","1","0","-1"],
  "ROUND61":["1","1","1","-1","1","1","1","0","-1","1","0","1"],
  "ROUND62":["1","-1","0","0","1","0","0","0","-1","0","0","1"],
  "ROUND63":["1","1","-1","1","0","1","1","1","1","0","-1","1"],
  "ROUND64":["1","0","0","0","1","1","0","-1","1","-1","0","1"],
  "ROUND65":["0","1","0","1","-1","1","-1","0","1","1","1","1"],
  "ROUND66":["0","0","0","0","1","0","1","1","0","1","-1","-1"],
  "ROUND67":["0","0","1","0","0","-1","1","1","-1","1","1","0"],
  "ROUND68":["1","-1","1","1","0","-1","1","0","0","1","1","1"],
  "ROUND69":["1","-1","0","0","0","0","1","1","0","1","-1","0"],
  "ROUND70":["1","-1","-1","1","0","1","1","0","0","1","1","0"],
  "ROUND71":["-1","0","-1","0","0","0","0","1","1","1","1","0"],
  "ROUND72":["-1","0","1","1","1","0","0","0","1","0","1","-1"],
  "ROUND73":["1","0","0","0","1","-1","0","1","1","1","1","-1"],
  "ROUND74":["1","-1","0","0","1","0","1","0","0","0","-1","0"],
  "ROUND75":["0","-1","0","0","-1","1","1","0","0","1","0","1"],
  "ROUND76":["0","-1","0","0","1","1","0","1","-1","0","0","1"],
  "ROUND77":["0","1","1","-1","1","-1","1","0","0","1","1","1"],
  "ROUND78":["1","0","0","1","0","-1","1","1","-1","1","1","1"],
  "ROUND79":["0","0","0","-1","0","1","1","0","1","1","1","-1"],
  "ROUND80":["0","0","0","0","1","1","1","-1","1","1","0","-1"]
}
