{
  "ID":["0","1","2","3","4","5","6","7","8","9","10","11"],
  "ROUND1":["0","0","-1","0","0","0","0","0","0","1","0","-1"],
  "ROUND2":["0","0","0","0","1","-1","0","1","0","1","0","-1"],
  "ROUND3":["1","0","0","0","0","0","0","1","-1","0","-1","1"],
  "ROUND4":["0","0","0","0","0","0","1","1","0","-1","0","-1"],
  "ROUND5":["0","0","0","0","1","-1","0","-1","1","1","1","1"],
  "ROUND6":["0","0","-1","1","1","0","1","1","1","1","0","-1"],
  "ROUND7":["0","-1","0","0","0","0","1","0","-1","0","1","0"],
  "ROUND8":["0","0","0","0","0","-1","0","-1","0","0","1","0"],
  "ROUND9":["1","0","0","-1","0","0","0","-1","0","0","1","1"],
  "ROUND10":["0","-1","0","0","1","0","0","0","-1","0","0","1"],
  "ROUND11":["0","0","0","0","-1","0","-1","0","1","0","0","0"],
  "ROUND12":["0","-1","0","0","0","-1","1","1","1","0","0","0"],
  "ROUND13":["0","0","-1","1","0","0","0","1","-1","1","0","0"],
  "ROUND14":["0","0","0","1","-1","0","1","1","1","0","-1","0"],
  "ROUND15":["1","0","0","-1","0","1","0","0","-1","0","0","1"],
  "ROUND16":["0","0","0","0","0","-1","0","0","1","-1","1","0"],
  "ROUND17":["1","0","-1","0","-1","0","0","0","0","0","0","1"],
  "ROUND18":["0","0","0","0","0","0","1","-1","0","1","-1","1"],
  "ROUND19":["0","0","0","0","0","-1","0","1","0","-1","0","1"],
  "ROUND20":["0","0","0","0","-1","0","1","-1","0","1","0","0"],
  "ROUND21":["-1","-1","0","0","1","0","1","1","0","0","1","1"],
  "ROUND22":["0","0","0","-1","1","0","0","0","-1","1","1","1"],
  "ROUND23":["0","0","0","0","0","-1","0","1","0","1","-1","0"],
  "ROUND24":["0","0","0","0","-1","0","-1","0","0","0","1","0"],
  "ROUND25":["0","0","0","0","0","0","0","-1","0","1","0","-1"],
  "ROUND26":["0","0","0","0","0","0","-1","-1","0","1","1","1"],
  "ROUND27":["0","0","1","0","0","0","1","1","-1","-1","0","0"],
  "ROUND28":["-1","0","1","0","0","1","1","-1","0","1","1","1"],
  "ROUND29":["0","0","-1","0","0","0","1","0","0","0","-1","1"],
  "ROUND30":["1","0","0","0","-1","0","0","1","0","0","-1","0"],
  "ROUND31":["-1","1","0","0","-1","1","1","0","0","0","0","0"],
  "ROUND32":["0","0","0","-1","0","0","1","1","-1","1","0","1"],
  "ROUND33":["1","-1","0","0","0","0","1","0","0","1","-1","0"],
  "ROUND34":["0","0","0","1","0","-1","0","0","0","-1","1","0"],
  "ROUND35":["0","-1","0","0","0","-1","1","0","0","0","1","0"],
  "ROUND36":["-1","0","0","0","0","0","0","0","1","1","-1","1"],
  "ROUND37":["-1","-1","0","0","0","0","1","0","0","0","0","0"],
  "ROUND38":["1","0","1","-1","0","0","1","0","-1","1","0","1"],
  "ROUND39":["1","0","0","0","0","0","0","-1","0","-1","0","1"],
  "ROUND40":["0","0","-1","0","0","0","0","0","0","1","0","-1"],
  "ROUND41":["0","-1","0","1","0","1","0","1","0","1","1","-1"],
  "ROUND42":["0","0","0","0","0","0","0","0","-1","-1","0","0"],
  "ROUND43":["0","1","0","1","-1","0","0","0","0","0","-1","1"],
  "ROUND44":["0","0","-1","0","-1","0","0","0","1","1","1","0"],
  "ROUND45":["0","0","1","-1","1","-1","0","1","0","0","1","1"],
  "ROUND46":["0","0","0","-1","0","1","-1","1","0","0","0","0"],
  "ROUND47":["1","0","0","-1","1","0","0","1","0","0","1","-1"],
  "ROUND48":["0","1","0","0","1","0","0","-1","0","0","-1","1"],
  "ROUND49":["0","0","1","0","0","0","1","-1","0","0","1","-1"],
  "ROUND50":["0","-1","1","0","0","0","-1","0","0","0","1","0"],
  "ROUND51":["0","0","-1","0","0","-1","0","1","0","1","0","1"],
  "ROUND52":["0","-1","0","1","0","1","0","0","0","0","1","-1"],
  "ROUND53":["0","0","-1","1","1","0","0","1","0","0","0","-1"],
  "ROUND54":["0","0","0","-1","0","0","-1","1","1","1","0","0"],
  "ROUND55":["1","0","-1","0","0","-1","1","0","1","0","1","0"],
  "ROUND56":["-1","1","0","0","-1","0","1","0","0","1","1","0"],
  "ROUND57":["1","0","-1","0","0","0","0","0","1","1","1","-1"],
  "ROUND58":["-1","0","0","0","0","-1","1","1","0","0","0","1"],
  "ROUND59":["1","0","0","0","0","1","1","1","1","1","-1","-1"],
  "ROUND60":["0","0","0","1","1","1","0","0","1","1","-1","-1"],
  "ROUND61":["1","-1","0","1","0","0","0","-1","0","1","1","0"],
  "ROUND62":["0","1","1","-1","0","1","0","-1","1","0","1","1"],
  "ROUND63":["-1","1","0","1","1","0","0","1","1","1","-1","0"],
  "ROUND64":["-1","1","0","0","0","0","1","0","-1","0","0","0"],
  "ROUND65":["1","0","-1","1","1","0","1","0","-1","1","0","1"],
  "ROUND66":["1","1","0","0","0","0","-1","0","-1","0","0","1"],
  "ROUND67":["-1","0","0","0","0","1","0","0","1","1","0","-1"],
  "ROUND68":["1","0","1","0","-1","0","0","1","-1","0","0","0"],
  "ROUND69":["-1","1","1","1","0","-1","0","0","0","0","1","0"],
  "ROUND70":["0","1","0","-1","1","-1","0","0","0","0","0","0"],
  "ROUND71":["-1","0","0","0","0","0","0","0","-1","1","0","1"],
  "ROUND72":["1","0","0","0","0","0","1","1","-1","0","1","-1"],
  "ROUND73":["0","0","0","-1","0","-1","1","1","1","1","0","1"],
  "ROUND74":["0","0","0","0","0","-1","1","-1","1","0","0","0"],
  "ROUND75":["-1","0","0","0","1","0","-1","0","1","1","1","0"],
  "ROUND76":["1","0","0","0","0","-1","0","-1","1","1","1","1"],
  "ROUND77":["1","0","0","0","0","0","-1","1","0","0","0","-1"],
  "ROUND78":["0","0","0","0","0","0","0","-1","-1","0","0","0"],
  "ROUND79":["1","0","0","0","0","-1","1","0","0","-1","1","0"],
  "ROUND80":["0","0","0","1","0","0","1","-1","0","1","1","-1"]
}
