{
  "ID":["0","1","2","3","4","5","6","7","8","9","10","11"],
  "ROUND1":["0","0","0","0","0","-1","0","1","1","1","-1","1"],
  "ROUND2":["0","-1","0","0","1","0","1","1","-1","1","1","1"],
  "ROUND3":["0","-1","0","0","1","0","0","1","1","1","0","-1"],
  "ROUND4":["0","-1","0","0","1","0","-1","1","1","1","1","0"],
  "ROUND5":["0","0","1","1","1","1","0","-1","1","1","-1","1"],
  "ROUND6":["0","0","0","-1","0","1","-1","0","0","1","1","1"],
  "ROUND7":["0","0","-1","1","1","1","0","0","-1","1","1","1"],
  "ROUND8":["-1","0","1","0","1","1","1","0","0","-1","1","1"],
  "ROUND9":["1","-1","0","0","1","1","-1","1","1","1","1","1"],
  "ROUND10":["-1","0","1","0","1","1","1","0","1","-1","1","0"],
  "ROUND11":["-1","0","0","0","-1","1","1","1","0","1","1","0"],
  "ROUND12":["1","-1","1","1","1","1","1","0","1","-1","1","0"],
  "ROUND13":["-1","0","0","1","1","1","-1","0","0","1","0","0"],
  "ROUND14":["0","-1","0","1","1","1","1","0","1","0","-1","0"],
  "ROUND15":["1","-1","1","0","0","0","-1","1","1","1","1","0"],
  "ROUND16":["0","0","1","-1","1","-1","1","1","0","1","1","0"],
  "ROUND17":["1","-1","1","0","-1","1","1","1","1","1","0","1"],
  "ROUND18":["0","1","1","1","-1","1","0","1","0","-1","1","0"],
  "ROUND19":["0","0","-1","1","-1","1","1","1","1","1","0","1"],
  "ROUND20":["-1","0","0","1","-1","0","1","1","1","1","0","0"],
  "ROUND21":["1","0","-1","1","1","1","0","1","1","1","-1","1"],
  "ROUND22":["0","-1","1","1","0","-1","1","1","1","0","1","1"],
  "ROUND23":["0","1","-1","-1","0","0","1","0","1","1","1","0"],
  "ROUND24":["0","1","1","0","1","1","-1","1","1","1","-1","0"],
  "ROUND25":["1","0","-1","1","-1","1","1","0","1","0","1","0"],
  "ROUND26":["1","0","1","0","1","1","1","0","-1","-1","1","1"],
  "ROUND27":["0","0","0","0","1","-1","1","-1","1","1","0","0"],
  "ROUND28":["0","0","-1","0","1","1","1","-1","1","1","1","1"],
  "ROUND29":["0","0","1","1","0","-1","1","0","-1","1","0","0"],
  "ROUND30":["1","0","0","1","0","-1","0","-1","0","1","0","1"],
  "ROUND31":["0","1","-1","1","1","1","1","1","1","1","1","-1"],
  "ROUND32":["-1","1","1","1","1","1","1","-1","0","1","1","1"],
  "ROUND33":["0","0","0","1","-1","1","1","1","1","-1","1","1"],
  "ROUND34":["-1","1","1","1","0","1","1","-1","0","0","0","0"],
  "ROUND35":["0","0","-1","0","1","-1","1","0","0","1","1","1"],
  "ROUND36":["-1","-1","1","0","1","1","1","1","0","1","0","0"],
  "ROUND37":["0","0","0","-1","1","0","1","-1","0","1","1","1"],
  "ROUND38":["1","1","0","1","1","0","1","1","1","-1","1","-1"],
  "ROUND39":["1","1","-1","1","0","-1","1","0","1","0","0","0"],
  "ROUND40":["0","1","1","1","1","-1","-1","1","1","1","0","1"],
  "ROUND41":["0","0","-1","-1","1","1","1","0","1","1","0","0"],
  "ROUND42":["-1","1","1","0","0","-1","1","1","0","1","1","0"],
  "ROUND43":["0","0","1","-1","1","1","-1","1","1","1","1","1"],
  "ROUND44":["0","1","-1","0","1","1","0","1","1","1","-1","1"],
  "ROUND45":["0","1","0","0","0","1","-1","0","-1","0","1","0"],
  "ROUND46":["1","0","-1","0","-1","1","0","0","1","1","1","1"],
  "ROUND47":["0","1","0","0","1","-1","1","-1","0","1","1","1"],
  "ROUND48":["0","0","0","-1","1","-1","0","1","1","1","1","0"],
  "ROUND49":["-1","1","0","1","1","1","1","1","-1","0","1","1"],
  "ROUND50":["0","0","-1","1","1","1","1","-1","1","0","1","1"],
  "ROUND51":["0","1","0","1","1","1","0","1","0","-1","1","-1"],
  "ROUND52":["1","0","1","1","0","-1","1","1","1","-1","1","0"],
  "ROUND53":["1","-1","0","0","-1","1","0","0","1","1","1","1"],
  "ROUND54":["-1","0","0","0","-1","0","1","1","0","1","1","1"],
  "ROUND55":["1","0","1","1","0","1","1","1","-1","1","1","-1"],
  "ROUND56":["-1","1","1","-1","0","1","1","1","1","0","1","1"],
  "ROUND57":["1","1","1","1","-1","-1","0","1","1","1","1","1"],
  "ROUND58":["0","-1","0","0","1","1","1","1","0","-1","1","0"],
  "ROUND59":["0","1","0","0","1","-1","1","1","0","0","1","-1"],
  "ROUND60":["-1","1","0","-1","1","1","0","1","1","0","1","0"],
  "ROUND61":["1","1","0","0","-1","1","1","0","1","1","-1","0"],
  "ROUND62":["1","0","1","0","0","0","-1","0","1","-1","1","1"],
  "ROUND63":["0","1","-1","0","1","1","1","1","1","-1","1","0"],
  "ROUND64":["1","1","1","-1","1","1","1","1","-1","1","0","0"],
  "ROUND65":["1","1","0","0","1","0","1","1","-1","1","1","-1"],
  "ROUND66":["1","-1","1","0","1","1","1","1","1","1","1","-1"],
  "ROUND67":["-1","0","0","0","0","-1","1","0","1","1","1","0"],
  "ROUND68":["1","1","-1","1","1","0","1","1","0","-1","1","0"],
  "ROUND69":["-1","0","1","1","1","0","0","0","1","0","0","-1"],
  "ROUND70":["1","0","0","0","1","1","-1","-1","0","1","0","0"],
  "ROUND71":["0","-1","0","0","-1","1","1","1","0","1","1","1"],
  "ROUND72":["-1","0","0","1","-1","1","1","0","1","0","1","1"],
  "ROUND73":["0","0","0","0","1","-1","1","1","1","-1","0","1"],
  "ROUND74":["0","0","-1","0","1","1","1","1","1","-1","0","0"],
  "ROUND75":["0","-1","1","0","1","1","1","0","0","0","-1","0"],
  "ROUND76":["0","0","1","1","-1","1","1","1","1","-1","0","0"],
  "ROUND77":["1","0","0","0","1","1","1","1","-1","0","-1","0"],
  "ROUND78":["1","1","0","1","1","1","1","-1","1","-1","0","1"],
  "ROUND79":["1","1","1","1","1","1","0","-1","-1","0","1","1"],
  "ROUND80":["-1","1","0","1","1","1","1","0","-1","0","1","0"]
}
