{
  "ID":["0","1","2","3","4","5","6","7","8","9","10","11"],
  "ROUND1":["0","-1","0","0","0","0","0","0","0","1","-1","0"],
  "ROUND2":["0","-1","0","0","0","0","0","0","-1","0","0","1"],
  "ROUND3":["0","0","1","0","0","-1","0","0","0","-1","0","0"],
  "ROUND4":["1","0","0","-1","1","0","0","0","0","-1","0","0"],
  "ROUND5":["-1","0","0","-1","0","1","0","0","0","0","0","0"],
  "ROUND6":["0","0","1","0","0","0","-1","0","0","0","0","-1"],
  "ROUND7":["0","0","0","0","0","0","0","0","0","-1","-1","0"],
  "ROUND8":["0","-1","-1","0","0","0","0","0","0","0","0","0"],
  "ROUND9":["0","-1","0","-1","0","1","0","0","0","0","1","1"],
  "ROUND10":["0","0","0","0","0","0","0","-1","0","0","0","-1"],
  "ROUND11":["0","0","1","0","0","0","-1","-1","1","0","0","0"],
  "ROUND12":["0","0","0","0","0","0","0","0","0","-1","-1","0"],
  "ROUND13":["1","0","0","1","1","0","0","-1","0","0","-1","0"],
  "ROUND14":["0","0","0","0","0","0","0","0","-1","0","0","-1"],
  "ROUND15":["-1","0","-1","0","0","1","0","0","0","0","0","0"],
  "ROUND16":["0","0","0","0","0","0","0","-1","-1","0","1","0"],
  "ROUND17":["0","0","0","0","0","0","0","0","0","-1","0","-1"],
  "ROUND18":["0","0","0","0","-1","0","-1","0","0","0","0","0"],
  "ROUND19":["0","1","0","1","0","-1","-1","1","0","0","0","0"],
  "ROUND20":["0","0","0","0","0","0","1","0","1","0","-1","-1"],
  "ROUND21":["-1","0","1","-1","0","0","0","0","0","0","0","0"],
  "ROUND22":["0","0","-1","0","0","0","1","0","0","0","-1","0"],
  "ROUND23":["0","0","0","0","0","0","0","0","-1","-1","0","0"],
  "ROUND24":["0","0","0","1","0","-1","0","0","0","0","0","-1"],
  "ROUND25":["0","0","0","0","-1","1","0","0","0","0","-1","1"],
  "ROUND26":["-1","0","0","0","0","0","0","-1","0","0","0","0"],
  "ROUND27":["0","0","0","0","0","0","0","-1","-1","0","0","0"],
  "ROUND28":["0","0","0","0","-1","0","1","0","0","-1","0","1"],
  "ROUND29":["0","0","0","-1","0","0","0","0","0","1","0","-1"],
  "ROUND30":["0","0","-1","0","0","0","1","0","1","0","0","-1"],
  "ROUND31":["-1","0","0","0","0","0","0","0","0","-1","0","0"],
  "ROUND32":["-1","0","0","0","0","0","0","0","-1","0","1","0"],
  "ROUND33":["0","-1","0","0","-1","0","0","0","0","1","0","0"],
  "ROUND34":["0","-1","-1","1","0","0","0","0","0","0","0","0"],
  "ROUND35":["0","0","0","1","-1","0","-1","0","0","0","0","0"],
  "ROUND36":["0","0","-1","0","-1","0","0","0","0","0","0","0"],
  "ROUND37":["0","0","0","0","0","0","1","0","-1","0","-1","0"],
  "ROUND38":["0","-1","0","0","1","0","0","0","0","-1","0","0"],
  "ROUND39":["0","0","0","0","0","0","0","1","0","-1","0","-1"],
  "ROUND40":["0","0","0","-1","0","1","0","0","0","0","-1","1"],
  "ROUND41":["0","0","-1","0","0","0","0","0","0","-1","0","0"],
  "ROUND42":["0","0","-1","0","0","0","0","-1","0","0","0","0"],
  "ROUND43":["0","0","-1","0","0","0","0","0","0","-1","1","0"],
  "ROUND44":["1","0","0","0","0","-1","0","0","0","-1","0","0"],
  "ROUND45":["0","0","1","1","0","-1","-1","0","1","0","0","0"],
  "ROUND46":["1","0","0","0","-1","0","0","0","0","-1","0","0"],
  "ROUND47":["0","0","0","0","-1","-1","1","0","0","0","0","0"],
  "ROUND48":["0","0","0","0","0","1","0","0","-1","-1","0","0"],
  "ROUND49":["1","1","0","1","-1","0","0","-1","0","0","0","0"],
  "ROUND50":["0","0","0","-1","0","0","1","0","0","0","-1","0"],
  "ROUND51":["-1","-1","1","0","0","1","0","0","0","1","0","0"],
  "ROUND52":["-1","0","0","0","0","0","0","0","0","0","0","-1"],
  "ROUND53":["0","0","0","0","0","0","0","0","-1","0","-1","0"],
  "ROUND54":["0","-1","0","0","0","0","0","0","0","0","-1","0"],
  "ROUND55":["0","0","-1","-1","0","0","0","0","0","0","0","0"],
  "ROUND56":["0","0","0","0","0","0","0","-1","0","0","1","-1"],
  "ROUND57":["-1","0","0","0","0","0","0","0","0","0","-1","0"],
  "ROUND58":["0","0","0","0","1","0","-1","0","0","1","-1","0"],
  "ROUND59":["0","0","0","0","1","-1","0","-1","0","0","0","1"],
  "ROUND60":["0","0","0","0","-1","1","0","0","0","0","0","-1"],
  "ROUND61":["-1","0","0","0","0","0","0","0","-1","0","0","0"],
  "ROUND62":["-1","0","0","0","1","0","0","0","-1","0","0","0"],
  "ROUND63":["1","0","-1","0","0","0","0","0","0","0","-1","0"],
  "ROUND64":["1","0","0","-1","0","1","0","0","-1","0","0","1"],
  "ROUND65":["0","0","0","-1","0","-1","0","0","0","0","0","0"],
  "ROUND66":["0","-1","0","0","0","0","0","0","0","0","0","-1"],
  "ROUND67":["-1","0","0","0","0","-1","0","0","0","0","0","0"],
  "ROUND68":["-1","0","0","0","0","0","0","0","0","0","-1","0"],
  "ROUND69":["0","0","0","-1","0","0","0","0","0","-1","1","0"],
  "ROUND70":["0","0","1","0","0","0","0","-1","-1","0","0","0"],
  "ROUND71":["0","1","0","1","0","0","0","-1","1","-1","0","1"],
  "ROUND72":["0","0","0","0","0","-1","0","0","0","0","0","-1"],
  "ROUND73":["0","0","-1","0","0","0","-1","0","1","0","0","0"],
  "ROUND74":["1","0","1","0","0","-1","0","-1","0","0","0","0"],
  "ROUND75":["0","-1","0","0","0","0","0","0","0","0","-1","0"],
  "ROUND76":["0","0","0","0","0","0","0","-1","0","0","-1","0"],
  "ROUND77":["1","0","0","0","1","-1","0","0","-1","0","0","0"],
  "ROUND78":["0","0","1","0","-1","0","0","-1","0","0","0","0"],
  "ROUND79":["0","1","-1","0","0","-1","0","0","0","0","0","0"],
  "ROUND80":["0","0","0","-1","0","0","0","0","-1","0","0","0"]
}
