{
  "ID":["0","1","2","3","4","5","6","7","8","9","10","11"],
  "ROUND1":["0","0","-1","0","0","-1","0","1","1","0","1","1"],
  "ROUND2":["0","0","0","-1","0","0","0","1","1","1","-1","1"],
  "ROUND3":["0","0","-1","0","1","0","0","1","0","-1","1","1"],
  "ROUND4":["0","0","0","0","0","0","0","-1","-1","1","0","0"],
  "ROUND5":["0","0","0","0","0","0","0","-1","0","0","-1","1"],
  "ROUND6":["0","0","-1","0","0","1","-1","1","0","0","1","1"],
  "ROUND7":["0","0","0","-1","0","-1","0","0","0","0","0","1"],
  "ROUND8":["0","0","0","0","-1","0","0","0","0","-1","0","1"],
  "ROUND9":["0","-1","0","0","0","0","0","-1","1","1","1","0"],
  "ROUND10":["-1","0","0","0","0","0","0","0","-1","1","0","0"],
  "ROUND11":["-1","0","0","0","0","0","0","0","-1","0","1","0"],
  "ROUND12":["0","-1","-1","0","1","0","1","1","0","0","0","0"],
  "ROUND13":["0","0","0","1","0","0","-1","1","0","-1","1","0"],
  "ROUND14":["0","1","-1","0","-1","0","0","0","1","1","1","0"],
  "ROUND15":["1","0","1","1","0","-1","0","1","0","0","1","-1"],
  "ROUND16":["0","0","0","0","0","-1","0","1","1","1","-1","1"],
  "ROUND17":["-1","-1","1","0","0","0","0","0","0","1","0","0"],
  "ROUND18":["1","1","-1","0","0","0","0","1","1","1","0","-1"],
  "ROUND19":["1","0","-1","0","0","0","0","0","1","1","0","-1"],
  "ROUND20":["1","0","-1","0","0","0","0","1","-1","1","0","0"],
  "ROUND21":["1","1","0","0","1","-1","0","1","0","0","-1","0"],
  "ROUND22":["-1","0","0","-1","0","0","0","1","1","1","1","1"],
  "ROUND23":["0","0","0","0","-1","1","-1","1","0","1","1","1"],
  "ROUND24":["0","1","0","0","0","-1","0","1","0","-1","1","1"],
  "ROUND25":["0","1","0","1","0","0","-1","1","1","1","-1","0"],
  "ROUND26":["1","0","-1","0","1","0","-1","0","1","0","1","1"],
  "ROUND27":["0","0","0","0","0","0","0","0","-1","1","1","-1"],
  "ROUND28":["0","-1","0","0","0","0","1","0","1","1","-1","0"],
  "ROUND29":["1","0","0","0","1","0","0","1","-1","0","-1","1"],
  "ROUND30":["0","-1","0","0","0","0","1","0","1","0","-1","1"],
  "ROUND31":["-1","-1","0","0","0","1","0","1","1","0","0","1"],
  "ROUND32":["1","0","-1","0","1","0","1","1","1","1","1","-1"],
  "ROUND33":["0","-1","1","0","0","1","0","1","-1","0","0","0"],
  "ROUND34":["1","1","-1","0","0","1","-1","1","1","1","0","1"],
  "ROUND35":["0","1","0","0","1","-1","1","1","1","1","-1","0"],
  "ROUND36":["1","0","0","0","0","1","-1","1","1","-1","0","0"],
  "ROUND37":["1","1","-1","0","0","-1","1","0","1","1","0","0"],
  "ROUND38":["0","0","-1","0","0","0","1","0","-1","0","1","1"],
  "ROUND39":["1","0","0","0","1","0","1","-1","0","0","-1","0"],
  "ROUND40":["0","-1","0","0","0","0","0","1","-1","1","0","0"],
  "ROUND41":["1","0","0","0","0","0","-1","1","-1","1","1","1"],
  "ROUND42":["0","0","-1","0","-1","0","1","0","0","0","0","0"],
  "ROUND43":["-1","0","0","-1","0","0","0","0","1","1","0","1"],
  "ROUND44":["0","0","0","0","1","0","0","0","-1","1","-1","1"],
  "ROUND45":["0","-1","0","0","0","0","1","1","1","-1","1","0"],
  "ROUND46":["0","0","0","0","1","0","-1","-1","1","1","0","1"],
  "ROUND47":["0","0","1","-1","-1","1","0","1","1","1","0","0"],
  "ROUND48":["0","0","0","-1","0","0","1","0","0","-1","1","0"],
  "ROUND49":["0","1","-1","0","0","0","0","1","1","0","-1","1"],
  "ROUND50":["0","0","0","1","0","-1","0","0","-1","0","1","0"],
  "ROUND51":["0","0","1","0","0","0","0","-1","1","-1","0","1"],
  "ROUND52":["0","0","0","0","1","1","0","1","1","1","-1","-1"],
  "ROUND53":["1","0","0","1","1","1","-1","1","0","1","-1","0"],
  "ROUND54":["-1","-1","0","0","0","0","1","0","0","0","1","1"],
  "ROUND55":["1","-1","0","0","-1","0","0","1","1","1","0","1"],
  "ROUND56":["0","0","0","-1","0","0","1","1","1","-1","0","1"],
  "ROUND57":["1","0","0","1","1","0","-1","-1","0","1","0","1"],
  "ROUND58":["0","1","0","1","-1","0","0","0","-1","0","1","1"],
  "ROUND59":["0","-1","1","1","0","0","0","-1","0","0","1","1"],
  "ROUND60":["0","0","-1","0","0","1","0","0","1","-1","1","0"],
  "ROUND61":["0","0","0","0","0","0","0","-1","1","-1","1","1"],
  "ROUND62":["1","1","0","0","0","0","-1","1","0","-1","1","0"],
  "ROUND63":["0","0","1","0","0","1","0","-1","1","1","-1","0"],
  "ROUND64":["0","-1","0","0","0","0","0","1","1","1","1","-1"],
  "ROUND65":["0","0","0","1","0","0","0","-1","-1","1","1","0"],
  "ROUND66":["1","0","0","0","0","0","1","0","-1","-1","0","0"],
  "ROUND67":["1","0","-1","0","1","0","0","0","-1","1","0","1"],
  "ROUND68":["0","0","1","0","0","-1","-1","0","1","1","1","1"],
  "ROUND69":["-1","0","0","0","-1","1","0","1","0","0","1","1"],
  "ROUND70":["0","-1","0","1","0","1","-1","0","0","1","0","0"],
  "ROUND71":["0","0","-1","0","0","0","1","0","0","-1","1","0"],
  "ROUND72":["0","0","-1","-1","1","0","0","1","1","1","1","0"],
  "ROUND73":["0","0","0","0","0","0","-1","1","-1","0","1","1"],
  "ROUND74":["0","0","0","0","0","-1","0","1","1","1","0","-1"],
  "ROUND75":["1","0","1","0","1","0","-1","-1","1","1","1","1"],
  "ROUND76":["-1","0","-1","1","0","1","0","0","1","0","1","0"],
  "ROUND77":["-1","0","0","0","0","0","0","0","0","-1","1","1"],
  "ROUND78":["0","0","0","-1","-1","0","0","0","1","1","0","1"],
  "ROUND79":["1","0","1","1","0","-1","1","-1","1","0","1","0"],
  "ROUND80":["0","-1","-1","0","0","1","1","1","0","0","0","1"]
}
