{
  "ID":["0","1","2","3","4","5","6","7","8","9","10","11"],
  "ROUND1":["-1","0","-1","0","0","0","1","1","0","1","1","1"],
  "ROUND2":["0","1","0","0","-1","0","0","-1","1","1","0","0"],
  "ROUND3":["0","0","0","0","0","0","0","1","1","-1","1","-1"],
  "ROUND4":["0","0","0","0","0","0","0","-1","0","1","-1","1"],
  "ROUND5":["0","0","0","1","0","0","0","1","-1","1","-1","0"],
  "ROUND6":["0","-1","0","0","0","0","1","1","-1","1","0","1"],
  "ROUND7":["0","0","0","0","0","0","0","0","-1","-1","1","0"],
  "ROUND8":["0","-1","1","0","-1","0","1","0","1","0","0","1"],
  "ROUND9":["0","0","1","0","-1","0","1","-1","1","1","1","0"],
  "ROUND10":["0","-1","-1","0","0","0","0","1","1","1","1","1"],
  "ROUND11":["0","0","0","-1","0","0","1","0","1","0","-1","1"],
  "ROUND12":["0","1","0","0","0","0","1","1","1","0","-1","-1"],
  "ROUND13":["1","-1","0","0","0","1","1","0","1","-1","0","1"],
  "ROUND14":["0","0","0","1","0","-1","0","-1","0","0","1","0"],
  "ROUND15":["0","0","-1","-1","0","0","1","1","1","0","1","0"],
  "ROUND16":["0","0","-1","1","1","0","1","1","1","-1","1","1"],
  "ROUND17":["0","-1","0","-1","1","1","0","1","1","0","1","1"],
  "ROUND18":["0","-1","-1","0","0","1","0","1","0","0","1","0"],
  "ROUND19":["0","0","0","0","0","1","-1","1","-1","1","0","1"],
  "ROUND20":["1","0","0","0","0","0","-1","1","1","1","1","-1"],
  "ROUND21":["1","0","-1","0","1","0","0","0","0","-1","1","1"],
  "ROUND22":["0","0","0","0","0","1","-1","-1","1","1","1","0"],
  "ROUND23":["0","0","0","0","0","0","1","-1","0","1","1","-1"],
  "ROUND24":["0","0","0","-1","0","0","-1","1","0","1","1","0"],
  "ROUND25":["1","0","-1","0","0","0","0","1","1","0","1","-1"],
  "ROUND26":["1","-1","-1","1","0","1","1","1","1","1","1","1"],
  "ROUND27":["-1","1","1","0","1","-1","1","1","1","1","1","0"],
  "ROUND28":["1","0","0","0","1","-1","1","1","-1","1","1","0"],
  "ROUND29":["1","1","0","-1","0","0","1","1","-1","1","1","0"],
  "ROUND30":["1","-1","0","1","-1","0","0","0","1","0","1","1"],
  "ROUND31":["1","-1","0","0","0","-1","0","1","0","1","1","1"],
  "ROUND32":["1","1","0","0","0","0","1","-1","1","1","0","-1"],
  "ROUND33":["1","0","1","-1","0","1","0","0","-1","0","1","0"],
  "ROUND34":["0","-1","1","1","1","0","1","-1","0","1","0","0"],
  "ROUND35":["0","0","0","-1","1","0","0","-1","1","1","1","1"],
  "ROUND36":["-1","1","0","1","0","-1","1","1","1","1","0","1"],
  "ROUND37":["0","1","-1","1","0","0","0","1","0","1","-1","1"],
  "ROUND38":["1","1","-1","1","0","-1","1","1","1","0","1","0"],
  "ROUND39":["0","0","-1","-1","0","0","0","0","0","1","0","0"],
  "ROUND40":["0","1","1","0","0","-1","1","1","0","0","1","-1"],
  "ROUND41":["0","0","-1","0","1","0","1","0","0","0","-1","1"],
  "ROUND42":["-1","1","0","0","0","-1","1","0","0","0","0","1"],
  "ROUND43":["0","1","0","0","1","0","1","1","1","-1","0","-1"],
  "ROUND44":["-1","-1","1","0","1","0","1","1","1","1","1","0"],
  "ROUND45":["0","1","1","0","-1","0","0","-1","1","1","1","1"],
  "ROUND46":["1","0","0","0","1","-1","0","-1","0","1","1","1"],
  "ROUND47":["1","1","-1","1","0","0","0","-1","1","1","1","0"],
  "ROUND48":["0","0","0","1","1","0","0","1","-1","0","0","-1"],
  "ROUND49":["0","1","1","0","1","-1","1","-1","1","1","1","0"],
  "ROUND50":["1","1","-1","0","1","0","1","-1","1","0","0","1"],
  "ROUND51":["1","1","1","1","-1","1","0","1","1","0","-1","1"],
  "ROUND52":["0","0","0","0","0","0","-1","0","1","1","1","-1"],
  "ROUND53":["1","0","-1","-1","0","1","1","0","1","0","1","1"],
  "ROUND54":["1","0","0","0","0","1","-1","0","1","1","-1","1"],
  "ROUND55":["-1","0","0","1","0","0","1","0","0","1","1","-1"],
  "ROUND56":["1","-1","0","0","0","0","0","1","1","1","1","-1"],
  "ROUND57":["1","0","0","0","-1","1","0","0","0","-1","0","0"],
  "ROUND58":["0","1","-1","0","0","1","-1","1","1","1","1","1"],
  "ROUND59":["1","-1","-1","0","0","0","0","1","1","1","1","1"],
  "ROUND60":["0","1","-1","0","0","1","0","-1","0","1","0","1"],
  "ROUND61":["0","1","-1","-1","0","1","1","1","1","0","0","1"],
  "ROUND62":["-1","0","1","0","1","0","0","-1","1","1","1","1"],
  "ROUND63":["0","1","-1","0","1","0","1","1","1","0","-1","1"],
  "ROUND64":["0","0","1","0","0","0","-1","1","1","1","-1","1"],
  "ROUND65":["0","-1","1","0","0","0","1","1","1","1","1","-1"],
  "ROUND66":["-1","1","0","0","0","0","1","1","-1","0","1","1"],
  "ROUND67":["1","1","-1","-1","1","1","1","1","1","1","0","0"],
  "ROUND68":["-1","1","0","1","1","1","1","0","0","1","1","-1"],
  "ROUND69":["-1","0","1","0","0","-1","1","0","0","0","0","1"],
  "ROUND70":["1","-1","0","0","1","-1","1","1","0","1","1","1"],
  "ROUND71":["1","1","1","1","-1","0","1","1","0","1","0","-1"],
  "ROUND72":["0","-1","1","-1","1","0","1","1","1","0","1","1"],
  "ROUND73":["1","1","0","-1","0","1","1","0","0","1","-1","0"],
  "ROUND74":["1","1","0","0","0","0","1","1","1","-1","-1","1"],
  "ROUND75":["0","0","1","1","0","0","0","-1","-1","0","0","1"],
  "ROUND76":["-1","0","1","0","-1","0","0","1","1","1","0","0"],
  "ROUND77":["0","-1","1","0","1","-1","1","0","1","0","0","0"],
  "ROUND78":["1","1","0","0","0","0","0","-1","1","1","-1","0"],
  "ROUND79":["1","0","0","0","0","1","0","0","-1","1","-1","0"],
  "ROUND80":["1","-1","0","0","0","0","1","0","-1","1","1","0"]
}
