{
  "ID":["0","1","2","3","4","5","6","7","8","9","10","11"],
  "ROUND1":["0","0","0","-1","1","1","1","1","1","1","1","-1"],
  "ROUND2":["0","0","0","0","1","1","1","0","1","1","-1","-1"],
  "ROUND3":["0","0","0","1","1","1","1","0","1","-1","-1","1"],
  "ROUND4":["0","0","0","0","-1","1","1","-1","1","1","1","1"],
  "ROUND5":["1","0","0","1","-1","0","-1","0","1","1","1","1"],
  "ROUND6":["0","0","-1","1","-1","0","1","1","1","1","0","1"],
  "ROUND7":["0","1","-1","-1","1","0","0","1","1","1","0","1"],
  "ROUND8":["1","-1","0","1","1","1","-1","1","1","1","0","1"],
  "ROUND9":["-1","0","0","0","1","-1","1","1","1","1","1","1"],
  "ROUND10":["0","1","1","1","-1","0","1","1","1","-1","1","1"],
  "ROUND11":["1","0","0","0","0","1","0","0","1","1","-1","-1"],
  "ROUND12":["1","0","0","1","1","1","1","-1","1","1","-1","1"],
  "ROUND13":["1","1","-1","0","1","-1","1","1","1","1","1","0"],
  "ROUND14":["-1","0","0","1","0","0","1","1","1","1","1","-1"],
  "ROUND15":["1","1","1","-1","1","1","1","1","0","1","-1","1"],
  "ROUND16":["0","-1","0","1","1","1","-1","1","0","1","1","1"],
  "ROUND17":["0","0","1","1","0","1","1","-1","1","0","1","-1"],
  "ROUND18":["1","1","1","0","-1","1","1","1","1","0","1","-1"],
  "ROUND19":["1","0","0","1","1","1","1","1","-1","1","0","-1"],
  "ROUND20":["0","-1","0","1","1","1","1","1","1","0","-1","1"],
  "ROUND21":["0","1","1","1","1","0","1","-1","1","0","1","-1"],
  "ROUND22":["0","1","0","-1","-1","1","1","1","1","1","1","1"],
  "ROUND23":["0","0","0","-1","-1","1","1","1","1","1","1","0"],
  "ROUND24":["0","0","0","-1","-1","1","1","1","1","1","1","1"],
  "ROUND25":["0","-1","1","1","1","1","1","1","1","1","-1","0"],
  "ROUND26":["1","-1","1","1","1","1","1","0","1","1","-1","1"],
  "ROUND27":["1","1","1","0","1","1","-1","1","1","1","1","-1"],
  "ROUND28":["1","1","1","1","0","1","1","-1","-1","0","1","1"],
  "ROUND29":["1","1","1","1","1","-1","1","1","1","1","-1","1"],
  "ROUND30":["1","1","1","1","1","-1","1","1","1","1","1","-1"],
  "ROUND31":["1","-1","-1","1","1","1","0","1","1","1","1","1"],
  "ROUND32":["1","0","0","1","1","-1","0","1","0","-1","1","0"],
  "ROUND33":["1","0","1","1","0","1","1","-1","-1","0","1","1"],
  "ROUND34":["1","-1","0","1","1","0","1","1","1","0","1","-1"],
  "ROUND35":["1","1","1","1","-1","1","1","1","-1","0","1","0"],
  "ROUND36":["-1","1","1","1","1","1","1","0","0","-1","1","1"],
  "ROUND37":["0","0","0","0","-1","0","0","0","0","1","1","-1"],
  "ROUND38":["0","0","0","-1","0","1","1","1","-1","1","1","1"],
  "ROUND39":["-1","0","1","1","0","0","1","1","0","-1","0","1"],
  "ROUND40":["1","0","0","0","0","1","1","0","1","-1","-1","1"],
  "ROUND41":["0","1","0","1","-1","1","1","1","-1","1","1","1"],
  "ROUND42":["-1","-1","1","1","0","1","1","1","0","1","1","1"],
  "ROUND43":["0","-1","-1","1","1","1","0","1","1","1","1","1"],
  "ROUND44":["1","1","1","1","1","1","1","0","1","-1","-1","1"],
  "ROUND45":["1","1","1","1","1","-1","-1","1","1","1","1","1"],
  "ROUND46":["1","0","1","1","1","1","1","-1","-1","0","1","1"],
  "ROUND47":["1","0","0","1","-1","1","1","0","1","-1","1","1"],
  "ROUND48":["1","1","-1","1","1","-1","1","1","1","1","0","0"],
  "ROUND49":["-1","0","0","0","1","1","1","1","1","1","-1","1"],
  "ROUND50":["1","1","-1","1","1","1","1","0","-1","1","1","0"],
  "ROUND51":["1","1","0","-1","0","1","0","1","-1","0","1","1"],
  "ROUND52":["1","0","-1","1","1","1","-1","1","0","1","1","1"],
  "ROUND53":["1","0","0","1","1","1","-1","0","1","1","-1","1"],
  "ROUND54":["0","0","1","1","1","-1","-1","1","1","1","0","1"],
  "ROUND55":["1","0","-1","1","1","1","1","1","1","1","-1","0"],
  "ROUND56":["1","0","0","0","1","-1","-1","1","1","1","1","0"],
  "ROUND57":["1","0","1","1","-1","0","1","1","1","1","-1","1"],
  "ROUND58":["0","-1","0","0","0","0","1","1","1","-1","1","0"],
  "ROUND59":["1","1","-1","1","1","1","1","1","-1","1","1","1"],
  "ROUND60":["0","0","0","0","-1","1","1","0","1","-1","1","1"],
  "ROUND61":["1","1","0","-1","1","0","-1","0","1","1","0","1"],
  "ROUND62":["0","0","0","1","1","1","1","1","-1","1","-1","1"],
  "ROUND63":["0","-1","0","1","1","1","1","1","-1","1","1","0"],
  "ROUND64":["1","1","0","-1","1","1","1","0","1","-1","0","1"],
  "ROUND65":["1","1","1","0","1","-1","1","1","1","0","-1","1"],
  "ROUND66":["1","1","1","-1","1","1","0","-1","1","1","0","1"],
  "ROUND67":["0","-1","1","0","1","1","-1","1","1","1","1","1"],
  "ROUND68":["-1","1","1","1","1","0","1","1","1","1","1","-1"],
  "ROUND69":["0","1","-1","1","-1","1","1","0","0","1","1","1"],
  "ROUND70":["1","1","1","1","0","0","1","0","1","-1","0","-1"],
  "ROUND71":["1","1","1","1","1","1","1","1","-1","0","-1","1"],
  "ROUND72":["0","0","1","1","1","1","-1","1","1","-1","1","1"],
  "ROUND73":["-1","0","0","0","0","0","1","1","-1","1","1","1"],
  "ROUND74":["0","-1","1","1","-1","1","1","1","0","0","1","1"],
  "ROUND75":["1","0","1","1","1","1","1","1","1","-1","0","-1"],
  "ROUND76":["0","-1","1","1","1","1","1","1","1","1","1","-1"],
  "ROUND77":["-1","1","0","1","1","1","1","1","0","1","-1","1"],
  "ROUND78":["-1","0","1","-1","1","1","0","0","1","1","1","0"],
  "ROUND79":["1","1","-1","1","1","1","1","0","-1","1","0","1"],
  "ROUND80":["1","0","0","1","1","-1","1","1","-1","1","1","1"]
}
