{
  "ID":["0","1","2","3","4","5","6","7","8","9","10","11"],
  "ROUND1":["0","0","0","0","0","-1","1","-1","1","0","1","0"],
  "ROUND2":["0","0","1","-1","0","0","0","0","0","-1","1","1"],
  "ROUND3":["-1","0","1","-1","0","0","0","1","0","0","0","1"],
  "ROUND4":["1","1","0","1","1","1","-1","0","-1","1","1","1"],
  "ROUND5":["0","0","-1","1","0","-1","0","0","1","0","1","0"],
  "ROUND6":["1","-1","1","0","0","0","-1","1","1","0","1","1"],
  "ROUND7":["0","0","1","1","0","-1","0","-1","1","0","1","1"],
  "ROUND8":["0","0","1","0","0","-1","0","1","1","-1","0","0"],
  "ROUND9":["0","0","-1","-1","0","0","1","1","1","0","0","0"],
  "ROUND10":["0","-1","0","0","0","-1","0","1","0","0","0","1"],
  "ROUND11":["0","0","0","0","-1","1","-1","0","1","0","1","0"],
  "ROUND12":["-1","0","0","1","0","0","1","-1","1","1","0","1"],
  "ROUND13":["0","1","1","0","-1","1","0","1","1","1","-1","0"],
  "ROUND14":["0","1","0","-1","1","0","0","1","0","1","-1","0"],
  "ROUND15":["0","-1","0","0","0","0","0","1","0","1","0","-1"],
  "ROUND16":["0","1","1","-1","1","0","1","1","1","0","-1","0"],
  "ROUND17":["-1","0","1","1","1","0","1","0","1","1","-1","0"],
  "ROUND18":["0","0","-1","1","0","1","1","0","1","1","-1","0"],
  "ROUND19":["0","0","0","0","-1","1","1","0","0","0","-1","1"],
  "ROUND20":["0","-1","-1","1","0","0","0","1","0","1","0","0"],
  "ROUND21":["0","1","0","0","0","-1","-1","0","1","1","0","1"],
  "ROUND22":["0","0","1","1","0","1","-1","1","1","1","-1","0"],
  "ROUND23":["0","0","0","-1","0","0","1","1","1","0","1","-1"],
  "ROUND24":["0","1","1","1","0","0","1","1","1","1","-1","-1"],
  "ROUND25":["0","1","1","0","1","0","1","-1","-1","1","0","0"],
  "ROUND26":["1","1","0","1","-1","0","1","0","1","0","1","-1"],
  "ROUND27":["0","0","1","1","0","1","1","1","-1","1","0","-1"],
  "ROUND28":["0","0","0","-1","1","0","1","-1","0","0","1","0"],
  "ROUND29":["0","1","1","1","0","0","-1","-1","0","0","1","0"],
  "ROUND30":["1","0","1","-1","0","1","1","0","-1","1","1","1"],
  "ROUND31":["-1","0","0","0","0","1","1","-1","0","1","1","0"],
  "ROUND32":["0","0","-1","1","0","1","1","1","0","-1","1","0"],
  "ROUND33":["0","0","-1","-1","1","0","0","1","0","0","0","0"],
  "ROUND34":["1","0","1","0","0","1","0","1","-1","0","0","-1"],
  "ROUND35":["1","1","-1","1","0","1","1","1","0","0","0","-1"],
  "ROUND36":["1","-1","1","1","0","0","1","0","0","-1","1","1"],
  "ROUND37":["0","1","0","1","0","0","0","1","1","1","-1","-1"],
  "ROUND38":["0","1","-1","0","0","-1","1","1","1","0","0","0"],
  "ROUND39":["0","1","1","-1","0","0","1","1","0","-1","1","1"],
  "ROUND40":["1","0","1","-1","-1","0","0","0","1","1","0","1"],
  "ROUND41":["0","-1","0","1","1","1","-1","1","0","0","1","0"],
  "ROUND42":["0","0","0","1","-1","1","1","0","0","1","1","-1"],
  "ROUND43":["1","1","-1","1","1","0","0","-1","0","0","1","0"],
  "ROUND44":["0","-1","1","1","0","1","0","1","0","0","1","-1"],
  "ROUND45":["-1","0","1","1","0","0","0","1","1","-1","1","1"],
  "ROUND46":["0","-1","1","0","-1","1","1","1","1","1","1","1"],
  "ROUND47":["1","1","1","1","0","0","-1","1","-1","1","0","0"],
  "ROUND48":["1","1","0","0","-1","1","1","0","-1","0","0","1"],
  "ROUND49":["0","0","0","0","1","-1","0","1","0","0","-1","0"],
  "ROUND50":["1","1","1","1","0","-1","1","1","1","1","-1","0"],
  "ROUND51":["0","1","1","0","-1","0","1","1","-1","0","1","1"],
  "ROUND52":["0","1","1","0","-1","1","0","1","1","-1","1","1"],
  "ROUND53":["-1","0","0","0","1","0","0","-1","0","0","0","0"],
  "ROUND54":["0","0","1","0","1","1","1","1","-1","1","1","-1"],
  "ROUND55":["0","-1","1","0","1","0","1","-1","0","0","1","1"],
  "ROUND56":["1","1","0","0","1","0","0","0","-1","0","-1","0"],
  "ROUND57":["1","-1","1","0","-1","0","1","1","1","0","0","1"],
  "ROUND58":["-1","0","1","1","0","0","-1","0","0","1","0","1"],
  "ROUND59":["-1","0","0","0","1","1","1","1","1","0","-1","1"],
  "ROUND60":["-1","-1","0","0","1","1","0","0","0","1","0","0"],
  "ROUND61":["0","-1","0","0","1","1","1","0","1","0","1","-1"],
  "ROUND62":["1","0","-1","0","1","-1","0","0","1","1","0","0"],
  "ROUND63":["-1","1","1","1","1","1","1","-1","0","1","1","1"],
  "ROUND64":["1","-1","1","1","0","-1","0","0","1","1","0","1"],
  "ROUND65":["0","0","0","0","-1","0","0","1","0","1","-1","1"],
  "ROUND66":["0","-1","1","1","1","1","-1","1","0","0","0","1"],
  "ROUND67":["1","1","0","-1","0","0","-1","0","0","1","1","1"],
  "ROUND68":["1","0","1","0","-1","0","1","0","0","1","-1","0"],
  "ROUND69":["0","0","-1","1","0","0","0","0","1","1","-1","0"],
  "ROUND70":["0","-1","1","1","1","0","0","1","0","0","0","-1"],
  "ROUND71":["1","-1","0","1","1","-1","0","1","0","0","0","0"],
  "ROUND72":["0","0","1","0","0","-1","1","0","0","0","-1","1"],
  "ROUND73":["-1","0","0","0","1","-1","1","1","0","0","0","1"],
  "ROUND74":["0","0","0","-1","1","0","-1","1","0","1","0","0"],
  "ROUND75":["1","0","0","1","1","0","-1","1","-1","0","0","0"],
  "ROUND76":["0","1","0","-1","0","1","-1","1","1","0","0","0"],
  "ROUND77":["0","-1","0","0","-1","0","1","1","0","1","0","1"],
  "ROUND78":["1","-1","1","1","-1","1","1","0","0","0","1","1"],
  "ROUND79":["1","-1","0","1","0","1","1","0","-1","1","1","0"],
  "ROUND80":["-1","1","1","1","-1","0","0","1","0","1","1","1"]
}
