{
  "ID":["0","1","2","3","4","5","6","7","8","9","10","11"],
  "ROUND1":["0","0","-1","0","0","0","0","-1","0","0","0","0"],
  "ROUND2":["0","-1","0","0","0","0","0","-1","0","0","0","1"],
  "ROUND3":["0","0","0","0","0","-1","0","0","0","0","-1","0"],
  "ROUND4":["0","0","0","-1","0","0","0","-1","0","0","1","1"],
  "ROUND5":["0","0","-1","0","0","0","0","0","0","0","1","-1"],
  "ROUND6":["0","0","0","0","-1","0","0","0","0","0","1","-1"],
  "ROUND7":["0","0","0","-1","0","0","0","0","0","0","1","-1"],
  "ROUND8":["0","0","0","0","-1","0","0","-1","0","0","1","0"],
  "ROUND9":["-1","0","0","0","0","0","0","0","0","0","-1","1"],
  "ROUND10":["0","0","0","0","0","0","0","0","-1","0","1","-1"],
  "ROUND11":["0","0","0","-1","0","0","-1","0","0","0","0","0"],
  "ROUND12":["0","0","0","0","0","-1","0","0","0","0","1","-1"],
  "ROUND13":["0","0","0","0","-1","0","0","0","0","0","-1","0"],
  "ROUND14":["0","0","0","0","0","0","0","0","-1","0","-1","0"],
  "ROUND15":["0","0","0","0","0","0","0","-1","-1","0","0","0"],
  "ROUND16":["-1","0","0","0","0","0","0","0","0","0","-1","1"],
  "ROUND17":["0","0","-1","0","0","-1","0","0","0","0","1","1"],
  "ROUND18":["0","0","0","0","0","0","-1","1","-1","1","0","1"],
  "ROUND19":["0","0","0","0","-1","0","-1","0","0","1","0","0"],
  "ROUND20":["0","0","1","0","-1","0","0","0","0","0","0","-1"],
  "ROUND21":["0","-1","0","0","0","0","-1","0","0","1","0","0"],
  "ROUND22":["-1","0","1","0","1","0","0","0","-1","0","1","0"],
  "ROUND23":["0","0","0","0","0","0","0","0","0","-1","0","-1"],
  "ROUND24":["0","1","0","0","0","0","0","-1","-1","0","0","0"],
  "ROUND25":["0","0","0","-1","0","0","0","0","0","-1","0","1"],
  "ROUND26":["-1","0","0","0","0","0","0","0","0","0","-1","1"],
  "ROUND27":["-1","0","0","-1","1","0","0","0","0","0","0","0"],
  "ROUND28":["0","0","0","0","0","0","0","0","-1","0","-1","0"],
  "ROUND29":["-1","0","0","0","0","-1","0","0","0","0","0","0"],
  "ROUND30":["0","-1","0","0","-1","0","0","0","0","0","1","0"],
  "ROUND31":["0","0","0","0","0","0","0","0","0","0","-1","-1"],
  "ROUND32":["0","0","-1","0","0","0","0","-1","1","0","0","0"],
  "ROUND33":["0","0","0","1","0","-1","0","0","-1","0","0","0"],
  "ROUND34":["-1","0","0","0","0","0","0","0","0","0","-1","0"],
  "ROUND35":["-1","0","0","0","0","0","0","0","1","-1","0","1"],
  "ROUND36":["0","0","0","0","-1","1","0","0","0","-1","1","1"],
  "ROUND37":["0","0","0","-1","0","0","-1","0","0","0","0","0"],
  "ROUND38":["0","0","1","-1","0","-1","0","0","0","0","1","0"],
  "ROUND39":["0","0","0","0","0","0","0","0","0","0","-1","-1"],
  "ROUND40":["1","0","-1","0","0","0","-1","0","0","0","1","1"],
  "ROUND41":["0","0","0","0","0","-1","1","0","0","0","1","-1"],
  "ROUND42":["0","0","0","0","0","0","0","-1","0","0","-1","0"],
  "ROUND43":["0","0","0","1","0","-1","0","0","0","0","-1","1"],
  "ROUND44":["0","-1","0","0","0","1","0","0","0","-1","0","0"],
  "ROUND45":["-1","0","1","0","-1","0","0","0","0","0","0","1"],
  "ROUND46":["0","0","0","0","0","0","-1","-1","0","0","1","0"],
  "ROUND47":["0","-1","0","0","0","-1","0","0","1","0","1","1"],
  "ROUND48":["0","0","0","1","0","-1","1","-1","0","0","1","0"],
  "ROUND49":["0","0","0","0","1","0","-1","0","0","-1","0","0"],
  "ROUND50":["0","0","0","0","0","0","0","0","0","0","-1","-1"],
  "ROUND51":["0","0","0","0","0","0","0","0","0","0","-1","-1"],
  "ROUND52":["0","0","0","0","0","-1","0","0","0","0","-1","0"],
  "ROUND53":["0","0","0","0","0","0","0","0","0","0","-1","-1"],
  "ROUND54":["0","0","0","0","0","0","-1","-1","0","0","1","0"],
  "ROUND55":["0","0","0","0","0","-1","1","-1","0","0","0","0"],
  "ROUND56":["0","0","0","0","0","0","-1","-1","1","0","0","0"],
  "ROUND57":["0","0","0","0","0","-1","-1","1","0","1","0","0"],
  "ROUND58":["0","0","0","0","0","0","-1","0","0","-1","0","1"],
  "ROUND59":["-1","0","0","0","0","0","0","0","0","-1","1","0"],
  "ROUND60":["0","0","0","0","-1","-1","1","0","0","0","0","1"],
  "ROUND61":["-1","0","0","0","0","0","0","0","0","-1","1","0"],
  "ROUND62":["0","0","1","0","0","0","0","0","0","-1","0","-1"],
  "ROUND63":["1","0","-1","0","0","0","0","0","0","0","-1","1"],
  "ROUND64":["0","0","0","0","0","0","0","0","-1","0","-1","0"],
  "ROUND65":["0","0","-1","1","0","0","0","0","0","-1","0","0"],
  "ROUND66":["0","-1","0","0","0","0","1","0","0","0","0","-1"],
  "ROUND67":["0","0","-1","0","0","0","0","0","0","-1","1","0"],
  "ROUND68":["-1","0","0","0","0","0","0","-1","0","0","0","0"],
  "ROUND69":["0","0","0","0","0","0","0","-1","0","0","1","-1"],
  "ROUND70":["1","0","-1","0","0","-1","0","0","0","0","1","1"],
  "ROUND71":["0","-1","0","1","-1","0","0","0","0","0","0","0"],
  "ROUND72":["-1","0","0","0","0","0","0","0","0","-1","1","1"],
  "ROUND73":["0","0","-1","0","0","0","0","0","0","0","-1","0"],
  "ROUND74":["1","0","0","0","0","-1","0","0","0","-1","0","0"],
  "ROUND75":["0","0","1","0","-1","0","0","0","-1","0","0","0"],
  "ROUND76":["0","0","-1","0","0","0","1","0","-1","0","0","1"],
  "ROUND77":["0","0","0","0","0","0","-1","0","-1","0","1","0"],
  "ROUND78":["0","0","0","0","0","0","-1","0","0","0","-1","0"],
  "ROUND79":["0","0","0","0","0","-1","0","0","-1","0","1","1"],
  "ROUND80":["1","0","0","0","0","0","0","-1","0","0","-1","1"]
}
