{
  "ID":["0","1","2","3","4","5","6","7","8","9","10","11"],
  "ROUND1":["0","0","-1","0","0","0","1","0","-1","1","1","1"],
  "ROUND2":["-1","0","0","0","0","0","1","0","-1","0","1","1"],
  "ROUND3":["0","-1","0","0","0","0","0","1","0","1","-1","1"],
  "ROUND4":["-1","0","0","0","0","0","1","1","1","1","-1","1"],
  "ROUND5":["0","-1","0","0","1","-1","0","1","1","1","0","1"],
  "ROUND6":["-1","-1","0","0","0","0","1","1","0","1","0","1"],
  "ROUND7":["0","1","0","-1","-1","1","1","0","0","1","1","1"],
  "ROUND8":["0","0","0","0","0","1","1","0","0","1","-1","-1"],
  "ROUND9":["1","1","0","0","0","1","0","-1","0","-1","0","1"],
  "ROUND10":["0","0","0","0","0","0","1","1","-1","-1","1","0"],
  "ROUND11":["-1","0","0","0","0","-1","1","1","1","0","1","0"],
  "ROUND12":["0","0","-1","1","0","1","1","1","0","0","0","-1"],
  "ROUND13":["0","0","0","0","-1","-1","1","1","1","1","0","0"],
  "ROUND14":["0","0","-1","0","0","0","1","0","1","-1","0","1"],
  "ROUND15":["1","0","-1","0","0","0","0","-1","1","1","1","0"],
  "ROUND16":["0","0","0","0","0","1","0","-1","0","-1","0","1"],
  "ROUND17":["-1","0","0","0","1","0","1","1","1","-1","1","1"],
  "ROUND18":["1","1","1","-1","1","1","1","0","1","1","0","-1"],
  "ROUND19":["-1","0","0","1","-1","1","0","1","0","1","0","1"],
  "ROUND20":["0","0","0","0","-1","-1","1","1","1","1","1","1"],
  "ROUND21":["0","1","1","-1","0","0","1","0","1","-1","1","1"],
  "ROUND22":["0","0","1","1","0","0","1","1","1","-1","-1","1"],
  "ROUND23":["1","0","0","0","-1","1","-1","1","1","1","0","1"],
  "ROUND24":["0","0","0","1","0","-1","1","-1","1","1","1","1"],
  "ROUND25":["0","-1","0","0","1","0","-1","1","1","1","1","1"],
  "ROUND26":["0","0","1","0","0","-1","1","0","1","1","-1","0"],
  "ROUND27":["0","0","1","0","1","0","-1","1","-1","1","1","1"],
  "ROUND28":["0","0","0","0","0","0","-1","1","-1","1","1","1"],
  "ROUND29":["0","0","1","1","0","1","-1","-1","1","1","1","1"],
  "ROUND30":["1","0","1","0","0","0","0","1","-1","1","1","-1"],
  "ROUND31":["1","0","0","0","1","-1","1","1","1","0","-1","0"],
  "ROUND32":["0","0","1","1","0","-1","1","1","-1","1","1","1"],
  "ROUND33":["0","1","-1","1","-1","0","1","1","1","1","1","0"],
  "ROUND34":["-1","0","0","1","0","0","1","1","1","1","-1","1"],
  "ROUND35":["0","1","0","1","0","1","1","-1","-1","0","1","1"],
  "ROUND36":["0","0","1","0","1","1","1","-1","1","1","1","-1"],
  "ROUND37":["-1","1","1","1","1","1","-1","1","1","1","0","0"],
  "ROUND38":["0","1","-1","1","0","1","1","1","1","-1","1","1"],
  "ROUND39":["1","1","0","-1","0","1","0","1","-1","1","1","1"],
  "ROUND40":["1","-1","0","1","0","1","1","0","1","-1","0","0"],
  "ROUND41":["0","0","0","-1","0","1","1","0","0","0","-1","1"],
  "ROUND42":["0","1","0","1","-1","0","0","1","1","1","-1","1"],
  "ROUND43":["1","1","0","0","1","0","1","1","-1","0","1","-1"],
  "ROUND44":["-1","0","1","0","0","0","0","1","1","0","-1","1"],
  "ROUND45":["1","1","-1","0","0","1","-1","0","1","0","1","1"],
  "ROUND46":["-1","1","1","1","0","0","0","-1","0","1","1","1"],
  "ROUND47":["0","0","1","0","-1","0","1","1","0","0","-1","0"],
  "ROUND48":["1","0","0","0","0","0","1","-1","-1","1","1","1"],
  "ROUND49":["0","0","0","-1","0","0","1","1","0","0","0","-1"],
  "ROUND50":["0","-1","0","0","0","0","1","1","-1","1","1","1"],
  "ROUND51":["0","0","0","-1","1","0","1","1","1","1","-1","0"],
  "ROUND52":["-1","1","0","0","1","0","1","-1","1","1","1","1"],
  "ROUND53":["0","1","-1","0","1","-1","1","1","1","1","1","1"],
  "ROUND54":["1","0","0","0","-1","0","-1","0","0","1","0","1"],
  "ROUND55":["1","0","1","-1","1","0","-1","1","1","0","1","0"],
  "ROUND56":["1","0","0","0","0","0","-1","1","1","1","-1","1"],
  "ROUND57":["1","0","0","0","0","-1","0","1","1","1","-1","1"],
  "ROUND58":["1","-1","1","0","0","0","0","1","1","1","-1","1"],
  "ROUND59":["-1","0","0","0","1","0","1","0","1","-1","0","1"],
  "ROUND60":["0","1","-1","0","0","0","1","-1","0","1","1","1"],
  "ROUND61":["0","1","1","1","-1","0","1","1","1","1","-1","0"],
  "ROUND62":["0","1","0","1","0","0","1","1","-1","1","1","-1"],
  "ROUND63":["1","0","-1","0","1","0","1","0","1","0","-1","1"],
  "ROUND64":["0","0","0","0","0","1","0","0","0","1","-1","-1"],
  "ROUND65":["0","0","0","0","1","-1","0","0","-1","1","1","0"],
  "ROUND66":["1","-1","0","0","-1","0","1","1","1","1","1","0"],
  "ROUND67":["0","0","1","1","0","0","-1","0","0","1","-1","1"],
  "ROUND68":["1","1","-1","1","1","1","1","0","0","-1","0","1"],
  "ROUND69":["0","0","0","0","1","-1","0","1","-1","1","1","0"],
  "ROUND70":["1","-1","-1","0","1","1","1","0","1","0","0","0"],
  "ROUND71":["0","1","1","0","0","0","1","1","1","-1","-1","1"],
  "ROUND72":["-1","1","1","0","-1","0","1","1","0","1","1","0"],
  "ROUND73":["1","1","1","1","0","-1","1","1","1","1","-1","0"],
  "ROUND74":["0","0","0","0","-1","1","1","0","1","1","1","-1"],
  "ROUND75":["1","0","0","-1","0","1","0","-1","0","0","1","1"],
  "ROUND76":["0","1","1","-1","1","-1","1","1","0","1","1","1"],
  "ROUND77":["-1","0","-1","0","1","1","0","1","1","0","1","1"],
  "ROUND78":["1","1","0","0","0","-1","1","1","-1","1","1","1"],
  "ROUND79":["1","0","0","0","0","-1","0","1","0","1","-1","1"],
  "ROUND80":["0","0","1","-1","0","1","1","1","-1","0","1","1"]
}
