{
  "ID":["0","1","2","3","4","5","6","7","8","9","10","11"],
  "ROUND1":["0","0","0","1","-1","-1","1","1","0","0","1","1"],
  "ROUND2":["0","1","1","-1","1","1","1","1","0","0","0","-1"],
  "ROUND3":["-1","1","0","-1","1","1","0","0","1","1","1","1"],
  "ROUND4":["0","1","0","1","0","1","1","-1","0","0","1","-1"],
  "ROUND5":["-1","0","1","0","1","1","1","0","1","1","-1","0"],
  "ROUND6":["0","-1","1","1","0","1","0","1","1","0","0","-1"],
  "ROUND7":["1","1","-1","1","0","1","0","0","1","-1","0","1"],
  "ROUND8":["0","0","0","0","1","-1","-1","0","0","1","1","0"],
  "ROUND9":["0","0","0","0","-1","0","0","1","-1","0","0","1"],
  "ROUND10":["-1","1","1","1","1","-1","1","0","1","0","1","1"],
  "ROUND11":["0","0","0","-1","1","0","1","0","0","0","1","-1"],
  "ROUND12":["0","1","1","1","-1","1","1","1","-1","1","0","0"],
  "ROUND13":["0","0","-1","0","-1","1","1","1","0","0","1","1"],
  "ROUND14":["0","1","0","0","-1","1","1","0","-1","1","0","1"],
  "ROUND15":["1","0","-1","1","1","1","-1","0","1","0","1","0"],
  "ROUND16":["-1","0","0","-1","0","0","1","1","1","1","1","1"],
  "ROUND17":["0","0","1","0","-1","-1","1","0","0","1","0","0"],
  "ROUND18":["0","1","1","1","-1","0","0","1","0","1","-1","0"],
  "ROUND19":["0","-1","0","0","0","0","1","0","1","1","0","-1"],
  "ROUND20":["1","0","0","0","1","0","-1","1","1","1","0","-1"],
  "ROUND21":["0","1","1","0","0","0","1","0","-1","-1","1","1"],
  "ROUND22":["0","0","1","1","0","0","0","0","0","-1","-1","1"],
  "ROUND23":["1","0","1","0","0","-1","1","0","-1","0","1","1"],
  "ROUND24":["0","-1","1","0","0","1","0","1","0","0","-1","0"],
  "ROUND25":["0","1","-1","0","1","0","-1","1","1","1","1","0"],
  "ROUND26":["-1","0","1","0","1","0","0","-1","1","0","0","0"],
  "ROUND27":["0","1","0","1","-1","0","1","1","-1","1","1","0"],
  "ROUND28":["0","-1","0","-1","0","0","0","1","0","0","0","1"],
  "ROUND29":["-1","0","-1","0","1","0","1","0","1","1","1","0"],
  "ROUND30":["0","0","1","1","0","0","1","-1","1","-1","0","0"],
  "ROUND31":["1","1","1","0","0","-1","1","0","-1","1","1","0"],
  "ROUND32":["1","-1","1","0","1","1","1","-1","1","1","1","0"],
  "ROUND33":["0","1","-1","1","1","-1","1","1","1","1","1","1"],
  "ROUND34":["0","0","1","1","-1","1","1","1","0","1","0","-1"],
  "ROUND35":["0","0","0","1","1","1","0","-1","0","0","0","-1"],
  "ROUND36":["1","0","0","1","1","1","0","-1","1","-1","1","1"],
  "ROUND37":["0","0","1","0","0","-1","1","0","0","-1","0","1"],
  "ROUND38":["0","-1","1","1","0","0","1","0","-1","0","0","1"],
  "ROUND39":["0","0","1","-1","0","0","0","-1","1","1","0","0"],
  "ROUND40":["0","1","1","1","0","1","0","-1","0","0","-1","0"],
  "ROUND41":["-1","1","1","1","0","0","0","0","0","-1","1","1"],
  "ROUND42":["-1","1","-1","1","1","0","0","1","0","0","1","0"],
  "ROUND43":["0","-1","0","-1","0","1","0","1","0","0","1","1"],
  "ROUND44":["1","1","0","1","1","1","0","0","-1","-1","1","1"],
  "ROUND45":["-1","1","0","0","1","1","-1","0","0","1","0","0"],
  "ROUND46":["-1","0","1","-1","0","1","1","1","1","0","0","1"],
  "ROUND47":["1","0","0","-1","0","-1","0","1","1","1","1","1"],
  "ROUND48":["1","1","1","-1","0","0","1","0","0","1","1","-1"],
  "ROUND49":["0","1","-1","1","0","1","-1","0","1","0","0","1"],
  "ROUND50":["0","1","-1","0","1","1","0","1","0","-1","1","0"],
  "ROUND51":["-1","1","0","1","0","0","0","1","-1","1","1","0"],
  "ROUND52":["1","1","-1","1","0","1","1","0","1","1","-1","0"],
  "ROUND53":["0","1","1","-1","0","1","1","1","1","-1","1","0"],
  "ROUND54":["0","0","1","1","-1","0","0","0","0","-1","0","1"],
  "ROUND55":["0","0","1","0","1","-1","1","1","1","0","1","-1"],
  "ROUND56":["1","0","1","1","0","0","1","-1","-1","0","0","1"],
  "ROUND57":["0","1","1","1","0","-1","0","-1","1","1","1","0"],
  "ROUND58":["1","0","0","-1","0","1","0","-1","0","1","1","1"],
  "ROUND59":["0","0","0","1","1","-1","0","1","1","0","1","-1"],
  "ROUND60":["0","1","0","-1","1","0","1","0","1","0","-1","0"],
  "ROUND61":["0","1","0","0","1","-1","1","1","0","0","-1","0"],
  "ROUND62":["0","1","0","0","-1","1","-1","0","0","0","0","0"],
  "ROUND63":["1","1","0","0","1","1","-1","1","0","1","-1","1"],
  "ROUND64":["-1","0","1","0","0","0","1","-1","1","1","1","1"],
  "ROUND65":["1","-1","1","0","1","1","0","1","1","1","-1","0"],
  "ROUND66":["1","0","0","0","0","1","-1","-1","0","0","1","1"],
  "ROUND67":["0","0","1","0","-1","0","-1","0","0","0","1","1"],
  "ROUND68":["0","0","0","1","0","-1","1","-1","0","0","1","0"],
  "ROUND69":["1","0","0","1","0","1","-1","0","0","1","1","-1"],
  "ROUND70":["0","0","1","1","-1","0","1","0","0","0","0","-1"],
  "ROUND71":["-1","0","1","0","1","1","0","-1","1","0","0","0"],
  "ROUND72":["1","0","0","-1","1","0","0","1","0","0","-1","0"],
  "ROUND73":["0","1","0","0","-1","1","0","0","0","0","-1","0"],
  "ROUND74":["1","-1","1","0","0","0","0","0","1","1","1","-1"],
  "ROUND75":["0","0","1","0","-1","1","0","1","-1","0","1","1"],
  "ROUND76":["1","1","1","1","-1","1","1","1","1","-1","1","1"],
  "ROUND77":["1","0","0","-1","1","1","1","0","-1","0","1","0"],
  "ROUND78":["0","0","-1","1","0","0","1","0","1","1","-1","1"],
  "ROUND79":["0","1","-1","1","1","-1","0","0","0","0","1","0"],
  "ROUND80":["1","1","-1","0","0","0","0","-1","0","0","1","0"]
}
