{
  "ID":["0","1","2","3","4","5","6","7","8","9","10","11"],
  "ROUND1":["0","-1","0","1","1","0","1","1","1","0","-1","1"],
  "ROUND2":["0","0","-1","0","0","1","1","0","1","0","-1","0"],
  "ROUND3":["0","0","0","-1","0","1","-1","1","1","0","1","0"],
  "ROUND4":["1","0","0","0","-1","0","0","1","0","1","-1","0"],
  "ROUND5":["-1","1","0","1","1","1","0","0","1","1","0","-1"],
  "ROUND6":["0","0","-1","1","0","1","0","0","1","-1","1","0"],
  "ROUND7":["-1","0","0","0","0","1","0","0","0","0","1","-1"],
  "ROUND8":["0","0","0","1","0","0","0","0","-1","0","1","-1"],
  "ROUND9":["0","0","0","1","0","0","1","-1","1","0","-1","0"],
  "ROUND10":["0","0","0","1","-1","1","0","-1","0","0","0","1"],
  "ROUND11":["0","1","1","1","-1","1","0","1","1","-1","1","1"],
  "ROUND12":["1","-1","1","-1","0","1","0","1","1","0","1","0"],
  "ROUND13":["0","0","0","0","0","1","0","-1","-1","1","1","1"],
  "ROUND14":["0","0","1","0","0","-1","-1","1","1","1","1","1"],
  "ROUND15":["0","0","0","1","-1","0","0","1","1","1","-1","1"],
  "ROUND16":["-1","0","1","0","1","1","-1","1","0","1","1","1"],
  "ROUND17":["1","-1","0","0","0","1","0","-1","1","0","0","1"],
  "ROUND18":["-1","1","0","1","-1","1","0","1","1","1","0","0"],
  "ROUND19":["0","0","0","1","0","0","0","1","-1","0","0","-1"],
  "ROUND20":["-1","0","0","1","0","0","1","1","0","1","-1","1"],
  "ROUND21":["1","1","1","0","-1","1","0","0","1","1","1","-1"],
  "ROUND22":["0","0","1","1","-1","0","1","1","-1","0","1","0"],
  "ROUND23":["-1","0","1","0","1","0","1","0","0","-1","1","1"],
  "ROUND24":["-1","1","1","1","1","1","1","1","0","-1","0","1"],
  "ROUND25":["1","1","-1","0","0","1","0","1","-1","1","0","1"],
  "ROUND26":["0","1","0","1","0","-1","0","0","-1","0","1","1"],
  "ROUND27":["0","-1","0","-1","0","0","0","0","0","1","1","1"],
  "ROUND28":["0","0","1","0","0","1","1","1","0","0","-1","-1"],
  "ROUND29":["0","1","0","1","0","-1","0","-1","1","1","0","1"],
  "ROUND30":["0","0","1","-1","1","0","0","-1","0","0","0","0"],
  "ROUND31":["0","0","0","0","-1","1","1","0","1","-1","0","1"],
  "ROUND32":["0","0","0","1","0","1","-1","0","1","1","-1","1"],
  "ROUND33":["0","-1","0","1","0","1","0","1","1","-1","1","0"],
  "ROUND34":["0","1","0","0","1","0","1","1","-1","0","0","-1"],
  "ROUND35":["1","1","0","0","0","1","-1","0","0","1","-1","0"],
  "ROUND36":["-1","0","0","-1","1","0","0","1","1","1","0","1"],
  "ROUND37":["-1","0","1","-1","0","1","0","1","1","0","0","0"],
  "ROUND38":["0","1","0","1","0","-1","0","0","-1","1","1","1"],
  "ROUND39":["0","0","1","0","-1","1","-1","1","1","0","0","0"],
  "ROUND40":["1","1","1","1","-1","0","0","1","-1","0","0","0"],
  "ROUND41":["0","-1","1","0","0","0","1","-1","1","0","1","0"],
  "ROUND42":["0","-1","0","0","0","1","1","1","-1","1","1","0"],
  "ROUND43":["1","0","0","-1","0","1","1","-1","1","1","0","0"],
  "ROUND44":["-1","0","0","1","0","1","0","-1","1","1","0","1"],
  "ROUND45":["0","1","0","0","-1","1","0","-1","1","0","1","0"],
  "ROUND46":["0","0","1","0","1","1","1","0","-1","1","1","-1"],
  "ROUND47":["0","1","0","0","1","1","0","-1","0","-1","0","0"],
  "ROUND48":["1","-1","1","1","1","0","1","1","1","-1","0","1"],
  "ROUND49":["0","1","1","-1","0","0","1","0","1","1","-1","1"],
  "ROUND50":["0","0","-1","-1","0","0","0","0","0","0","0","1"],
  "ROUND51":["0","1","0","-1","1","-1","0","0","1","0","0","0"],
  "ROUND52":["0","0","0","0","1","0","0","0","-1","0","-1","0"],
  "ROUND53":["0","0","1","0","0","1","0","-1","-1","0","1","0"],
  "ROUND54":["0","-1","0","1","0","1","0","1","1","1","0","-1"],
  "ROUND55":["-1","0","0","1","1","-1","0","1","1","0","1","1"],
  "ROUND56":["1","0","-1","0","1","0","1","1","0","-1","1","1"],
  "ROUND57":["-1","0","0","-1","1","1","1","0","1","0","1","0"],
  "ROUND58":["1","-1","1","1","-1","0","1","0","1","0","1","0"],
  "ROUND59":["0","0","0","0","0","1","-1","0","1","0","-1","0"],
  "ROUND60":["0","-1","1","0","1","-1","0","0","0","1","1","1"],
  "ROUND61":["-1","0","0","0","0","0","1","0","-1","1","1","1"],
  "ROUND62":["1","1","1","1","1","-1","1","0","0","0","-1","0"],
  "ROUND63":["1","1","1","-1","1","0","0","0","0","0","1","-1"],
  "ROUND64":["-1","0","0","0","1","0","0","1","0","-1","1","0"],
  "ROUND65":["0","1","0","-1","0","-1","0","1","0","0","0","1"],
  "ROUND66":["-1","0","1","1","1","1","1","1","1","-1","0","0"],
  "ROUND67":["0","1","1","-1","0","1","0","1","1","1","0","-1"],
  "ROUND68":["1","-1","0","1","1","1","1","0","0","-1","0","0"],
  "ROUND69":["0","0","1","1","-1","1","-1","0","1","0","0","1"],
  "ROUND70":["1","0","0","1","1","0","0","1","1","-1","0","-1"],
  "ROUND71":["1","1","0","0","0","1","-1","1","1","-1","0","0"],
  "ROUND72":["1","0","0","1","1","0","-1","0","0","-1","0","1"],
  "ROUND73":["1","1","0","-1","0","1","-1","1","0","1","0","1"],
  "ROUND74":["-1","0","0","1","-1","1","0","1","0","1","0","0"],
  "ROUND75":["0","0","0","0","0","0","1","-1","0","-1","1","0"],
  "ROUND76":["1","1","1","1","0","1","1","-1","1","0","-1","1"],
  "ROUND77":["1","0","1","1","0","0","1","-1","0","1","-1","0"],
  "ROUND78":["0","0","1","1","1","0","-1","1","0","-1","1","0"],
  "ROUND79":["0","0","1","1","0","-1","1","0","-1","1","1","1"],
  "ROUND80":["0","1","0","0","0","0","0","1","1","-1","-1","1"]
}
