{
  "ID":["0","1","2","3","4","5","6","7","8","9","10","11"],
  "ROUND1":["0","0","0","-1","0","0","0","1","0","0","0","-1"],
  "ROUND2":["0","0","1","0","-1","-1","0","1","1","1","0","0"],
  "ROUND3":["0","0","0","1","-1","0","0","1","0","0","-1","0"],
  "ROUND4":["0","-1","0","0","0","0","0","0","1","0","-1","0"],
  "ROUND5":["0","0","0","0","0","1","-1","0","1","1","0","-1"],
  "ROUND6":["0","-1","-1","0","0","0","1","0","0","0","1","1"],
  "ROUND7":["0","1","0","0","0","0","0","0","0","-1","0","-1"],
  "ROUND8":["0","-1","0","0","1","0","0","0","0","1","-1","0"],
  "ROUND9":["0","0","0","0","-1","0","0","0","1","0","0","-1"],
  "ROUND10":["0","-1","0","0","-1","0","0","1","1","0","0","0"],
  "ROUND11":["0","0","0","0","0","0","-1","0","0","-1","0","1"],
  "ROUND12":["1","0","0","1","0","0","-1","-1","0","0","0","0"],
  "ROUND13":["0","0","0","0","1","-1","1","0","0","0","-1","0"],
  "ROUND14":["0","-1","0","0","0","0","1","1","1","0","0","-1"],
  "ROUND15":["0","0","0","0","0","0","-1","0","-1","0","1","1"],
  "ROUND16":["-1","-1","0","0","0","0","0","0","0","0","0","0"],
  "ROUND17":["1","-1","0","0","0","0","0","-1","0","0","0","1"],
  "ROUND18":["-1","-1","0","0","1","0","1","0","0","0","0","0"],
  "ROUND19":["0","-1","0","0","1","0","-1","0","0","0","1","0"],
  "ROUND20":["0","1","-1","0","0","0","0","0","0","0","-1","0"],
  "ROUND21":["0","0","-1","-1","0","0","0","0","0","0","1","0"],
  "ROUND22":["0","-1","1","0","1","0","-1","0","0","0","0","1"],
  "ROUND23":["0","0","0","1","0","0","-1","1","1","0","0","-1"],
  "ROUND24":["0","0","0","-1","0","1","0","-1","0","0","1","0"],
  "ROUND25":["0","0","0","-1","0","-1","0","0","0","0","0","1"],
  "ROUND26":["0","1","1","-1","0","0","-1","0","1","0","1","0"],
  "ROUND27":["0","0","1","0","0","0","0","-1","0","0","0","-1"],
  "ROUND28":["1","-1","0","0","-1","1","0","1","0","1","0","1"],
  "ROUND29":["0","-1","0","0","1","0","0","0","0","-1","0","0"],
  "ROUND30":["0","0","-1","0","0","-1","1","0","1","0","0","0"],
  "ROUND31":["0","-1","0","1","0","0","1","0","0","-1","0","0"],
  "ROUND32":["1","0","0","0","-1","1","0","0","0","0","-1","1"],
  "ROUND33":["0","1","1","0","1","0","1","0","-1","0","-1","0"],
  "ROUND34":["0","-1","0","-1","0","0","0","0","0","0","1","0"],
  "ROUND35":["0","0","0","0","1","0","-1","0","0","1","1","-1"],
  "ROUND36":["0","1","0","-1","1","1","-1","0","0","0","1","0"],
  "ROUND37":["0","0","-1","0","0","0","-1","0","0","0","0","0"],
  "ROUND38":["0","0","-1","0","1","0","0","1","0","-1","0","0"],
  "ROUND39":["0","-1","0","1","0","0","0","0","1","0","-1","1"],
  "ROUND40":["0","-1","0","-1","0","0","0","0","0","1","1","0"],
  "ROUND41":["0","1","1","0","-1","-1","0","0","0","0","0","0"],
  "ROUND42":["0","0","0","0","0","0","0","0","0","0","-1","-1"],
  "ROUND43":["0","0","0","-1","0","0","0","1","-1","0","0","1"],
  "ROUND44":["0","-1","0","0","0","-1","0","1","1","0","0","0"],
  "ROUND45":["0","0","0","1","-1","-1","1","0","0","0","0","1"],
  "ROUND46":["1","0","-1","0","0","0","0","-1","0","0","0","0"],
  "ROUND47":["0","0","0","0","0","0","0","0","1","-1","-1","0"],
  "ROUND48":["-1","0","1","0","0","1","0","0","1","-1","1","0"],
  "ROUND49":["-1","0","0","0","1","-1","0","0","1","1","0","0"],
  "ROUND50":["0","0","-1","0","1","0","0","-1","1","0","1","1"],
  "ROUND51":["0","0","0","-1","0","0","0","0","0","0","0","-1"],
  "ROUND52":["0","1","-1","0","-1","0","0","1","0","0","1","0"],
  "ROUND53":["1","-1","0","0","0","0","0","-1","1","0","0","0"],
  "ROUND54":["-1","0","0","0","1","-1","0","0","0","1","0","0"],
  "ROUND55":["0","0","0","0","0","0","0","0","0","-1","0","-1"],
  "ROUND56":["0","0","0","0","0","0","0","-1","0","0","-1","0"],
  "ROUND57":["0","0","0","0","1","1","0","1","0","1","-1","-1"],
  "ROUND58":["0","1","0","0","0","-1","1","1","0","0","-1","0"],
  "ROUND59":["0","0","0","0","0","-1","0","0","0","0","0","-1"],
  "ROUND60":["0","0","1","-1","0","0","1","1","1","0","0","-1"],
  "ROUND61":["0","0","-1","-1","0","1","0","1","0","0","0","0"],
  "ROUND62":["-1","0","1","0","0","0","0","0","1","-1","0","1"],
  "ROUND63":["1","0","0","-1","0","0","-1","1","0","0","0","0"],
  "ROUND64":["0","0","1","-1","0","0","0","0","1","0","-1","0"],
  "ROUND65":["0","0","-1","0","1","-1","0","0","0","0","0","0"],
  "ROUND66":["0","0","1","0","0","1","-1","0","0","1","0","-1"],
  "ROUND67":["0","1","1","0","-1","0","-1","0","0","1","0","0"],
  "ROUND68":["-1","0","0","0","-1","0","0","0","1","0","1","0"],
  "ROUND69":["0","0","-1","1","0","0","0","0","1","0","0","-1"],
  "ROUND70":["0","1","0","-1","-1","0","0","0","0","0","0","0"],
  "ROUND71":["0","-1","0","1","0","0","1","-1","0","1","0","0"],
  "ROUND72":["0","1","0","0","0","1","-1","1","1","-1","0","0"],
  "ROUND73":["0","0","1","-1","0","0","-1","0","0","0","0","0"],
  "ROUND74":["0","0","0","-1","0","0","0","-1","0","0","1","0"],
  "ROUND75":["0","0","-1","0","0","1","0","0","0","-1","0","0"],
  "ROUND76":["-1","-1","1","0","0","0","0","0","0","0","0","0"],
  "ROUND77":["0","0","1","-1","0","-1","1","1","0","1","0","0"],
  "ROUND78":["0","0","1","1","-1","0","0","-1","0","0","0","1"],
  "ROUND79":["-1","1","0","0","0","0","0","0","0","0","0","-1"],
  "ROUND80":["1","0","0","0","0","0","0","0","-1","0","0","-1"]
}
