{
  "ID":["0","1","2","3","4","5","6","7","8","9","10","11"],
  "ROUND1":["0","-1","0","0","0","0","0","1","-1","0","0","1"],
  "ROUND2":["0","0","0","0","-1","0","-1","0","0","0","0","0"],
  "ROUND3":["0","-1","0","0","-1","0","0","0","0","1","1","1"],
  "ROUND4":["0","-1","0","0","0","1","0","0","0","0","0","-1"],
  "ROUND5":["1","0","-1","0","0","0","0","0","0","-1","1","0"],
  "ROUND6":["1","0","-1","0","0","0","0","1","0","-1","0","0"],
  "ROUND7":["0","0","1","-1","0","0","0","0","-1","0","0","0"],
  "ROUND8":["0","1","0","0","-1","-1","0","0","0","0","0","0"],
  "ROUND9":["1","0","1","-1","0","1","0","0","-1","0","1","0"],
  "ROUND10":["0","0","0","0","-1","0","-1","0","0","0","0","0"],
  "ROUND11":["-1","0","0","0","0","-1","0","0","0","0","0","0"],
  "ROUND12":["0","0","1","0","-1","0","0","-1","0","0","0","1"],
  "ROUND13":["0","0","0","-1","0","0","0","-1","1","0","0","0"],
  "ROUND14":["0","-1","0","0","1","1","0","0","0","0","0","-1"],
  "ROUND15":["1","0","1","-1","0","0","0","0","1","0","-1","0"],
  "ROUND16":["1","0","1","0","0","0","1","0","0","-1","1","-1"],
  "ROUND17":["0","0","0","0","0","-1","0","1","0","-1","0","0"],
  "ROUND18":["0","0","1","1","0","-1","0","0","1","-1","1","0"],
  "ROUND19":["0","0","0","-1","1","1","-1","0","1","0","0","1"],
  "ROUND20":["0","1","0","0","0","0","-1","0","0","-1","1","0"],
  "ROUND21":["0","0","0","0","1","1","-1","-1","0","0","0","0"],
  "ROUND22":["0","0","-1","0","-1","0","0","0","0","1","0","0"],
  "ROUND23":["0","0","0","0","1","0","0","1","0","0","-1","-1"],
  "ROUND24":["0","-1","0","0","0","0","0","0","0","-1","0","0"],
  "ROUND25":["0","-1","0","0","1","1","-1","0","0","0","1","1"],
  "ROUND26":["0","1","0","0","0","-1","0","0","0","0","0","-1"],
  "ROUND27":["-1","1","0","0","1","0","0","0","0","0","-1","0"],
  "ROUND28":["0","0","0","0","0","0","0","0","-1","0","-1","0"],
  "ROUND29":["1","0","-1","0","-1","0","0","0","0","0","0","0"],
  "ROUND30":["0","1","0","0","0","1","0","1","1","-1","-1","0"],
  "ROUND31":["0","-1","0","-1","0","1","0","1","0","0","0","0"],
  "ROUND32":["0","0","1","1","0","0","-1","1","0","0","1","-1"],
  "ROUND33":["1","-1","0","0","0","0","0","1","1","0","0","-1"],
  "ROUND34":["0","0","0","0","0","0","0","0","0","0","-1","-1"],
  "ROUND35":["0","0","0","-1","1","0","0","1","0","-1","0","0"],
  "ROUND36":["0","-1","0","-1","0","0","0","0","0","0","0","0"],
  "ROUND37":["0","1","0","-1","1","1","0","0","1","0","-1","0"],
  "ROUND38":["0","-1","0","0","0","0","1","-1","0","0","0","0"],
  "ROUND39":["-1","0","0","0","-1","0","0","0","0","1","0","0"],
  "ROUND40":["0","-1","1","0","1","1","0","-1","1","0","0","0"],
  "ROUND41":["0","0","-1","0","0","-1","1","0","1","0","0","0"],
  "ROUND42":["0","0","1","0","-1","0","1","0","-1","0","1","0"],
  "ROUND43":["1","1","0","0","0","1","0","0","0","-1","0","-1"],
  "ROUND44":["0","1","0","1","1","1","0","0","-1","0","-1","1"],
  "ROUND45":["1","0","0","0","0","0","-1","1","-1","0","0","0"],
  "ROUND46":["0","-1","0","1","0","1","1","-1","0","0","1","0"],
  "ROUND47":["0","1","0","-1","0","0","0","0","-1","0","1","0"],
  "ROUND48":["1","0","0","-1","0","0","-1","0","0","0","0","1"],
  "ROUND49":["1","1","-1","0","-1","0","0","0","0","0","0","0"],
  "ROUND50":["0","0","-1","0","0","0","1","0","0","0","-1","0"],
  "ROUND51":["0","-1","0","0","0","1","0","0","0","0","0","-1"],
  "ROUND52":["0","1","-1","0","-1","0","0","0","1","1","1","0"],
  "ROUND53":["0","0","1","0","-1","0","1","0","0","0","0","-1"],
  "ROUND54":["0","0","0","0","-1","0","0","0","0","-1","0","0"],
  "ROUND55":["0","0","0","0","0","-1","-1","0","0","0","0","0"],
  "ROUND56":["-1","0","0","0","0","1","0","1","1","-1","0","0"],
  "ROUND57":["0","-1","0","0","0","0","0","0","0","0","-1","0"],
  "ROUND58":["0","0","1","0","0","0","-1","0","0","0","-1","0"],
  "ROUND59":["-1","0","0","0","0","-1","1","0","1","0","0","0"],
  "ROUND60":["1","0","-1","0","0","0","1","0","0","0","0","-1"],
  "ROUND61":["-1","0","-1","0","0","1","0","1","0","0","0","0"],
  "ROUND62":["0","0","-1","0","0","0","0","0","-1","0","0","0"],
  "ROUND63":["1","0","0","0","-1","0","0","1","0","0","-1","1"],
  "ROUND64":["0","0","1","0","0","0","-1","0","0","0","0","-1"],
  "ROUND65":["1","-1","1","-1","0","0","0","0","0","0","0","0"],
  "ROUND66":["0","0","0","0","0","0","-1","1","-1","0","0","0"],
  "ROUND67":["0","0","1","0","-1","0","-1","1","0","0","0","0"],
  "ROUND68":["0","0","1","0","0","0","0","-1","0","0","0","-1"],
  "ROUND69":["0","1","0","0","0","-1","0","0","-1","1","0","0"],
  "ROUND70":["1","0","0","0","-1","0","0","0","0","0","-1","1"],
  "ROUND71":["0","0","1","1","0","0","-1","-1","0","0","0","0"],
  "ROUND72":["0","0","0","-1","0","0","0","0","-1","0","0","1"],
  "ROUND73":["0","1","-1","0","-1","0","0","0","1","0","1","0"],
  "ROUND74":["-1","0","0","0","1","1","0","-1","1","0","0","0"],
  "ROUND75":["0","0","-1","1","-1","0","0","0","1","0","0","0"],
  "ROUND76":["-1","0","0","0","1","0","0","1","0","0","-1","0"],
  "ROUND77":["0","-1","0","-1","0","0","0","0","0","1","0","0"],
  "ROUND78":["0","1","0","-1","0","0","0","0","1","-1","0","0"],
  "ROUND79":["0","0","0","-1","0","0","1","0","0","0","-1","0"],
  "ROUND80":["1","0","0","-1","0","0","0","0","0","-1","1","0"]
}
