{
  "ID":["0","1","2","3","4","5","6","7","8","9","10","11"],
  "ROUND1":["-1","0","0","0","0","0","0","0","-1","0","0","0"],
  "ROUND2":["-1","0","0","0","0","0","0","-1","0","0","0","0"],
  "ROUND3":["0","0","0","0","-1","0","0","0","0","0","-1","0"],
  "ROUND4":["-1","0","0","0","0","0","0","0","0","0","0","-1"],
  "ROUND5":["0","0","-1","0","0","0","-1","0","0","0","0","0"],
  "ROUND6":["0","0","0","0","0","0","-1","0","-1","0","0","0"],
  "ROUND7":["-1","0","0","0","0","0","0","0","0","0","-1","0"],
  "ROUND8":["-1","0","0","-1","0","0","0","0","0","0","0","0"],
  "ROUND9":["0","0","0","0","0","0","0","0","-1","-1","1","0"],
  "ROUND10":["0","0","0","0","0","0","0","0","0","-1","0","-1"],
  "ROUND11":["0","0","0","0","0","-1","0","0","0","0","0","-1"],
  "ROUND12":["0","0","0","0","0","0","0","0","0","0","-1","-1"],
  "ROUND13":["0","0","-1","0","0","0","0","-1","0","0","0","0"],
  "ROUND14":["0","-1","0","0","0","0","0","0","0","-1","0","0"],
  "ROUND15":["0","0","0","0","-1","0","0","0","0","0","0","-1"],
  "ROUND16":["0","0","0","0","0","-1","0","0","1","-1","0","1"],
  "ROUND17":["-1","0","0","0","0","0","0","-1","0","0","0","0"],
  "ROUND18":["0","0","0","0","0","0","0","0","-1","1","-1","0"],
  "ROUND19":["0","0","1","-1","0","0","0","0","1","-1","0","0"],
  "ROUND20":["0","0","0","0","0","0","0","-1","-1","0","0","1"],
  "ROUND21":["0","0","0","-1","-1","0","0","0","0","0","0","0"],
  "ROUND22":["0","0","0","0","0","-1","0","-1","0","0","1","1"],
  "ROUND23":["0","0","0","-1","0","0","0","0","1","0","1","-1"],
  "ROUND24":["0","0","0","-1","0","0","0","-1","0","0","0","0"],
  "ROUND25":["-1","0","0","0","-1","0","0","0","0","0","0","1"],
  "ROUND26":["0","0","0","0","-1","0","0","0","-1","0","0","0"],
  "ROUND27":["-1","0","0","1","0","0","0","-1","0","0","1","0"],
  "ROUND28":["0","-1","0","0","0","0","0","0","0","0","0","-1"],
  "ROUND29":["0","0","0","0","0","-1","1","0","0","-1","0","0"],
  "ROUND30":["0","0","-1","0","0","0","0","-1","1","0","0","0"],
  "ROUND31":["-1","0","0","0","-1","0","0","0","0","0","0","0"],
  "ROUND32":["0","0","-1","0","0","-1","0","0","0","0","0","0"],
  "ROUND33":["1","0","0","0","-1","0","-1","0","0","1","0","0"],
  "ROUND34":["0","0","0","0","0","-1","-1","0","0","0","0","0"],
  "ROUND35":["0","0","0","0","0","0","0","0","-1","0","0","-1"],
  "ROUND36":["0","0","-1","0","0","0","0","0","0","-1","0","0"],
  "ROUND37":["0","0","0","0","0","0","0","-1","0","1","-1","0"],
  "ROUND38":["0","0","0","0","-1","0","0","-1","0","0","0","0"],
  "ROUND39":["0","0","-1","0","0","0","0","-1","0","0","0","0"],
  "ROUND40":["0","0","0","-1","0","0","0","-1","0","0","0","0"],
  "ROUND41":["0","0","-1","0","0","0","0","0","0","0","-1","0"],
  "ROUND42":["0","0","-1","0","0","-1","0","0","0","0","0","0"],
  "ROUND43":["0","0","0","-1","0","-1","0","0","0","0","1","0"],
  "ROUND44":["0","-1","0","0","0","-1","0","0","0","0","0","0"],
  "ROUND45":["0","0","0","-1","0","0","0","0","0","-1","0","0"],
  "ROUND46":["0","0","-1","0","0","-1","0","0","0","1","0","0"],
  "ROUND47":["0","0","0","0","0","0","-1","0","0","-1","0","0"],
  "ROUND48":["0","-1","0","1","1","0","0","0","-1","1","0","0"],
  "ROUND49":["1","-1","0","0","0","0","0","-1","0","0","0","0"],
  "ROUND50":["0","-1","0","0","-1","0","0","1","0","1","1","0"],
  "ROUND51":["1","0","0","0","0","0","0","-1","-1","0","0","0"],
  "ROUND52":["0","0","0","1","-1","0","0","0","0","0","-1","0"],
  "ROUND53":["0","0","0","-1","1","0","0","0","0","-1","0","0"],
  "ROUND54":["0","-1","0","0","0","0","0","-1","0","0","0","0"],
  "ROUND55":["-1","0","0","0","0","-1","0","0","0","0","0","0"],
  "ROUND56":["0","0","0","0","0","0","0","0","0","0","-1","-1"],
  "ROUND57":["0","0","0","0","0","-1","0","-1","0","0","0","0"],
  "ROUND58":["0","0","0","0","0","0","-1","0","0","1","0","-1"],
  "ROUND59":["0","0","0","0","0","0","0","-1","0","-1","0","0"],
  "ROUND60":["0","0","0","0","0","0","0","-1","0","0","0","-1"],
  "ROUND61":["0","0","0","0","-1","0","0","0","0","0","0","-1"],
  "ROUND62":["0","0","0","0","0","-1","0","0","0","-1","0","0"],
  "ROUND63":["0","0","0","0","0","0","0","0","0","-1","0","-1"],
  "ROUND64":["0","0","0","0","0","0","0","-1","0","0","0","-1"],
  "ROUND65":["0","1","-1","0","0","-1","0","0","0","0","0","0"],
  "ROUND66":["0","0","0","-1","0","0","-1","0","0","0","0","1"],
  "ROUND67":["0","0","0","0","0","-1","0","-1","0","0","0","0"],
  "ROUND68":["-1","0","0","0","-1","0","0","0","0","0","0","0"],
  "ROUND69":["0","0","0","0","0","-1","0","-1","0","0","0","0"],
  "ROUND70":["0","-1","0","0","0","0","0","0","0","0","0","-1"],
  "ROUND71":["0","0","0","-1","0","0","-1","1","0","0","0","0"],
  "ROUND72":["0","0","-1","-1","0","0","0","0","0","0","0","0"],
  "ROUND73":["0","0","0","-1","0","-1","0","0","0","0","0","0"],
  "ROUND74":["0","1","0","0","-1","0","0","0","0","-1","0","0"],
  "ROUND75":["0","-1","0","0","1","0","0","-1","0","0","0","0"],
  "ROUND76":["0","0","0","0","-1","-1","0","0","1","0","0","0"],
  "ROUND77":["0","0","-1","0","0","-1","0","0","0","0","0","0"],
  "ROUND78":["0","0","0","0","-1","1","0","-1","0","1","1","0"],
  "ROUND79":["1","-1","0","0","0","0","0","0","0","0","0","-1"],
  "ROUND80":["0","0","-1","0","0","0","0","0","0","0","-1","0"]
}
