{
  "ID":["0","1","2","3","4","5","6","7","8","9","10","11"],
  "ROUND1":["0","-1","0","0","0","0","0","0","-1","0","0","1"],
  "ROUND2":["0","0","0","-1","0","0","-1","0","0","1","1","0"],
  "ROUND3":["-1","0","0","0","0","-1","0","0","0","0","1","0"],
  "ROUND4":["1","0","0","0","0","-1","-1","0","1","1","0","0"],
  "ROUND5":["0","-1","0","0","0","0","0","0","1","-1","0","1"],
  "ROUND6":["-1","0","0","0","1","0","0","-1","0","0","1","1"],
  "ROUND7":["0","0","0","0","0","0","0","-1","0","1","-1","1"],
  "ROUND8":["-1","-1","0","0","0","1","0","0","0","0","0","0"],
  "ROUND9":["-1","0","0","0","0","0","0","0","0","0","1","-1"],
  "ROUND10":["0","0","0","0","1","0","-1","0","1","0","0","-1"],
  "ROUND11":["0","0","0","0","0","0","0","0","-1","0","-1","0"],
  "ROUND12":["0","0","0","-1","-1","1","0","0","0","0","0","0"],
  "ROUND13":["0","0","0","0","0","0","0","-1","-1","0","0","0"],
  "ROUND14":["0","-1","0","0","0","0","-1","0","0","0","0","1"],
  "ROUND15":["0","0","-1","-1","0","0","0","0","0","0","1","1"],
  "ROUND16":["0","0","0","0","0","-1","0","0","-1","1","0","0"],
  "ROUND17":["0","0","0","0","0","0","0","0","0","-1","-1","0"],
  "ROUND18":["0","-1","0","-1","0","0","0","0","0","0","0","0"],
  "ROUND19":["0","0","0","0","0","0","-1","0","1","1","-1","0"],
  "ROUND20":["0","0","0","1","-1","0","0","0","-1","0","1","0"],
  "ROUND21":["-1","0","0","0","0","0","0","0","0","-1","1","0"],
  "ROUND22":["0","1","0","0","0","0","-1","-1","0","1","0","0"],
  "ROUND23":["1","0","0","-1","1","-1","0","0","0","1","0","0"],
  "ROUND24":["0","0","0","0","0","1","0","0","0","-1","-1","1"],
  "ROUND25":["0","0","0","0","0","0","0","0","-1","-1","1","1"],
  "ROUND26":["0","0","0","0","0","0","0","-1","1","1","1","-1"],
  "ROUND27":["0","0","0","1","0","-1","0","0","1","-1","0","0"],
  "ROUND28":["0","0","0","0","0","-1","0","0","0","0","0","-1"],
  "ROUND29":["0","0","0","0","0","0","0","0","1","0","-1","-1"],
  "ROUND30":["0","0","0","0","0","1","0","0","-1","-1","0","0"],
  "ROUND31":["-1","0","0","0","0","0","0","0","0","-1","0","1"],
  "ROUND32":["0","1","0","0","0","0","-1","0","-1","0","0","0"],
  "ROUND33":["0","0","-1","0","1","-1","0","0","0","0","0","1"],
  "ROUND34":["0","0","0","0","0","0","-1","0","0","-1","0","1"],
  "ROUND35":["0","0","-1","0","0","0","0","0","1","0","1","-1"],
  "ROUND36":["0","0","-1","0","0","0","0","0","0","0","-1","1"],
  "ROUND37":["-1","0","0","0","0","0","0","0","0","0","-1","1"],
  "ROUND38":["0","0","0","0","-1","0","0","-1","0","0","0","0"],
  "ROUND39":["0","0","1","-1","0","0","0","-1","0","0","0","0"],
  "ROUND40":["0","0","-1","-1","0","0","0","0","0","0","0","0"],
  "ROUND41":["-1","0","-1","0","0","0","0","0","0","0","0","0"],
  "ROUND42":["0","-1","1","0","1","0","0","-1","0","1","0","1"],
  "ROUND43":["0","0","-1","0","0","0","0","1","-1","0","0","0"],
  "ROUND44":["0","0","1","0","-1","0","0","0","0","1","-1","0"],
  "ROUND45":["0","0","0","-1","0","0","0","1","0","-1","1","0"],
  "ROUND46":["0","0","0","0","-1","0","0","0","0","0","0","-1"],
  "ROUND47":["0","0","-1","0","0","-1","0","0","0","0","0","1"],
  "ROUND48":["0","0","0","0","0","0","0","1","-1","-1","0","0"],
  "ROUND49":["0","0","0","-1","0","0","0","0","0","0","0","-1"],
  "ROUND50":["0","-1","0","0","0","0","0","-1","0","1","1","0"],
  "ROUND51":["-1","1","0","0","0","0","-1","0","0","0","0","0"],
  "ROUND52":["0","0","0","0","0","1","-1","0","-1","0","0","0"],
  "ROUND53":["0","0","0","0","-1","0","1","-1","0","0","0","0"],
  "ROUND54":["0","0","0","-1","0","0","0","0","0","-1","0","0"],
  "ROUND55":["0","0","0","0","0","0","0","0","-1","0","0","-1"],
  "ROUND56":["0","0","0","-1","0","0","-1","0","0","0","0","0"],
  "ROUND57":["0","1","0","1","-1","0","1","-1","0","0","0","1"],
  "ROUND58":["0","0","0","-1","0","0","0","-1","0","1","0","0"],
  "ROUND59":["0","0","1","0","0","0","0","-1","1","-1","1","0"],
  "ROUND60":["0","0","0","0","0","0","0","0","-1","1","-1","0"],
  "ROUND61":["0","1","0","0","0","-1","0","0","0","-1","0","0"],
  "ROUND62":["-1","0","0","-1","0","1","0","0","0","0","0","0"],
  "ROUND63":["0","0","-1","1","0","0","0","0","0","0","1","-1"],
  "ROUND64":["0","0","0","0","-1","0","0","-1","0","1","0","0"],
  "ROUND65":["0","0","0","0","0","0","0","0","1","-1","0","-1"],
  "ROUND66":["0","-1","0","0","0","0","0","0","-1","0","1","0"],
  "ROUND67":["0","0","0","0","0","0","0","0","-1","-1","0","0"],
  "ROUND68":["0","-1","0","1","0","-1","0","0","0","1","0","0"],
  "ROUND69":["0","0","0","0","-1","0","0","0","0","0","-1","1"],
  "ROUND70":["0","0","0","0","-1","0","0","0","0","-1","0","0"],
  "ROUND71":["1","0","0","-1","0","-1","0","0","0","0","0","0"],
  "ROUND72":["0","0","1","0","0","0","0","-1","0","-1","0","1"],
  "ROUND73":["0","0","0","0","0","0","-1","0","1","0","0","-1"],
  "ROUND74":["0","0","0","0","-1","0","0","0","-1","0","0","0"],
  "ROUND75":["-1","0","0","0","0","0","0","0","0","0","0","-1"],
  "ROUND76":["-1","0","0","0","0","0","0","1","1","0","-1","1"],
  "ROUND77":["0","0","-1","0","0","0","1","0","-1","0","1","0"],
  "ROUND78":["0","0","0","-1","0","0","0","1","0","0","-1","0"],
  "ROUND79":["0","0","0","-1","0","-1","0","0","0","0","1","0"],
  "ROUND80":["0","0","0","1","-1","0","0","-1","1","0","0","0"]
}
