{
  "ID":["0","1","2","3","4","5","6","7","8","9","10","11"],
  "ROUND1":["0","0","0","0","0","-1","-1","1","1","1","1","1"],
  "ROUND2":["0","0","0","0","0","0","0","-1","0","1","-1","0"],
  "ROUND3":["0","-1","0","0","0","-1","0","1","1","1","1","1"],
  "ROUND4":["0","0","0","0","0","0","0","1","-1","-1","0","1"],
  "ROUND5":["0","0","-1","0","0","0","0","1","-1","0","0","1"],
  "ROUND6":["0","0","0","0","1","0","0","-1","-1","1","1","0"],
  "ROUND7":["1","0","1","0","0","0","-1","1","0","-1","0","1"],
  "ROUND8":["0","0","0","0","-1","0","0","0","1","0","0","-1"],
  "ROUND9":["0","0","0","0","0","0","0","-1","0","-1","0","0"],
  "ROUND10":["0","0","0","0","0","0","-1","0","0","-1","0","0"],
  "ROUND11":["0","0","0","0","1","0","-1","0","-1","0","1","0"],
  "ROUND12":["0","0","0","0","0","0","-1","1","-1","1","1","0"],
  "ROUND13":["0","0","-1","1","0","0","0","0","-1","1","1","1"],
  "ROUND14":["1","0","0","0","0","0","-1","0","0","-1","1","0"],
  "ROUND15":["0","0","0","1","0","-1","0","0","1","-1","0","0"],
  "ROUND16":["1","0","0","0","-1","0","-1","0","0","1","1","0"],
  "ROUND17":["0","-1","0","0","0","0","1","1","0","1","1","-1"],
  "ROUND18":["0","0","0","0","0","0","0","0","1","1","-1","-1"],
  "ROUND19":["0","0","-1","1","0","0","0","0","0","-1","1","1"],
  "ROUND20":["0","0","0","0","-1","0","0","1","1","-1","0","0"],
  "ROUND21":["0","1","-1","0","0","0","0","0","1","0","-1","1"],
  "ROUND22":["0","0","0","1","0","0","1","-1","1","-1","1","1"],
  "ROUND23":["0","1","-1","0","1","0","0","0","1","-1","0","0"],
  "ROUND24":["1","0","0","0","0","0","-1","1","-1","1","1","1"],
  "ROUND25":["0","0","0","1","0","-1","0","1","0","1","-1","0"],
  "ROUND26":["0","0","1","0","0","-1","-1","1","0","0","1","0"],
  "ROUND27":["0","0","0","1","0","0","-1","-1","0","0","0","1"],
  "ROUND28":["0","0","0","0","1","1","-1","1","-1","0","1","0"],
  "ROUND29":["0","1","0","0","0","-1","0","0","1","1","0","-1"],
  "ROUND30":["0","0","0","0","-1","0","-1","1","1","1","0","0"],
  "ROUND31":["0","1","0","-1","-1","0","0","0","0","0","0","0"],
  "ROUND32":["-1","0","0","0","0","-1","0","0","0","1","0","0"],
  "ROUND33":["1","1","0","0","-1","0","1","-1","1","0","0","1"],
  "ROUND34":["0","0","0","0","1","1","1","-1","-1","0","0","1"],
  "ROUND35":["0","0","1","0","1","-1","0","0","0","0","0","-1"],
  "ROUND36":["0","1","0","1","-1","-1","0","1","1","0","0","0"],
  "ROUND37":["0","0","0","-1","0","0","0","0","-1","1","0","1"],
  "ROUND38":["0","0","0","0","0","0","1","0","-1","1","1","-1"],
  "ROUND39":["0","-1","1","0","0","0","1","1","1","-1","1","1"],
  "ROUND40":["-1","0","1","0","0","1","0","0","-1","1","1","0"],
  "ROUND41":["-1","1","0","1","0","0","0","1","0","0","-1","1"],
  "ROUND42":["0","0","0","-1","0","0","0","1","0","-1","0","1"],
  "ROUND43":["1","-1","0","-1","0","0","0","1","1","1","1","0"],
  "ROUND44":["0","1","0","0","-1","-1","1","1","0","0","0","1"],
  "ROUND45":["-1","0","1","1","0","0","0","0","-1","1","1","1"],
  "ROUND46":["0","0","0","0","-1","1","0","0","1","1","-1","0"],
  "ROUND47":["0","0","1","-1","1","0","0","1","-1","1","1","1"],
  "ROUND48":["-1","0","0","-1","1","0","0","0","0","1","1","1"],
  "ROUND49":["1","-1","1","-1","0","1","1","1","1","0","0","1"],
  "ROUND50":["0","0","0","1","0","0","0","1","1","1","-1","-1"],
  "ROUND51":["1","0","0","1","0","-1","0","1","1","1","-1","0"],
  "ROUND52":["1","0","1","0","1","-1","0","1","1","-1","0","1"],
  "ROUND53":["-1","0","0","-1","1","0","0","1","1","1","1","1"],
  "ROUND54":["-1","0","-1","1","1","1","1","0","0","0","1","0"],
  "ROUND55":["1","-1","0","1","-1","0","1","0","1","0","1","0"],
  "ROUND56":["0","0","1","-1","1","0","0","0","-1","0","1","0"],
  "ROUND57":["0","1","-1","0","1","0","1","1","-1","0","0","0"],
  "ROUND58":["0","0","-1","0","0","-1","1","0","0","1","1","0"],
  "ROUND59":["0","0","0","0","-1","0","0","1","0","0","-1","0"],
  "ROUND60":["0","-1","0","0","-1","1","0","0","0","1","0","1"],
  "ROUND61":["0","1","0","1","1","0","-1","0","-1","1","0","0"],
  "ROUND62":["1","1","0","0","0","0","0","0","-1","1","-1","0"],
  "ROUND63":["0","-1","0","0","0","1","0","1","1","1","0","-1"],
  "ROUND64":["-1","0","0","0","0","1","-1","0","0","1","0","0"],
  "ROUND65":["0","0","-1","1","0","-1","0","1","1","0","0","1"],
  "ROUND66":["0","0","0","0","0","1","-1","-1","1","1","1","1"],
  "ROUND67":["-1","0","0","1","0","0","0","1","0","0","-1","1"],
  "ROUND68":["1","-1","0","0","0","0","1","0","0","1","1","-1"],
  "ROUND69":["0","1","0","1","0","0","-1","1","1","-1","0","0"],
  "ROUND70":["0","-1","1","0","1","-1","0","0","1","0","0","1"],
  "ROUND71":["0","-1","0","-1","0","0","1","0","1","1","1","1"],
  "ROUND72":["0","0","0","0","-1","0","0","0","0","-1","1","0"],
  "ROUND73":["0","0","0","0","0","0","0","0","0","-1","-1","0"],
  "ROUND74":["-1","0","1","0","0","0","0","0","1","0","1","-1"],
  "ROUND75":["-1","0","1","-1","0","1","0","0","0","1","0","1"],
  "ROUND76":["-1","1","0","1","0","-1","0","0","0","0","1","0"],
  "ROUND77":["1","0","0","-1","0","-1","1","1","1","1","0","0"],
  "ROUND78":["1","0","0","-1","1","-1","0","0","0","1","1","0"],
  "ROUND79":["0","1","0","0","-1","1","0","-1","1","1","1","1"],
  "ROUND80":["0","1","0","0","0","0","0","-1","1","1","0","-1"]
}
