{
  "ID":["0","1","2","3","4","5","6","7","8","9","10","11"],
  "ROUND1":["0","0","1","1","-1","-1","1","1","1","1","1","1"],
  "ROUND2":["1","1","1","1","1","1","1","0","-1","1","1","-1"],
  "ROUND3":["0","0","1","-1","0","1","-1","0","1","1","1","1"],
  "ROUND4":["0","1","1","1","1","-1","1","0","1","1","1","-1"],
  "ROUND5":["0","1","-1","1","1","1","1","-1","1","1","1","1"],
  "ROUND6":["0","-1","1","-1","1","1","1","1","1","1","1","1"],
  "ROUND7":["0","1","-1","1","-1","1","1","1","1","1","1","1"],
  "ROUND8":["0","1","0","1","1","-1","1","1","1","1","-1","1"],
  "ROUND9":["1","0","1","1","1","-1","1","1","1","1","-1","1"],
  "ROUND10":["1","1","0","-1","1","0","1","1","-1","1","1","1"],
  "ROUND11":["0","1","1","1","-1","1","1","-1","1","1","1","1"],
  "ROUND12":["1","1","1","1","1","0","-1","1","1","-1","0","0"],
  "ROUND13":["1","1","1","1","1","-1","1","-1","0","1","1","1"],
  "ROUND14":["1","1","1","-1","1","1","1","-1","1","1","1","1"],
  "ROUND15":["1","1","1","-1","1","1","1","1","-1","1","1","1"],
  "ROUND16":["1","0","1","1","1","1","-1","1","1","1","1","-1"],
  "ROUND17":["1","1","1","1","-1","1","1","-1","1","0","1","1"],
  "ROUND18":["0","0","1","1","-1","1","1","1","1","1","1","-1"],
  "ROUND19":["0","1","1","-1","1","1","-1","1","1","1","1","1"],
  "ROUND20":["1","1","-1","1","1","1","1","-1","0","1","1","1"],
  "ROUND21":["1","0","1","-1","-1","1","1","1","1","1","1","1"],
  "ROUND22":["0","1","0","1","1","1","1","1","-1","1","-1","1"],
  "ROUND23":["1","1","1","1","1","1","-1","-1","1","1","0","1"],
  "ROUND24":["1","1","-1","1","0","1","0","-1","1","0","1","1"],
  "ROUND25":["1","1","1","-1","1","-1","1","1","1","1","1","1"],
  "ROUND26":["1","-1","1","1","-1","1","1","1","0","0","1","1"],
  "ROUND27":["0","1","-1","0","-1","1","1","1","1","1","1","1"],
  "ROUND28":["1","1","0","1","-1","1","1","1","1","1","-1","1"],
  "ROUND29":["1","-1","1","1","1","-1","1","1","0","1","1","1"],
  "ROUND30":["1","1","1","1","1","1","1","1","-1","1","-1","1"],
  "ROUND31":["-1","1","1","1","1","0","1","1","-1","1","1","1"],
  "ROUND32":["1","1","-1","1","1","1","1","1","1","-1","0","1"],
  "ROUND33":["1","1","1","1","-1","-1","1","1","1","1","1","1"],
  "ROUND34":["1","1","1","1","-1","1","1","1","1","0","-1","1"],
  "ROUND35":["1","-1","1","1","1","-1","1","1","1","1","1","0"],
  "ROUND36":["1","1","1","1","1","1","-1","1","1","1","-1","1"],
  "ROUND37":["1","-1","1","-1","1","1","1","1","1","1","1","1"],
  "ROUND38":["-1","1","1","1","1","1","1","1","-1","1","0","1"],
  "ROUND39":["-1","1","-1","1","1","1","1","1","1","1","1","1"],
  "ROUND40":["1","1","1","1","1","-1","1","1","-1","1","1","1"],
  "ROUND41":["1","0","1","1","1","1","1","1","1","-1","-1","1"],
  "ROUND42":["1","1","1","1","-1","1","1","1","1","1","-1","1"],
  "ROUND43":["-1","1","1","-1","1","1","1","1","1","1","1","1"],
  "ROUND44":["1","1","1","1","1","-1","-1","1","1","1","1","1"],
  "ROUND45":["1","0","1","-1","1","1","1","1","1","-1","1","1"],
  "ROUND46":["0","1","1","1","0","1","-1","1","-1","1","1","1"],
  "ROUND47":["1","-1","1","1","1","1","0","1","1","1","1","-1"],
  "ROUND48":["1","1","1","1","1","1","-1","1","1","1","-1","0"],
  "ROUND49":["0","1","1","1","1","0","-1","1","1","-1","1","1"],
  "ROUND50":["1","1","1","1","1","1","1","-1","-1","1","1","1"],
  "ROUND51":["-1","1","1","1","1","1","1","1","1","1","-1","1"],
  "ROUND52":["1","-1","1","1","1","1","0","1","-1","1","1","1"],
  "ROUND53":["1","1","1","1","1","1","1","-1","-1","1","1","1"],
  "ROUND54":["1","0","1","-1","1","1","1","1","1","-1","1","1"],
  "ROUND55":["1","-1","1","1","1","1","1","1","1","1","-1","1"],
  "ROUND56":["1","1","1","1","1","1","1","0","1","-1","1","-1"],
  "ROUND57":["1","1","1","1","0","1","1","1","1","1","-1","-1"],
  "ROUND58":["1","1","1","-1","1","1","1","1","1","1","1","-1"],
  "ROUND59":["1","1","1","-1","1","1","1","1","-1","1","1","1"],
  "ROUND60":["1","1","1","-1","1","1","1","1","1","1","1","-1"],
  "ROUND61":["1","-1","1","-1","1","1","1","1","1","0","1","1"],
  "ROUND62":["0","1","1","-1","1","-1","1","1","1","1","1","1"],
  "ROUND63":["1","1","1","1","-1","1","0","1","1","1","1","-1"],
  "ROUND64":["1","1","1","1","1","-1","1","1","1","1","1","-1"],
  "ROUND65":["1","1","1","1","0","-1","1","1","1","-1","1","1"],
  "ROUND66":["0","1","0","1","1","1","1","-1","1","1","0","-1"],
  "ROUND67":["1","-1","1","1","1","1","0","1","1","-1","1","1"],
  "ROUND68":["1","1","1","1","1","1","-1","1","-1","1","1","0"],
  "ROUND69":["1","1","1","1","0","1","-1","1","-1","0","1","1"],
  "ROUND70":["-1","1","1","1","1","1","1","1","1","0","1","-1"],
  "ROUND71":["1","1","1","0","-1","1","1","0","-1","1","1","1"],
  "ROUND72":["-1","0","1","1","1","1","1","-1","1","1","1","1"],
  "ROUND73":["1","1","1","1","1","1","1","1","-1","0","-1","1"],
  "ROUND74":["1","1","1","1","-1","1","1","1","1","-1","1","1"],
  "ROUND75":["1","1","1","1","1","1","1","1","-1","1","1","-1"],
  "ROUND76":["1","1","1","1","-1","1","1","-1","1","1","1","1"],
  "ROUND77":["1","1","1","1","-1","1","1","0","1","1","-1","1"],
  "ROUND78":["1","1","1","1","1","1","1","0","-1","1","1","-1"],
  "ROUND79":["1","1","1","1","1","-1","1","1","1","0","1","-1"],
  "ROUND80":["1","1","-1","1","1","1","1","1","1","0","-1","0"]
}
