{
  "ID":["0","1","2","3","4","5","6","7","8","9","10","11"],
  "ROUND1":["0","0","0","0","0","-1","0","0","0","0","-1","0"],
  "ROUND2":["0","0","0","0","0","0","1","-1","0","-1","0","0"],
  "ROUND3":["0","1","0","-1","-1","0","0","0","0","0","0","0"],
  "ROUND4":["0","0","-1","0","0","-1","1","0","1","1","0","0"],
  "ROUND5":["0","0","0","-1","0","0","-1","1","0","1","0","1"],
  "ROUND6":["-1","0","0","0","0","0","1","0","-1","0","0","0"],
  "ROUND7":["1","-1","0","0","0","0","1","0","0","1","0","-1"],
  "ROUND8":["0","0","-1","0","0","-1","0","0","0","0","0","1"],
  "ROUND9":["0","-1","-1","0","0","0","0","0","0","0","0","0"],
  "ROUND10":["0","0","1","0","-1","0","0","0","-1","0","0","0"],
  "ROUND11":["0","1","0","-1","1","0","0","0","0","0","-1","0"],
  "ROUND12":["0","-1","-1","0","0","0","0","0","0","0","0","0"],
  "ROUND13":["0","0","0","-1","0","0","0","0","0","0","0","-1"],
  "ROUND14":["-1","0","0","0","0","0","0","0","-1","0","0","0"],
  "ROUND15":["0","0","0","0","0","-1","-1","0","0","0","0","0"],
  "ROUND16":["0","0","0","0","0","0","0","0","0","-1","-1","0"],
  "ROUND17":["0","0","-1","0","0","0","0","0","0","0","0","-1"],
  "ROUND18":["0","0","0","-1","0","0","0","-1","0","0","0","0"],
  "ROUND19":["0","0","-1","0","0","0","0","0","1","0","-1","0"],
  "ROUND20":["0","-1","0","0","0","0","-1","0","0","1","0","0"],
  "ROUND21":["0","0","0","0","0","0","0","0","-1","0","-1","0"],
  "ROUND22":["0","0","0","0","-1","0","0","0","-1","0","1","0"],
  "ROUND23":["0","-1","0","0","0","0","-1","0","0","0","0","0"],
  "ROUND24":["0","0","0","0","-1","0","0","1","1","0","0","-1"],
  "ROUND25":["0","-1","0","1","0","0","0","0","0","0","-1","1"],
  "ROUND26":["0","0","0","0","0","0","0","0","0","0","-1","-1"],
  "ROUND27":["0","0","0","-1","-1","0","0","1","0","0","0","0"],
  "ROUND28":["0","-1","0","1","0","0","0","0","0","0","0","-1"],
  "ROUND29":["-1","0","1","0","0","0","0","0","0","1","0","-1"],
  "ROUND30":["0","-1","0","0","0","0","0","0","0","0","0","-1"],
  "ROUND31":["-1","0","1","0","0","0","0","0","0","-1","0","0"],
  "ROUND32":["0","0","0","0","-1","0","0","0","-1","0","0","1"],
  "ROUND33":["-1","0","0","0","0","0","-1","0","0","0","1","0"],
  "ROUND34":["1","0","0","0","-1","0","1","0","0","1","-1","0"],
  "ROUND35":["-1","0","0","0","0","-1","0","0","1","0","0","0"],
  "ROUND36":["0","-1","0","0","0","0","0","0","-1","0","0","1"],
  "ROUND37":["0","0","-1","-1","0","0","0","0","0","0","0","0"],
  "ROUND38":["0","0","1","0","0","0","-1","1","-1","1","0","1"],
  "ROUND39":["0","0","0","0","0","0","0","0","-1","0","-1","0"],
  "ROUND40":["0","1","1","0","0","0","-1","0","-1","0","0","0"],
  "ROUND41":["0","0","-1","0","0","0","0","0","0","-1","0","0"],
  "ROUND42":["0","0","-1","-1","0","0","0","0","0","0","0","0"],
  "ROUND43":["1","-1","0","0","1","0","0","1","0","0","-1","0"],
  "ROUND44":["0","-1","0","0","0","0","0","0","0","-1","0","0"],
  "ROUND45":["0","0","0","0","0","0","0","0","-1","-1","0","0"],
  "ROUND46":["-1","0","0","1","0","0","0","0","0","1","0","-1"],
  "ROUND47":["-1","0","1","1","0","0","0","0","0","0","-1","0"],
  "ROUND48":["0","-1","0","0","0","-1","0","0","0","0","0","1"],
  "ROUND49":["0","0","0","0","-1","0","0","0","0","0","-1","0"],
  "ROUND50":["0","0","0","0","-1","0","1","-1","1","1","0","0"],
  "ROUND51":["0","1","0","0","0","0","-1","0","0","0","-1","0"],
  "ROUND52":["0","0","0","-1","0","0","0","0","0","0","0","-1"],
  "ROUND53":["0","0","0","0","0","0","0","-1","0","-1","0","0"],
  "ROUND54":["0","0","0","0","0","0","0","0","0","-1","0","-1"],
  "ROUND55":["-1","0","0","0","-1","0","0","0","0","0","1","0"],
  "ROUND56":["0","0","0","0","0","0","0","0","0","-1","0","-1"],
  "ROUND57":["0","0","-1","-1","0","0","0","0","0","0","0","0"],
  "ROUND58":["-1","-1","0","0","0","1","0","0","0","0","0","0"],
  "ROUND59":["0","0","0","0","0","-1","0","0","-1","0","0","0"],
  "ROUND60":["0","0","0","0","-1","-1","0","0","0","1","0","0"],
  "ROUND61":["0","0","0","0","0","-1","1","0","0","-1","0","0"],
  "ROUND62":["0","1","0","0","-1","1","0","0","-1","0","0","0"],
  "ROUND63":["-1","0","0","0","-1","0","0","0","1","0","0","0"],
  "ROUND64":["0","0","0","0","0","0","0","0","0","-1","-1","0"],
  "ROUND65":["0","-1","0","0","0","0","-1","0","0","0","0","0"],
  "ROUND66":["0","-1","0","0","0","0","-1","0","1","0","1","0"],
  "ROUND67":["0","0","0","0","-1","1","1","1","1","0","0","-1"],
  "ROUND68":["1","0","0","0","0","-1","-1","0","0","1","0","0"],
  "ROUND69":["0","-1","0","0","0","1","0","0","0","0","0","-1"],
  "ROUND70":["0","-1","0","-1","0","0","0","0","0","1","0","0"],
  "ROUND71":["0","0","-1","0","0","0","0","0","0","-1","0","0"],
  "ROUND72":["0","0","-1","0","1","0","0","0","-1","0","0","1"],
  "ROUND73":["0","0","-1","1","0","0","-1","0","1","0","0","0"],
  "ROUND74":["0","0","0","-1","-1","0","0","0","0","0","0","0"],
  "ROUND75":["0","0","-1","0","-1","0","0","1","0","0","0","0"],
  "ROUND76":["-1","0","0","1","0","0","0","0","-1","0","0","0"],
  "ROUND77":["0","0","0","-1","0","0","0","0","0","0","-1","0"],
  "ROUND78":["0","0","0","-1","0","1","0","0","0","0","0","-1"],
  "ROUND79":["0","0","0","0","0","1","-1","0","0","0","-1","0"],
  "ROUND80":["-1","0","0","0","-1","0","0","0","0","0","0","0"]
}
