{
  "ID":["0","1","2","3","4","5","6","7","8","9","10","11"],
  "ROUND1":["0","0","0","0","0","-1","-1","0","0","1","0","0"],
  "ROUND2":["-1","0","0","0","-1","0","0","0","0","0","0","1"],
  "ROUND3":["0","0","0","1","0","0","0","-1","0","0","-1","0"],
  "ROUND4":["0","0","0","0","0","0","0","1","-1","0","-1","1"],
  "ROUND5":["0","0","0","0","0","0","0","0","-1","-1","0","0"],
  "ROUND6":["-1","0","0","0","0","0","0","0","0","0","0","-1"],
  "ROUND7":["0","-1","0","0","0","0","0","-1","0","0","1","0"],
  "ROUND8":["0","-1","0","1","0","0","0","-1","0","0","0","0"],
  "ROUND9":["0","-1","0","0","0","0","0","1","0","-1","0","0"],
  "ROUND10":["-1","0","0","0","0","-1","0","0","0","0","0","0"],
  "ROUND11":["0","0","-1","0","0","0","0","0","0","0","0","-1"],
  "ROUND12":["0","0","0","-1","0","0","0","-1","0","0","0","0"],
  "ROUND13":["-1","0","0","0","0","0","1","0","0","0","-1","0"],
  "ROUND14":["0","0","0","0","1","0","-1","-1","0","0","0","0"],
  "ROUND15":["0","0","-1","0","0","0","0","1","0","0","-1","0"],
  "ROUND16":["1","-1","0","0","0","0","1","0","0","-1","0","0"],
  "ROUND17":["0","1","0","0","0","0","0","0","-1","-1","0","0"],
  "ROUND18":["0","0","0","-1","0","0","0","0","-1","0","0","0"],
  "ROUND19":["0","0","0","0","-1","0","-1","0","0","0","0","0"],
  "ROUND20":["1","0","0","0","-1","0","0","0","-1","0","0","0"],
  "ROUND21":["0","0","0","-1","-1","0","0","0","0","0","0","0"],
  "ROUND22":["0","0","0","1","0","-1","0","0","0","-1","0","0"],
  "ROUND23":["0","-1","0","0","0","0","-1","0","0","0","1","0"],
  "ROUND24":["-1","-1","0","0","1","0","0","0","0","0","0","0"],
  "ROUND25":["0","0","0","-1","-1","0","0","0","0","0","0","0"],
  "ROUND26":["0","0","1","0","0","0","0","1","0","-1","0","-1"],
  "ROUND27":["0","0","0","0","0","-1","-1","1","1","0","0","0"],
  "ROUND28":["0","0","0","0","0","-1","-1","0","0","0","0","1"],
  "ROUND29":["-1","0","-1","0","0","0","0","0","0","0","0","0"],
  "ROUND30":["0","0","0","0","-1","0","1","0","0","0","0","-1"],
  "ROUND31":["0","-1","0","-1","0","0","0","0","0","0","0","0"],
  "ROUND32":["1","-1","0","0","0","0","0","0","-1","0","0","0"],
  "ROUND33":["0","1","1","-1","0","0","0","-1","0","0","0","0"],
  "ROUND34":["0","0","0","0","1","0","0","0","-1","0","-1","0"],
  "ROUND35":["0","0","0","0","1","0","0","-1","0","0","-1","0"],
  "ROUND36":["0","0","0","0","0","-1","0","0","-1","0","0","0"],
  "ROUND37":["0","-1","0","0","0","0","-1","0","0","0","0","0"],
  "ROUND38":["0","0","0","0","0","0","0","-1","0","0","-1","0"],
  "ROUND39":["0","0","0","0","-1","0","0","-1","0","0","1","0"],
  "ROUND40":["0","-1","0","0","0","0","0","1","0","0","-1","0"],
  "ROUND41":["0","-1","0","0","0","0","0","-1","0","0","0","0"],
  "ROUND42":["0","0","0","0","0","-1","0","-1","0","0","0","1"],
  "ROUND43":["0","0","0","-1","0","0","-1","0","0","0","0","0"],
  "ROUND44":["0","-1","0","0","0","-1","0","0","1","0","0","0"],
  "ROUND45":["0","0","0","0","0","0","1","-1","1","-1","0","1"],
  "ROUND46":["0","1","1","0","0","-1","0","0","-1","0","0","0"],
  "ROUND47":["0","-1","0","0","-1","0","0","0","0","0","0","0"],
  "ROUND48":["0","0","0","-1","0","0","-1","0","0","0","0","0"],
  "ROUND49":["0","0","1","0","-1","0","0","0","-1","0","0","0"],
  "ROUND50":["0","0","1","0","-1","0","0","0","0","-1","0","0"],
  "ROUND51":["0","0","0","-1","0","0","0","1","0","-1","0","0"],
  "ROUND52":["-1","0","0","0","0","0","0","0","0","0","0","-1"],
  "ROUND53":["0","0","0","-1","0","0","-1","0","0","0","0","0"],
  "ROUND54":["0","0","0","0","0","0","-1","0","0","0","-1","0"],
  "ROUND55":["0","0","-1","0","0","0","0","-1","1","1","0","0"],
  "ROUND56":["0","0","-1","0","-1","0","0","0","0","0","0","0"],
  "ROUND57":["0","0","0","0","0","0","0","0","0","-1","-1","0"],
  "ROUND58":["0","0","0","0","0","0","0","-1","0","-1","0","0"],
  "ROUND59":["0","0","0","0","0","0","0","0","-1","0","-1","0"],
  "ROUND60":["0","-1","0","0","1","0","0","0","0","-1","0","0"],
  "ROUND61":["0","0","-1","0","1","0","0","0","-1","0","0","0"],
  "ROUND62":["0","0","-1","0","0","0","0","1","0","0","-1","0"],
  "ROUND63":["0","-1","0","0","-1","0","0","1","0","0","0","0"],
  "ROUND64":["0","1","0","-1","0","-1","0","0","0","0","0","0"],
  "ROUND65":["0","0","0","0","-1","0","0","0","0","0","1","-1"],
  "ROUND66":["0","-1","-1","0","0","0","0","0","0","0","0","0"],
  "ROUND67":["0","0","0","-1","0","0","-1","0","0","0","0","0"],
  "ROUND68":["0","-1","0","0","0","0","0","0","0","-1","0","0"],
  "ROUND69":["0","0","0","0","0","0","0","0","0","0","-1","-1"],
  "ROUND70":["-1","0","0","0","-1","0","0","0","0","0","0","0"],
  "ROUND71":["0","-1","0","0","0","0","0","0","0","-1","0","0"],
  "ROUND72":["0","0","0","0","0","0","-1","1","1","-1","0","0"],
  "ROUND73":["-1","0","0","0","-1","0","0","1","0","0","0","0"],
  "ROUND74":["0","0","0","0","0","0","-1","0","-1","0","0","0"],
  "ROUND75":["0","-1","0","0","0","0","-1","0","0","0","0","0"],
  "ROUND76":["-1","0","0","0","0","0","0","0","0","0","-1","0"],
  "ROUND77":["0","0","-1","0","0","0","0","0","0","0","0","-1"],
  "ROUND78":["0","0","-1","0","0","0","0","1","0","0","0","-1"],
  "ROUND79":["-1","0","0","1","0","1","0","1","0","-1","0","0"],
  "ROUND80":["0","0","0","0","0","-1","0","0","-1","0","1","1"]
}
