{
  "ID":["0","1","2","3","4","5","6","7","8","9","10","11"],
  "ROUND1":["0","-1","0","0","0","-1","0","0","0","1","1","0"],
  "ROUND2":["0","0","0","-1","0","0","0","0","1","-1","1","0"],
  "ROUND3":["0","0","-1","0","0","-1","0","0","1","0","1","1"],
  "ROUND4":["0","0","0","1","0","-1","0","0","0","1","1","-1"],
  "ROUND5":["-1","-1","1","0","0","1","0","0","0","1","0","0"],
  "ROUND6":["0","0","-1","0","0","0","0","0","-1","1","0","1"],
  "ROUND7":["0","0","0","0","0","-1","0","0","0","0","-1","0"],
  "ROUND8":["0","0","0","-1","0","-1","0","0","1","1","1","0"],
  "ROUND9":["0","0","-1","1","1","0","0","-1","0","0","1","0"],
  "ROUND10":["1","-1","-1","0","0","0","0","0","0","0","1","1"],
  "ROUND11":["0","0","0","1","0","-1","0","-1","0","0","0","0"],
  "ROUND12":["0","1","0","0","0","-1","-1","0","1","0","1","0"],
  "ROUND13":["-1","0","0","0","0","0","0","0","1","-1","0","0"],
  "ROUND14":["0","-1","0","1","0","0","0","-1","1","0","0","0"],
  "ROUND15":["0","-1","0","-1","0","0","1","0","1","0","1","0"],
  "ROUND16":["0","0","0","-1","0","0","0","0","1","0","-1","0"],
  "ROUND17":["0","0","0","0","0","0","0","0","0","0","-1","-1"],
  "ROUND18":["1","0","0","0","0","0","0","0","1","-1","0","-1"],
  "ROUND19":["0","0","-1","0","0","0","1","0","-1","0","0","1"],
  "ROUND20":["0","1","0","0","0","0","0","-1","0","1","-1","0"],
  "ROUND21":["0","-1","0","0","0","0","0","-1","0","1","0","0"],
  "ROUND22":["0","0","1","0","0","-1","0","0","0","0","1","-1"],
  "ROUND23":["-1","0","0","0","0","-1","0","0","1","0","0","0"],
  "ROUND24":["0","0","0","1","0","0","0","-1","0","-1","0","0"],
  "ROUND25":["-1","0","0","0","-1","0","0","0","1","1","1","1"],
  "ROUND26":["1","0","1","-1","0","0","1","0","0","1","-1","0"],
  "ROUND27":["-1","0","0","0","1","0","0","0","0","1","-1","0"],
  "ROUND28":["0","0","0","0","0","0","-1","0","0","0","0","-1"],
  "ROUND29":["0","-1","0","0","0","0","0","0","0","0","0","-1"],
  "ROUND30":["-1","-1","0","1","0","0","0","0","0","0","0","1"],
  "ROUND31":["0","-1","0","0","0","0","0","1","0","0","-1","1"],
  "ROUND32":["0","0","0","-1","0","0","0","0","-1","0","1","0"],
  "ROUND33":["0","1","-1","0","-1","0","0","1","1","0","0","1"],
  "ROUND34":["0","0","1","0","0","0","0","0","-1","-1","0","0"],
  "ROUND35":["0","-1","0","0","0","0","0","0","1","1","-1","1"],
  "ROUND36":["0","0","1","0","0","0","0","-1","-1","1","0","0"],
  "ROUND37":["0","-1","0","0","0","0","-1","0","1","0","0","1"],
  "ROUND38":["0","0","0","0","0","1","0","0","1","0","-1","-1"],
  "ROUND39":["0","-1","0","0","0","-1","1","1","0","1","1","1"],
  "ROUND40":["0","0","0","-1","-1","0","1","0","1","0","0","0"],
  "ROUND41":["0","0","-1","0","0","0","0","0","-1","1","1","1"],
  "ROUND42":["0","0","1","0","0","-1","-1","1","0","0","0","0"],
  "ROUND43":["-1","0","0","0","0","0","0","0","1","-1","0","1"],
  "ROUND44":["1","-1","0","0","0","-1","0","0","0","1","0","1"],
  "ROUND45":["0","-1","0","0","-1","1","0","0","0","0","0","0"],
  "ROUND46":["0","0","0","-1","0","0","0","0","1","0","0","-1"],
  "ROUND47":["1","-1","0","-1","0","0","0","0","0","1","1","1"],
  "ROUND48":["0","-1","0","0","0","0","0","0","0","0","-1","1"],
  "ROUND49":["0","1","0","-1","0","0","0","0","1","-1","1","1"],
  "ROUND50":["0","0","0","0","1","0","-1","0","0","0","1","-1"],
  "ROUND51":["0","0","0","0","0","0","0","0","0","-1","-1","1"],
  "ROUND52":["0","-1","0","0","0","0","0","0","0","0","1","-1"],
  "ROUND53":["0","0","-1","0","0","0","0","1","0","-1","0","1"],
  "ROUND54":["0","-1","0","0","0","0","0","1","0","-1","1","1"],
  "ROUND55":["1","0","1","1","-1","0","0","0","-1","1","1","0"],
  "ROUND56":["-1","1","0","0","0","-1","0","0","1","0","1","1"],
  "ROUND57":["-1","0","0","0","0","0","1","0","0","-1","0","0"],
  "ROUND58":["0","1","0","-1","0","0","0","0","1","-1","0","0"],
  "ROUND59":["0","0","1","0","0","-1","-1","0","1","1","0","0"],
  "ROUND60":["1","0","1","-1","-1","1","0","0","1","0","1","1"],
  "ROUND61":["1","1","0","0","1","-1","-1","0","1","1","1","0"],
  "ROUND62":["0","0","0","0","-1","0","0","0","1","0","-1","0"],
  "ROUND63":["1","1","0","-1","0","0","0","0","1","-1","1","0"],
  "ROUND64":["-1","0","0","0","0","0","0","0","-1","0","0","0"],
  "ROUND65":["-1","0","0","-1","0","0","0","0","1","0","0","0"],
  "ROUND66":["1","1","0","0","-1","1","0","0","0","-1","0","1"],
  "ROUND67":["0","0","-1","0","1","1","0","0","0","-1","0","1"],
  "ROUND68":["0","0","-1","0","1","1","-1","1","0","0","0","1"],
  "ROUND69":["1","0","0","0","-1","0","0","0","0","0","-1","1"],
  "ROUND70":["-1","0","0","0","-1","0","0","0","0","0","0","0"],
  "ROUND71":["-1","0","0","0","0","0","0","0","0","0","-1","1"],
  "ROUND72":["0","-1","0","-1","0","0","0","0","0","0","0","0"],
  "ROUND73":["0","1","0","-1","-1","0","0","0","0","0","1","1"],
  "ROUND74":["0","0","-1","0","1","0","-1","0","1","0","1","0"],
  "ROUND75":["0","0","-1","0","0","0","0","0","0","0","-1","0"],
  "ROUND76":["0","0","0","0","0","1","0","-1","1","-1","0","0"],
  "ROUND77":["-1","1","1","0","0","0","-1","1","1","0","0","0"],
  "ROUND78":["0","0","0","-1","0","0","0","0","-1","0","0","1"],
  "ROUND79":["-1","1","0","1","0","0","-1","0","0","0","0","1"],
  "ROUND80":["0","0","0","1","1","1","0","-1","0","-1","1","1"]
}
