{
  "ID":["0","1","2","3","4","5","6","7","8","9","10","11"],
  "ROUND1":["0","0","-1","0","-1","0","0","0","0","0","0","0"],
  "ROUND2":["0","-1","0","0","-1","0","0","0","0","0","1","1"],
  "ROUND3":["0","0","0","0","0","0","-1","1","0","0","-1","1"],
  "ROUND4":["-1","0","0","0","0","0","0","0","0","0","-1","1"],
  "ROUND5":["0","-1","0","0","0","0","0","0","0","0","1","-1"],
  "ROUND6":["0","0","0","0","0","-1","0","0","0","-1","1","1"],
  "ROUND7":["-1","0","0","0","0","0","0","-1","0","0","0","1"],
  "ROUND8":["0","0","0","1","0","0","-1","0","0","0","-1","1"],
  "ROUND9":["0","0","0","0","0","-1","0","0","0","-1","0","1"],
  "ROUND10":["0","0","0","-1","0","0","0","-1","0","0","1","1"],
  "ROUND11":["0","1","0","0","0","0","0","-1","0","0","-1","1"],
  "ROUND12":["0","0","0","0","-1","0","0","1","1","-1","1","0"],
  "ROUND13":["0","0","-1","-1","0","0","0","0","0","0","1","1"],
  "ROUND14":["0","0","0","0","0","0","-1","-1","0","0","1","1"],
  "ROUND15":["0","0","0","0","-1","-1","0","0","0","0","1","1"],
  "ROUND16":["0","0","0","0","-1","-1","0","0","1","0","1","1"],
  "ROUND17":["0","-1","0","0","0","1","0","0","-1","0","0","1"],
  "ROUND18":["0","0","0","1","0","-1","-1","0","0","0","1","1"],
  "ROUND19":["0","0","0","0","-1","0","0","0","-1","0","1","1"],
  "ROUND20":["0","-1","-1","0","0","0","0","0","1","0","1","1"],
  "ROUND21":["0","-1","0","0","1","-1","0","0","0","1","1","1"],
  "ROUND22":["0","0","0","0","0","0","0","0","0","-1","1","-1"],
  "ROUND23":["1","0","0","0","0","0","-1","0","0","0","1","-1"],
  "ROUND24":["0","0","0","0","-1","0","0","0","-1","0","1","1"],
  "ROUND25":["0","-1","0","1","0","0","0","0","0","0","1","-1"],
  "ROUND26":["1","0","-1","0","0","0","0","1","-1","0","0","1"],
  "ROUND27":["0","0","-1","0","0","0","1","-1","1","0","1","1"],
  "ROUND28":["0","0","-1","-1","1","0","1","0","0","0","1","0"],
  "ROUND29":["0","-1","0","0","0","-1","0","0","0","0","1","1"],
  "ROUND30":["0","0","0","0","0","0","0","-1","-1","1","1","1"],
  "ROUND31":["-1","0","1","-1","0","0","0","0","0","0","1","1"],
  "ROUND32":["0","1","0","-1","0","-1","0","0","1","0","0","1"],
  "ROUND33":["0","0","0","0","0","-1","1","-1","0","0","1","1"],
  "ROUND34":["0","0","0","0","0","0","0","0","0","0","-1","-1"],
  "ROUND35":["0","0","0","1","-1","0","0","0","0","0","-1","1"],
  "ROUND36":["-1","0","1","0","0","0","0","0","0","0","1","-1"],
  "ROUND37":["-1","0","0","1","0","0","0","0","0","0","-1","1"],
  "ROUND38":["-1","1","0","0","0","-1","0","0","0","1","1","1"],
  "ROUND39":["0","0","0","1","0","0","-1","-1","0","1","1","1"],
  "ROUND40":["-1","1","0","-1","0","0","0","0","0","0","1","1"],
  "ROUND41":["0","0","0","0","-1","0","0","1","1","-1","1","1"],
  "ROUND42":["1","0","-1","0","0","0","0","-1","0","1","1","0"],
  "ROUND43":["0","0","0","1","0","-1","0","0","0","0","-1","1"],
  "ROUND44":["-1","0","0","0","0","1","0","0","0","0","1","-1"],
  "ROUND45":["1","0","0","0","0","0","1","-1","-1","0","1","1"],
  "ROUND46":["0","0","0","0","-1","0","1","-1","0","0","1","1"],
  "ROUND47":["0","0","0","0","-1","1","-1","0","0","1","1","1"],
  "ROUND48":["0","0","1","1","-1","0","0","0","-1","0","0","1"],
  "ROUND49":["0","-1","0","-1","1","0","0","0","0","1","1","1"],
  "ROUND50":["0","0","1","0","0","0","1","-1","-1","0","1","0"],
  "ROUND51":["1","0","0","-1","-1","0","0","0","1","0","1","1"],
  "ROUND52":["1","0","0","0","1","-1","0","0","0","-1","0","1"],
  "ROUND53":["0","0","-1","0","0","0","0","0","0","0","1","-1"],
  "ROUND54":["0","0","0","0","0","1","-1","-1","0","0","1","1"],
  "ROUND55":["1","0","0","-1","0","0","-1","1","0","0","1","1"],
  "ROUND56":["1","0","0","0","-1","0","0","0","0","0","1","-1"],
  "ROUND57":["0","-1","0","0","0","1","0","0","-1","0","0","1"],
  "ROUND58":["1","-1","1","0","0","-1","0","0","0","0","1","1"],
  "ROUND59":["0","0","0","0","-1","0","0","1","0","0","1","-1"],
  "ROUND60":["0","-1","0","1","0","0","0","0","-1","1","0","1"],
  "ROUND61":["1","-1","0","0","-1","0","0","0","1","0","1","1"],
  "ROUND62":["0","1","0","-1","0","1","-1","0","0","0","0","1"],
  "ROUND63":["-1","0","0","0","0","0","0","0","-1","0","1","0"],
  "ROUND64":["0","0","0","0","0","-1","0","-1","0","1","0","0"],
  "ROUND65":["1","0","0","0","-1","0","1","0","0","-1","1","0"],
  "ROUND66":["0","0","0","0","0","0","1","-1","0","0","-1","1"],
  "ROUND67":["0","-1","0","0","1","1","0","-1","0","0","1","1"],
  "ROUND68":["0","0","0","0","0","0","0","0","1","-1","-1","1"],
  "ROUND69":["-1","0","0","0","0","1","0","-1","0","0","1","1"],
  "ROUND70":["0","0","-1","0","1","0","0","0","0","0","1","-1"],
  "ROUND71":["0","0","0","1","0","0","-1","0","0","0","1","-1"],
  "ROUND72":["0","0","0","0","0","0","0","0","-1","0","1","-1"],
  "ROUND73":["0","0","1","1","0","0","0","0","-1","-1","0","1"],
  "ROUND74":["0","0","1","0","0","0","0","-1","0","0","1","-1"],
  "ROUND75":["0","0","0","0","-1","0","0","1","0","0","1","-1"],
  "ROUND76":["0","0","-1","1","-1","0","0","0","1","0","1","1"],
  "ROUND77":["0","0","0","0","0","0","0","0","0","-1","1","-1"],
  "ROUND78":["-1","-1","1","0","0","0","0","0","1","0","1","1"],
  "ROUND79":["0","0","1","0","0","0","-1","1","0","-1","1","0"],
  "ROUND80":["-1","-1","0","0","1","0","1","0","0","0","1","1"]
}
