{
  "ID":["0","1","2","3","4","5","6","7","8","9","10","11"],
  "ROUND1":["0","-1","0","0","1","0","0","1","-1","0","0","0"],
  "ROUND2":["0","0","-1","0","0","1","1","0","0","0","0","-1"],
  "ROUND3":["-1","0","0","0","0","0","-1","0","0","1","0","0"],
  "ROUND4":["0","0","0","0","1","1","-1","-1","0","0","0","0"],
  "ROUND5":["-1","0","1","-1","0","0","0","1","0","0","0","1"],
  "ROUND6":["0","-1","0","1","1","1","1","1","-1","0","1","0"],
  "ROUND7":["0","-1","0","1","0","0","0","-1","1","0","0","1"],
  "ROUND8":["0","0","0","-1","0","0","-1","0","1","0","0","0"],
  "ROUND9":["0","0","0","0","0","-1","0","0","0","0","-1","0"],
  "ROUND10":["1","0","0","0","1","0","0","1","-1","-1","1","0"],
  "ROUND11":["0","-1","1","0","-1","0","1","0","1","1","0","1"],
  "ROUND12":["0","0","0","-1","0","0","1","0","1","0","-1","1"],
  "ROUND13":["0","-1","0","-1","0","0","1","0","0","0","0","1"],
  "ROUND14":["0","0","1","0","-1","-1","1","0","0","0","0","0"],
  "ROUND15":["0","0","1","1","1","-1","-1","0","1","1","0","0"],
  "ROUND16":["0","0","1","-1","-1","0","1","0","1","0","1","0"],
  "ROUND17":["0","0","0","-1","1","1","0","-1","0","0","0","0"],
  "ROUND18":["0","0","0","0","-1","1","-1","1","1","0","1","0"],
  "ROUND19":["0","0","0","0","1","0","1","1","-1","1","0","-1"],
  "ROUND20":["0","0","0","1","1","-1","0","1","-1","0","1","1"],
  "ROUND21":["-1","0","0","0","1","0","-1","0","0","1","0","1"],
  "ROUND22":["1","0","0","0","0","0","1","-1","0","0","-1","0"],
  "ROUND23":["0","0","1","0","0","0","-1","1","-1","0","1","0"],
  "ROUND24":["0","0","-1","0","0","1","-1","0","1","1","1","0"],
  "ROUND25":["1","1","-1","0","0","0","1","1","0","-1","1","1"],
  "ROUND26":["0","0","1","1","1","-1","0","0","1","1","0","-1"],
  "ROUND27":["-1","1","1","0","0","-1","0","0","1","0","0","0"],
  "ROUND28":["1","-1","1","1","1","0","0","1","-1","0","1","1"],
  "ROUND29":["0","0","1","1","0","1","0","0","0","0","-1","-1"],
  "ROUND30":["0","0","1","-1","0","1","0","1","1","1","0","-1"],
  "ROUND31":["0","1","1","0","1","0","0","0","-1","1","-1","1"],
  "ROUND32":["1","1","0","1","1","0","-1","0","1","0","0","-1"],
  "ROUND33":["0","1","1","1","0","1","1","-1","1","1","1","-1"],
  "ROUND34":["1","0","0","0","1","0","1","-1","1","0","-1","0"],
  "ROUND35":["0","0","1","0","0","1","1","-1","-1","0","0","0"],
  "ROUND36":["1","1","0","-1","0","-1","1","0","0","0","1","0"],
  "ROUND37":["0","-1","-1","0","0","0","1","0","1","1","0","1"],
  "ROUND38":["1","0","1","1","0","1","0","0","0","1","-1","-1"],
  "ROUND39":["1","1","0","0","1","1","0","0","1","-1","-1","1"],
  "ROUND40":["0","0","0","1","0","0","0","0","1","-1","-1","0"],
  "ROUND41":["0","0","0","0","1","0","1","1","-1","0","1","-1"],
  "ROUND42":["-1","-1","0","1","0","0","0","0","0","1","1","0"],
  "ROUND43":["0","1","0","0","0","-1","1","1","0","-1","0","0"],
  "ROUND44":["1","1","-1","1","0","0","1","1","0","-1","0","0"],
  "ROUND45":["0","1","1","1","0","0","1","1","0","-1","0","-1"],
  "ROUND46":["-1","-1","0","1","0","1","1","0","1","0","0","0"],
  "ROUND47":["-1","1","1","1","1","-1","0","0","0","0","0","0"],
  "ROUND48":["0","-1","1","0","1","1","0","1","0","-1","0","1"],
  "ROUND49":["0","0","0","1","0","0","0","-1","0","-1","1","1"],
  "ROUND50":["0","0","0","0","0","1","-1","1","0","0","0","-1"],
  "ROUND51":["1","1","0","0","0","0","1","0","-1","0","1","-1"],
  "ROUND52":["-1","1","1","0","1","0","0","1","0","0","1","-1"],
  "ROUND53":["1","1","0","-1","0","0","1","1","0","0","1","-1"],
  "ROUND54":["0","0","0","0","1","0","1","0","0","-1","1","-1"],
  "ROUND55":["0","0","0","0","-1","0","1","1","1","-1","0","0"],
  "ROUND56":["0","1","0","-1","0","0","0","0","0","1","-1","1"],
  "ROUND57":["0","0","1","-1","-1","0","0","1","0","1","0","0"],
  "ROUND58":["0","0","0","0","1","0","0","0","-1","1","1","-1"],
  "ROUND59":["1","0","0","-1","1","0","0","0","-1","1","1","1"],
  "ROUND60":["0","1","0","1","-1","1","0","0","-1","1","1","0"],
  "ROUND61":["-1","1","0","0","-1","0","1","1","1","0","1","1"],
  "ROUND62":["0","0","-1","0","0","0","1","0","0","-1","1","1"],
  "ROUND63":["0","1","1","1","0","-1","0","0","0","-1","0","0"],
  "ROUND64":["0","-1","1","0","0","1","0","1","0","1","0","-1"],
  "ROUND65":["0","-1","1","0","0","0","0","-1","1","0","1","0"],
  "ROUND66":["-1","0","1","0","0","0","0","-1","0","1","1","1"],
  "ROUND67":["0","1","1","-1","0","1","0","1","1","0","-1","1"],
  "ROUND68":["-1","-1","0","0","0","0","0","0","1","1","1","1"],
  "ROUND69":["1","-1","0","0","0","0","0","0","1","-1","0","0"],
  "ROUND70":["0","1","1","-1","1","0","1","-1","0","0","0","0"],
  "ROUND71":["0","1","1","1","0","0","-1","0","0","-1","0","1"],
  "ROUND72":["-1","1","1","0","0","-1","1","1","1","0","0","0"],
  "ROUND73":["1","0","1","1","0","0","-1","1","0","-1","0","1"],
  "ROUND74":["0","1","1","1","0","1","-1","0","0","0","0","-1"],
  "ROUND75":["1","1","0","-1","0","0","1","-1","1","0","0","0"],
  "ROUND76":["0","1","0","-1","0","1","0","1","1","0","1","-1"],
  "ROUND77":["1","1","0","0","0","1","1","-1","0","-1","0","0"],
  "ROUND78":["1","-1","1","0","0","-1","0","1","0","1","0","0"],
  "ROUND79":["0","1","-1","-1","0","0","0","1","0","1","1","0"],
  "ROUND80":["0","1","1","0","0","1","1","-1","1","-1","0","0"]
}
