{
  "ID":["0","1","2","3","4","5","6","7","8","9","10","11"],
  "ROUND1":["0","0","0","-1","0","0","0","0","-1","0","0","0"],
  "ROUND2":["0","-1","0","0","0","0","0","0","0","-1","0","1"],
  "ROUND3":["0","0","0","0","0","0","-1","0","-1","1","0","1"],
  "ROUND4":["0","0","0","0","0","0","-1","0","0","-1","0","1"],
  "ROUND5":["0","0","0","0","0","0","0","0","-1","1","0","-1"],
  "ROUND6":["-1","0","0","0","0","0","0","0","-1","1","0","1"],
  "ROUND7":["0","0","-1","0","0","0","0","0","1","-1","0","1"],
  "ROUND8":["0","0","0","0","0","-1","0","0","0","-1","0","1"],
  "ROUND9":["0","-1","0","1","0","0","0","-1","0","0","0","0"],
  "ROUND10":["-1","0","1","0","-1","0","0","0","0","0","0","0"],
  "ROUND11":["-1","0","0","0","0","0","-1","0","0","0","0","1"],
  "ROUND12":["0","0","0","-1","0","1","0","0","0","1","-1","1"],
  "ROUND13":["0","0","0","0","0","0","0","-1","0","0","-1","0"],
  "ROUND14":["0","0","0","0","0","0","0","-1","0","-1","1","0"],
  "ROUND15":["0","0","0","0","-1","-1","0","0","0","0","1","1"],
  "ROUND16":["1","0","0","0","0","0","0","0","-1","-1","0","0"],
  "ROUND17":["0","0","0","0","0","0","0","0","-1","0","1","-1"],
  "ROUND18":["-1","0","0","0","-1","1","0","0","0","0","1","0"],
  "ROUND19":["0","0","0","-1","0","-1","0","0","0","1","0","1"],
  "ROUND20":["0","0","0","0","0","0","0","0","-1","1","-1","1"],
  "ROUND21":["0","-1","0","0","0","0","1","-1","0","1","0","0"],
  "ROUND22":["-1","1","0","-1","0","0","0","0","0","0","1","0"],
  "ROUND23":["0","0","-1","0","0","-1","0","1","0","1","1","1"],
  "ROUND24":["-1","0","-1","0","0","0","1","0","1","1","0","0"],
  "ROUND25":["0","1","0","0","-1","0","0","-1","1","0","0","1"],
  "ROUND26":["0","-1","0","0","-1","0","0","0","0","1","1","0"],
  "ROUND27":["0","1","0","0","-1","0","0","1","-1","0","0","0"],
  "ROUND28":["-1","0","0","-1","0","0","0","0","0","0","1","0"],
  "ROUND29":["1","1","-1","0","0","0","-1","1","0","1","0","1"],
  "ROUND30":["0","0","0","0","0","0","0","0","0","-1","0","-1"],
  "ROUND31":["0","0","-1","0","0","0","0","0","0","-1","0","0"],
  "ROUND32":["0","0","0","0","0","0","0","-1","0","0","-1","1"],
  "ROUND33":["0","-1","0","0","-1","0","0","0","1","0","0","0"],
  "ROUND34":["-1","0","0","0","0","-1","0","0","0","0","0","0"],
  "ROUND35":["0","0","0","0","0","1","0","-1","0","-1","1","0"],
  "ROUND36":["0","-1","0","0","0","1","0","0","0","0","0","-1"],
  "ROUND37":["-1","-1","0","0","1","0","0","0","0","0","0","0"],
  "ROUND38":["0","-1","0","0","0","0","0","-1","0","0","1","1"],
  "ROUND39":["0","0","-1","0","0","0","0","0","0","0","-1","0"],
  "ROUND40":["0","0","0","-1","0","0","0","0","0","0","-1","1"],
  "ROUND41":["0","-1","0","0","-1","0","0","0","0","0","1","0"],
  "ROUND42":["0","0","0","0","0","0","0","-1","0","1","-1","1"],
  "ROUND43":["-1","0","0","0","0","0","1","0","0","1","-1","0"],
  "ROUND44":["0","0","-1","0","0","1","0","-1","0","0","0","1"],
  "ROUND45":["1","0","0","-1","0","0","0","1","-1","0","1","0"],
  "ROUND46":["0","0","0","-1","-1","0","0","0","0","0","0","1"],
  "ROUND47":["1","0","0","0","0","0","-1","0","-1","0","0","0"],
  "ROUND48":["0","0","0","0","-1","0","1","0","0","1","0","-1"],
  "ROUND49":["0","-1","0","-1","0","0","0","0","0","0","0","0"],
  "ROUND50":["0","0","0","0","-1","0","0","-1","0","0","0","0"],
  "ROUND51":["-1","0","0","0","1","0","0","-1","1","0","0","0"],
  "ROUND52":["-1","0","0","0","0","0","0","0","0","0","0","-1"],
  "ROUND53":["0","0","0","0","0","-1","0","0","0","1","0","-1"],
  "ROUND54":["1","-1","0","0","0","0","0","0","0","0","-1","1"],
  "ROUND55":["0","0","0","0","0","-1","0","0","0","-1","0","0"],
  "ROUND56":["0","0","0","0","0","0","1","0","-1","0","1","-1"],
  "ROUND57":["0","0","0","0","0","0","-1","0","0","-1","0","1"],
  "ROUND58":["0","0","-1","0","0","0","0","0","0","0","0","-1"],
  "ROUND59":["-1","0","0","0","-1","0","0","0","0","0","0","0"],
  "ROUND60":["0","0","0","0","0","0","0","0","0","0","-1","-1"],
  "ROUND61":["0","0","-1","-1","0","0","0","0","0","1","0","0"],
  "ROUND62":["0","0","0","-1","0","0","0","-1","0","1","0","0"],
  "ROUND63":["0","-1","0","0","0","0","0","0","0","1","-1","1"],
  "ROUND64":["0","1","-1","0","0","-1","0","0","0","0","1","0"],
  "ROUND65":["0","0","0","0","0","-1","-1","0","0","1","1","0"],
  "ROUND66":["-1","0","0","0","0","-1","0","0","0","0","1","0"],
  "ROUND67":["0","-1","0","0","0","0","0","0","-1","0","0","0"],
  "ROUND68":["0","0","0","-1","1","-1","0","0","1","1","0","0"],
  "ROUND69":["0","0","0","0","0","0","-1","0","-1","0","0","1"],
  "ROUND70":["0","1","0","0","-1","0","0","0","0","0","0","-1"],
  "ROUND71":["-1","0","0","0","0","0","0","1","-1","1","0","1"],
  "ROUND72":["-1","1","0","0","0","0","0","-1","0","0","1","1"],
  "ROUND73":["0","1","1","-1","0","0","0","0","-1","1","0","0"],
  "ROUND74":["0","-1","1","0","1","0","0","0","0","0","-1","1"],
  "ROUND75":["-1","-1","0","0","0","0","0","0","0","0","0","1"],
  "ROUND76":["0","0","0","0","0","0","0","-1","0","-1","0","1"],
  "ROUND77":["0","0","0","0","0","-1","0","-1","0","0","0","0"],
  "ROUND78":["0","-1","-1","0","0","0","0","0","0","0","0","0"],
  "ROUND79":["0","0","0","0","0","0","0","0","0","-1","1","-1"],
  "ROUND80":["0","0","0","0","0","0","0","0","-1","1","-1","0"]
}
