{
  "ID":["0","1","2","3","4","5","6","7","8","9","10","11"],
  "ROUND1":["0","0","0","-1","0","0","0","0","0","1","0","-1"],
  "ROUND2":["0","0","0","0","0","0","-1","0","1","0","0","-1"],
  "ROUND3":["0","0","0","0","0","0","0","-1","1","0","0","-1"],
  "ROUND4":["0","0","0","0","0","0","0","0","0","-1","0","-1"],
  "ROUND5":["0","0","0","0","-1","0","1","1","0","-1","0","1"],
  "ROUND6":["0","1","1","-1","-1","0","0","0","0","0","0","0"],
  "ROUND7":["-1","0","0","0","-1","0","0","0","0","0","0","1"],
  "ROUND8":["-1","0","0","0","0","0","0","0","0","0","0","-1"],
  "ROUND9":["0","1","-1","-1","0","0","0","0","0","0","0","0"],
  "ROUND10":["0","0","0","-1","0","0","0","1","0","-1","0","0"],
  "ROUND11":["0","0","1","1","0","0","0","1","0","-1","-1","1"],
  "ROUND12":["0","0","-1","0","0","0","1","1","0","-1","0","0"],
  "ROUND13":["0","0","0","0","0","0","-1","0","0","0","-1","0"],
  "ROUND14":["0","0","0","0","-1","-1","0","1","0","1","1","0"],
  "ROUND15":["0","1","-1","0","0","0","0","1","0","0","0","-1"],
  "ROUND16":["0","-1","0","0","0","0","0","0","-1","0","0","1"],
  "ROUND17":["0","0","0","1","0","-1","0","0","-1","0","0","0"],
  "ROUND18":["0","0","0","0","0","0","0","0","1","-1","-1","0"],
  "ROUND19":["0","-1","0","0","0","0","0","0","1","-1","0","0"],
  "ROUND20":["0","1","0","0","0","0","0","0","-1","0","-1","0"],
  "ROUND21":["0","0","1","0","-1","0","-1","0","0","0","1","0"],
  "ROUND22":["0","-1","0","0","0","0","1","0","-1","0","0","0"],
  "ROUND23":["0","0","0","0","-1","0","0","0","-1","1","1","0"],
  "ROUND24":["1","1","1","0","-1","-1","0","0","0","0","0","1"],
  "ROUND25":["0","0","0","0","0","0","0","-1","0","-1","0","0"],
  "ROUND26":["0","1","0","0","0","0","0","-1","0","0","-1","0"],
  "ROUND27":["0","0","0","0","-1","0","0","-1","0","0","0","0"],
  "ROUND28":["0","0","0","0","-1","0","1","1","0","-1","0","0"],
  "ROUND29":["0","0","-1","0","0","0","0","-1","1","1","0","0"],
  "ROUND30":["0","0","0","1","-1","0","0","-1","0","1","0","0"],
  "ROUND31":["0","0","0","0","0","0","-1","0","0","0","0","-1"],
  "ROUND32":["0","0","0","0","0","-1","-1","0","0","0","0","1"],
  "ROUND33":["0","1","0","0","-1","0","1","0","-1","0","1","1"],
  "ROUND34":["-1","0","0","0","0","0","1","0","0","-1","1","0"],
  "ROUND35":["1","-1","0","0","0","0","1","1","-1","0","1","1"],
  "ROUND36":["-1","0","0","0","-1","0","0","0","0","0","0","0"],
  "ROUND37":["0","0","-1","-1","0","0","0","0","1","0","0","0"],
  "ROUND38":["0","1","0","0","-1","0","0","0","0","0","0","-1"],
  "ROUND39":["0","0","-1","-1","0","0","0","1","0","0","0","1"],
  "ROUND40":["0","0","0","-1","0","0","0","0","0","0","0","-1"],
  "ROUND41":["0","0","0","-1","0","0","1","-1","0","0","0","0"],
  "ROUND42":["0","0","0","-1","-1","0","0","0","1","0","0","0"],
  "ROUND43":["1","0","1","0","-1","-1","0","0","0","0","1","0"],
  "ROUND44":["0","-1","0","0","0","0","1","0","-1","0","1","0"],
  "ROUND45":["0","0","0","0","-1","0","1","0","-1","0","0","0"],
  "ROUND46":["0","0","0","-1","1","-1","0","0","0","0","0","0"],
  "ROUND47":["0","0","-1","0","1","-1","0","0","0","1","0","0"],
  "ROUND48":["0","1","1","0","0","-1","0","0","1","0","-1","0"],
  "ROUND49":["0","0","0","0","0","0","0","0","0","-1","-1","1"],
  "ROUND50":["0","0","0","0","0","-1","1","0","0","-1","0","0"],
  "ROUND51":["0","0","0","0","1","0","-1","-1","1","0","0","0"],
  "ROUND52":["0","-1","0","-1","0","0","0","0","0","0","0","0"],
  "ROUND53":["0","0","-1","0","0","0","-1","0","0","0","0","1"],
  "ROUND54":["0","0","0","-1","0","0","0","1","-1","0","0","0"],
  "ROUND55":["0","0","0","0","0","0","0","0","1","-1","0","-1"],
  "ROUND56":["1","0","0","0","-1","0","0","0","-1","0","0","0"],
  "ROUND57":["0","1","0","0","0","0","-1","0","0","0","-1","0"],
  "ROUND58":["-1","0","0","0","0","0","-1","1","1","1","1","1"],
  "ROUND59":["-1","0","0","-1","0","0","1","1","0","0","0","0"],
  "ROUND60":["0","1","0","0","-1","0","-1","0","1","0","0","0"],
  "ROUND61":["0","-1","0","0","0","0","0","0","0","0","1","-1"],
  "ROUND62":["0","0","0","0","0","1","-1","1","0","0","0","-1"],
  "ROUND63":["0","-1","0","1","0","0","1","0","-1","0","0","0"],
  "ROUND64":["0","0","0","0","0","0","0","0","1","1","-1","-1"],
  "ROUND65":["1","0","-1","0","0","1","1","-1","1","0","0","0"],
  "ROUND66":["0","-1","0","0","1","-1","0","0","1","0","0","0"],
  "ROUND67":["0","0","0","0","0","0","0","-1","-1","0","1","0"],
  "ROUND68":["0","1","0","0","0","0","0","0","0","-1","1","-1"],
  "ROUND69":["0","0","0","0","0","0","0","-1","0","0","-1","0"],
  "ROUND70":["0","0","-1","0","1","0","1","0","0","-1","0","0"],
  "ROUND71":["0","0","-1","0","0","0","0","-1","0","1","0","1"],
  "ROUND72":["-1","0","0","0","0","0","0","0","-1","0","0","1"],
  "ROUND73":["1","0","0","0","0","0","0","-1","0","0","-1","1"],
  "ROUND74":["0","0","0","0","0","0","0","-1","1","0","1","-1"],
  "ROUND75":["1","0","1","0","0","1","0","1","-1","0","1","-1"],
  "ROUND76":["0","1","0","0","1","-1","0","0","-1","1","1","0"],
  "ROUND77":["1","0","0","0","-1","0","0","-1","1","0","0","1"],
  "ROUND78":["0","0","0","0","0","0","-1","0","0","1","-1","1"],
  "ROUND79":["0","0","-1","0","0","0","0","-1","0","0","0","0"],
  "ROUND80":["-1","-1","0","0","0","0","0","0","1","0","0","0"]
}
