{
  "ID":["0","1","2","3","4","5","6","7","8","9","10","11"],
  "ROUND1":["0","0","0","0","0","0","0","0","0","-1","0","-1"],
  "ROUND2":["-1","0","0","0","0","0","0","0","-1","1","0","1"],
  "ROUND3":["0","-1","0","1","0","0","0","0","0","0","-1","0"],
  "ROUND4":["0","-1","0","0","-1","0","0","0","0","0","0","1"],
  "ROUND5":["0","0","-1","0","0","0","0","0","-1","1","0","1"],
  "ROUND6":["0","-1","0","0","-1","0","0","0","0","0","1","1"],
  "ROUND7":["0","0","0","0","-1","0","1","-1","0","1","0","1"],
  "ROUND8":["-1","0","0","0","0","0","1","-1","0","0","0","1"],
  "ROUND9":["0","0","0","0","-1","0","-1","1","0","0","1","1"],
  "ROUND10":["0","0","-1","0","0","0","0","0","0","1","-1","0"],
  "ROUND11":["1","0","0","-1","0","0","0","-1","0","1","1","0"],
  "ROUND12":["0","0","0","0","0","0","0","-1","0","1","-1","0"],
  "ROUND13":["0","0","0","1","-1","0","0","0","0","1","1","-1"],
  "ROUND14":["0","0","0","-1","-1","1","0","0","0","1","1","1"],
  "ROUND15":["0","0","0","0","0","0","-1","1","-1","0","0","0"],
  "ROUND16":["0","0","0","1","0","-1","0","0","0","0","-1","0"],
  "ROUND17":["0","0","0","0","0","0","-1","0","0","1","0","-1"],
  "ROUND18":["0","0","0","-1","-1","1","0","0","0","1","1","0"],
  "ROUND19":["-1","0","0","0","0","0","0","0","0","0","1","-1"],
  "ROUND20":["0","0","0","0","0","0","1","0","-1","1","-1","1"],
  "ROUND21":["0","0","0","0","0","0","0","-1","0","1","1","-1"],
  "ROUND22":["0","1","0","0","-1","-1","0","0","1","1","0","0"],
  "ROUND23":["0","1","0","0","0","-1","0","0","0","-1","0","0"],
  "ROUND24":["0","0","-1","1","0","0","1","0","-1","0","1","0"],
  "ROUND25":["0","0","0","0","0","0","-1","0","0","-1","1","1"],
  "ROUND26":["0","0","0","-1","0","0","0","0","0","0","-1","1"],
  "ROUND27":["0","0","0","0","0","0","0","-1","0","1","1","-1"],
  "ROUND28":["-1","-1","0","0","0","0","1","0","0","0","1","0"],
  "ROUND29":["0","0","0","0","0","0","0","-1","0","1","-1","0"],
  "ROUND30":["0","0","0","0","0","0","0","0","0","-1","-1","1"],
  "ROUND31":["0","0","0","0","0","0","0","0","-1","-1","0","1"],
  "ROUND32":["0","0","-1","-1","0","0","0","1","0","0","0","0"],
  "ROUND33":["0","0","0","-1","0","0","0","0","1","-1","0","0"],
  "ROUND34":["0","0","-1","0","0","0","-1","0","1","1","1","1"],
  "ROUND35":["-1","1","0","0","0","0","0","-1","1","0","1","1"],
  "ROUND36":["0","0","-1","0","0","0","0","0","-1","0","0","1"],
  "ROUND37":["0","0","0","0","0","-1","0","1","0","1","1","-1"],
  "ROUND38":["0","0","0","0","-1","0","0","1","1","0","-1","1"],
  "ROUND39":["1","0","0","0","-1","0","0","0","1","-1","1","1"],
  "ROUND40":["0","-1","0","0","0","0","0","0","0","-1","1","0"],
  "ROUND41":["0","1","0","-1","1","0","-1","0","0","1","0","0"],
  "ROUND42":["0","1","0","0","0","0","-1","0","0","-1","1","1"],
  "ROUND43":["0","1","-1","0","0","0","0","1","0","1","0","-1"],
  "ROUND44":["0","-1","0","0","0","0","0","0","1","1","-1","0"],
  "ROUND45":["1","-1","0","-1","0","1","0","0","0","1","1","1"],
  "ROUND46":["1","-1","0","0","-1","1","0","0","0","0","1","1"],
  "ROUND47":["0","0","0","-1","0","0","0","0","0","1","-1","1"],
  "ROUND48":["1","0","0","0","0","0","0","0","0","-1","0","-1"],
  "ROUND49":["0","0","0","0","0","1","0","-1","0","-1","0","0"],
  "ROUND50":["1","0","0","0","0","0","0","-1","0","0","-1","1"],
  "ROUND51":["1","0","0","-1","-1","0","0","0","0","1","1","1"],
  "ROUND52":["0","0","-1","0","1","-1","0","1","0","1","1","1"],
  "ROUND53":["0","0","-1","0","0","0","0","0","0","1","0","-1"],
  "ROUND54":["0","0","0","0","-1","-1","0","1","1","0","0","0"],
  "ROUND55":["-1","-1","0","0","0","0","1","0","0","0","0","1"],
  "ROUND56":["-1","0","1","0","1","0","0","0","0","-1","1","1"],
  "ROUND57":["0","-1","0","0","1","0","0","0","0","-1","1","1"],
  "ROUND58":["0","-1","0","0","0","1","-1","0","0","1","1","1"],
  "ROUND59":["0","0","0","0","-1","0","0","0","1","1","-1","1"],
  "ROUND60":["1","0","0","0","-1","0","0","-1","0","1","1","1"],
  "ROUND61":["0","-1","1","0","1","0","-1","0","0","1","1","1"],
  "ROUND62":["0","0","1","0","1","0","-1","0","0","-1","1","0"],
  "ROUND63":["0","-1","1","1","0","0","1","0","-1","0","1","1"],
  "ROUND64":["0","0","0","0","0","0","0","-1","0","-1","1","1"],
  "ROUND65":["0","0","-1","1","0","0","0","0","-1","0","1","1"],
  "ROUND66":["1","0","0","0","0","-1","-1","0","0","1","1","1"],
  "ROUND67":["0","0","0","0","0","0","0","0","1","0","-1","-1"],
  "ROUND68":["-1","-1","1","0","0","0","0","0","0","0","1","0"],
  "ROUND69":["0","0","-1","0","0","0","0","-1","0","1","1","1"],
  "ROUND70":["0","-1","0","0","1","0","0","0","1","-1","1","0"],
  "ROUND71":["-1","0","0","0","0","0","0","0","0","1","1","-1"],
  "ROUND72":["0","-1","0","0","0","0","0","0","-1","1","0","1"],
  "ROUND73":["0","0","1","-1","0","0","0","1","-1","1","0","0"],
  "ROUND74":["0","0","0","1","0","0","0","-1","0","1","-1","1"],
  "ROUND75":["0","1","-1","0","0","0","0","0","1","-1","1","0"],
  "ROUND76":["0","0","0","0","-1","0","0","0","0","-1","1","0"],
  "ROUND77":["1","0","0","0","0","0","-1","0","0","0","-1","0"],
  "ROUND78":["0","0","-1","0","0","0","0","-1","0","0","1","0"],
  "ROUND79":["0","0","0","-1","1","-1","0","0","0","0","1","1"],
  "ROUND80":["1","-1","-1","0","1","0","0","0","0","1","0","1"]
}
