{
  "ID":["0","1","2","3","4","5","6","7","8","9","10","11"],
  "ROUND1":["-1","0","0","1","0","1","0","0","0","-1","0","0"],
  "ROUND2":["0","0","0","0","1","-1","0","0","0","1","-1","0"],
  "ROUND3":["0","0","0","1","-1","0","0","0","0","1","0","-1"],
  "ROUND4":["0","0","0","0","0","0","-1","0","0","-1","1","1"],
  "ROUND5":["0","0","0","0","0","1","-1","0","0","0","-1","0"],
  "ROUND6":["-1","-1","0","0","0","1","0","1","1","1","0","0"],
  "ROUND7":["0","0","0","-1","0","0","0","0","1","-1","0","1"],
  "ROUND8":["0","-1","0","1","0","0","0","1","1","1","-1","1"],
  "ROUND9":["-1","0","0","1","0","1","-1","1","0","1","1","0"],
  "ROUND10":["0","0","0","1","1","0","0","0","-1","-1","1","1"],
  "ROUND11":["0","0","-1","0","0","1","1","0","0","-1","0","0"],
  "ROUND12":["0","0","0","0","0","0","0","1","1","-1","0","-1"],
  "ROUND13":["-1","0","0","1","1","0","0","0","0","0","0","-1"],
  "ROUND14":["-1","0","0","0","0","1","-1","0","1","0","0","0"],
  "ROUND15":["-1","0","1","0","0","0","0","0","0","0","0","-1"],
  "ROUND16":["0","0","0","1","0","0","0","0","-1","0","1","-1"],
  "ROUND17":["0","0","0","0","-1","0","1","-1","0","0","0","0"],
  "ROUND18":["0","0","0","-1","1","1","-1","0","0","0","0","0"],
  "ROUND19":["0","0","0","0","0","0","1","-1","1","-1","1","0"],
  "ROUND20":["0","0","0","0","1","1","0","1","-1","1","-1","0"],
  "ROUND21":["0","0","0","-1","0","0","1","0","0","-1","0","0"],
  "ROUND22":["-1","1","-1","0","1","1","0","1","0","0","1","1"],
  "ROUND23":["1","-1","0","0","0","-1","0","0","1","0","0","1"],
  "ROUND24":["0","0","1","0","-1","1","0","1","-1","0","0","0"],
  "ROUND25":["-1","0","1","1","0","0","0","0","1","1","0","-1"],
  "ROUND26":["-1","1","0","1","-1","0","0","1","1","0","0","0"],
  "ROUND27":["-1","0","0","0","1","0","1","0","-1","1","0","0"],
  "ROUND28":["1","-1","0","0","0","0","0","0","-1","0","0","0"],
  "ROUND29":["0","-1","0","1","1","0","0","-1","1","1","0","1"],
  "ROUND30":["1","0","0","0","0","0","-1","-1","0","0","0","0"],
  "ROUND31":["1","0","0","0","1","-1","0","-1","0","0","0","0"],
  "ROUND32":["0","0","0","1","1","-1","0","0","0","1","-1","0"],
  "ROUND33":["0","0","0","0","-1","0","0","0","-1","0","1","0"],
  "ROUND34":["0","0","-1","1","1","0","1","1","0","-1","0","0"],
  "ROUND35":["-1","1","0","0","0","0","0","0","1","-1","0","0"],
  "ROUND36":["0","0","0","0","0","0","-1","-1","1","0","1","0"],
  "ROUND37":["0","0","0","-1","1","0","-1","1","0","1","0","1"],
  "ROUND38":["1","0","0","0","-1","1","0","0","0","0","0","-1"],
  "ROUND39":["0","-1","0","0","1","0","0","0","0","-1","0","0"],
  "ROUND40":["0","0","0","0","0","1","0","1","-1","-1","0","0"],
  "ROUND41":["0","0","1","0","-1","1","-1","0","1","1","0","1"],
  "ROUND42":["0","0","1","-1","0","0","0","0","1","0","-1","0"],
  "ROUND43":["-1","1","1","0","1","0","0","0","1","0","-1","1"],
  "ROUND44":["1","0","0","-1","0","1","0","1","0","-1","1","1"],
  "ROUND45":["0","0","1","1","1","-1","0","0","0","0","1","-1"],
  "ROUND46":["-1","1","0","0","0","0","0","0","-1","0","1","0"],
  "ROUND47":["-1","0","-1","1","0","0","0","1","0","1","1","0"],
  "ROUND48":["1","0","0","1","0","0","0","0","-1","-1","0","0"],
  "ROUND49":["0","-1","0","0","-1","0","1","0","0","0","0","1"],
  "ROUND50":["0","0","1","1","-1","1","0","0","0","1","0","-1"],
  "ROUND51":["0","-1","0","0","1","0","1","1","1","0","0","-1"],
  "ROUND52":["0","0","0","1","-1","0","1","-1","0","0","0","0"],
  "ROUND53":["1","0","0","0","1","0","0","-1","0","-1","0","0"],
  "ROUND54":["0","0","0","0","-1","1","1","0","-1","0","0","1"],
  "ROUND55":["0","0","0","0","-1","0","0","1","1","0","0","-1"],
  "ROUND56":["0","0","0","0","0","0","-1","1","0","1","-1","0"],
  "ROUND57":["1","0","0","0","0","-1","0","0","-1","0","0","0"],
  "ROUND58":["0","0","0","0","0","1","0","-1","-1","1","0","1"],
  "ROUND59":["0","1","0","0","-1","0","1","0","1","-1","1","1"],
  "ROUND60":["0","0","1","0","0","0","0","-1","1","0","0","-1"],
  "ROUND61":["0","0","0","-1","0","0","1","-1","1","0","0","0"],
  "ROUND62":["1","0","-1","0","1","-1","0","0","0","1","1","0"],
  "ROUND63":["1","0","0","0","1","1","0","0","-1","-1","0","1"],
  "ROUND64":["1","0","-1","0","0","0","0","-1","1","0","1","0"],
  "ROUND65":["1","-1","0","0","0","0","0","0","0","0","1","-1"],
  "ROUND66":["0","0","-1","1","0","0","1","0","0","1","1","-1"],
  "ROUND67":["1","0","1","0","1","0","-1","0","0","0","-1","1"],
  "ROUND68":["0","0","0","0","1","-1","1","1","0","1","0","-1"],
  "ROUND69":["0","1","0","0","0","-1","0","0","-1","1","1","0"],
  "ROUND70":["0","0","1","0","-1","0","-1","1","1","0","1","1"],
  "ROUND71":["0","0","1","-1","0","0","0","1","0","0","-1","0"],
  "ROUND72":["1","0","1","1","0","0","0","-1","0","1","-1","0"],
  "ROUND73":["1","0","-1","0","0","0","-1","0","1","0","1","1"],
  "ROUND74":["0","0","0","0","0","-1","-1","0","0","1","0","0"],
  "ROUND75":["0","-1","0","-1","0","0","0","1","0","0","0","0"],
  "ROUND76":["0","0","-1","1","1","0","1","0","0","-1","1","0"],
  "ROUND77":["1","1","0","0","-1","1","0","0","1","1","-1","1"],
  "ROUND78":["0","-1","0","0","0","0","1","0","0","1","-1","0"],
  "ROUND79":["-1","0","0","0","0","1","0","0","0","1","-1","0"],
  "ROUND80":["0","0","-1","0","0","0","1","0","-1","0","1","1"]
}
