{
  "ID":["0","1","2","3","4","5","6","7","8","9","10","11"],
  "ROUND1":["-1","0","-1","0","0","0","0","0","0","0","0","0"],
  "ROUND2":["-1","0","0","0","0","-1","0","0","0","0","0","0"],
  "ROUND3":["0","-1","0","0","0","0","0","0","-1","0","0","0"],
  "ROUND4":["0","-1","0","0","-1","0","0","0","0","0","0","0"],
  "ROUND5":["-1","0","0","-1","0","0","0","0","0","0","0","0"],
  "ROUND6":["0","-1","0","0","0","-1","0","0","0","0","0","0"],
  "ROUND7":["0","0","0","-1","0","0","0","-1","0","0","0","0"],
  "ROUND8":["0","0","0","0","-1","0","0","0","0","0","-1","0"],
  "ROUND9":["0","0","0","-1","0","0","0","0","-1","0","0","0"],
  "ROUND10":["0","-1","0","0","0","-1","0","0","0","0","0","0"],
  "ROUND11":["0","-1","0","-1","0","0","0","0","0","0","0","0"],
  "ROUND12":["0","0","0","-1","0","-1","0","0","0","0","0","0"],
  "ROUND13":["0","0","0","0","0","-1","0","0","0","0","0","-1"],
  "ROUND14":["-1","0","0","0","0","0","0","0","0","0","-1","0"],
  "ROUND15":["0","0","0","0","0","0","0","0","-1","-1","0","0"],
  "ROUND16":["0","0","0","0","0","0","0","-1","0","0","-1","0"],
  "ROUND17":["-1","0","0","0","0","0","0","0","0","0","-1","0"],
  "ROUND18":["0","0","0","0","-1","0","0","0","-1","0","0","0"],
  "ROUND19":["0","-1","0","0","-1","0","0","0","0","0","0","0"],
  "ROUND20":["0","0","0","-1","0","-1","0","0","0","0","0","0"],
  "ROUND21":["-1","0","0","0","0","-1","0","0","0","0","0","0"],
  "ROUND22":["0","0","0","0","0","-1","0","0","0","-1","0","0"],
  "ROUND23":["0","0","-1","-1","0","0","0","0","0","0","0","0"],
  "ROUND24":["0","0","0","0","0","-1","0","-1","0","0","0","0"],
  "ROUND25":["0","0","-1","0","0","-1","0","0","0","0","0","0"],
  "ROUND26":["0","0","0","0","-1","0","0","-1","0","0","0","0"],
  "ROUND27":["0","0","-1","0","0","-1","0","0","0","0","0","0"],
  "ROUND28":["0","0","0","-1","0","0","0","0","0","0","0","-1"],
  "ROUND29":["0","0","0","0","0","-1","0","0","-1","0","0","0"],
  "ROUND30":["0","-1","0","0","0","0","-1","0","0","0","0","0"],
  "ROUND31":["0","0","0","0","-1","0","0","-1","0","0","0","0"],
  "ROUND32":["-1","-1","0","0","0","0","0","0","0","0","0","0"],
  "ROUND33":["0","0","0","0","0","0","-1","0","0","0","0","-1"],
  "ROUND34":["0","0","0","0","0","-1","-1","0","0","0","0","0"],
  "ROUND35":["0","-1","0","0","0","0","-1","0","0","0","0","0"],
  "ROUND36":["0","-1","0","-1","0","0","0","0","0","0","0","0"],
  "ROUND37":["0","0","0","0","0","-1","0","-1","0","0","0","0"],
  "ROUND38":["0","-1","0","0","-1","0","0","0","0","0","0","0"],
  "ROUND39":["0","0","0","0","-1","0","0","0","0","0","-1","0"],
  "ROUND40":["0","0","-1","-1","0","0","0","0","0","0","0","0"],
  "ROUND41":["-1","-1","0","0","0","0","0","0","0","0","0","0"],
  "ROUND42":["0","0","0","-1","0","0","0","0","0","0","-1","0"],
  "ROUND43":["0","0","0","0","0","0","-1","0","0","0","0","-1"],
  "ROUND44":["0","0","0","0","0","0","-1","0","-1","0","0","0"],
  "ROUND45":["0","-1","0","-1","0","0","0","0","0","0","0","0"],
  "ROUND46":["0","0","0","-1","0","0","0","0","0","0","-1","0"],
  "ROUND47":["0","-1","0","0","0","0","0","0","0","0","0","-1"],
  "ROUND48":["0","0","0","0","0","0","-1","0","0","0","-1","0"],
  "ROUND49":["0","0","-1","0","0","0","0","-1","0","0","0","0"],
  "ROUND50":["0","0","-1","0","0","0","0","0","0","-1","0","0"],
  "ROUND51":["0","0","0","0","0","0","0","0","0","0","-1","-1"],
  "ROUND52":["0","0","0","0","0","0","0","0","-1","-1","0","0"],
  "ROUND53":["0","0","-1","-1","0","0","0","0","0","0","0","0"],
  "ROUND54":["0","-1","0","0","0","0","0","0","0","-1","0","0"],
  "ROUND55":["0","0","-1","0","0","0","-1","0","0","0","0","0"],
  "ROUND56":["0","0","0","-1","0","0","0","0","0","-1","0","0"],
  "ROUND57":["0","0","-1","0","0","0","0","0","-1","0","0","0"],
  "ROUND58":["0","0","0","0","-1","-1","0","0","0","0","0","0"],
  "ROUND59":["-1","0","0","0","0","0","0","0","0","0","-1","0"],
  "ROUND60":["0","0","-1","0","0","-1","0","0","0","0","0","0"],
  "ROUND61":["0","0","-1","0","0","0","0","-1","0","0","0","0"],
  "ROUND62":["0","-1","0","0","0","0","-1","0","0","0","0","0"],
  "ROUND63":["0","0","0","0","0","0","0","0","0","0","-1","-1"],
  "ROUND64":["0","0","0","0","0","0","0","-1","0","-1","0","0"],
  "ROUND65":["0","0","0","0","-1","0","0","0","-1","0","0","0"],
  "ROUND66":["0","0","0","-1","0","-1","0","0","0","0","0","0"],
  "ROUND67":["0","0","0","0","0","0","-1","0","0","0","0","-1"],
  "ROUND68":["0","0","-1","0","0","0","0","0","0","0","-1","0"],
  "ROUND69":["0","-1","0","-1","0","0","0","0","0","0","0","0"],
  "ROUND70":["0","-1","0","0","0","0","0","0","0","-1","0","0"],
  "ROUND71":["-1","0","0","0","0","-1","0","0","0","0","0","0"],
  "ROUND72":["0","0","0","0","0","0","0","-1","0","-1","0","0"],
  "ROUND73":["0","0","-1","0","0","0","0","0","0","0","-1","0"],
  "ROUND74":["0","0","0","0","0","0","0","0","-1","-1","0","0"],
  "ROUND75":["0","0","0","0","0","0","0","0","-1","0","0","-1"],
  "ROUND76":["0","0","0","0","0","-1","0","0","-1","0","0","0"],
  "ROUND77":["-1","0","0","0","0","0","0","0","-1","0","0","0"],
  "ROUND78":["0","0","0","0","0","0","-1","0","-1","0","0","0"],
  "ROUND79":["0","0","-1","0","0","0","0","0","0","0","0","-1"],
  "ROUND80":["0","0","0","0","-1","0","0","0","0","0","-1","0"]
}
