{
  "ID":["0","1","2","3","4","5","6","7","8","9","10","11"],
  "ROUND1":["0","0","0","0","0","0","-1","-1","0","0","1","1"],
  "ROUND2":["0","0","-1","-1","0","0","0","0","0","0","1","1"],
  "ROUND3":["-1","0","0","0","0","0","0","0","0","0","-1","1"],
  "ROUND4":["0","0","0","0","-1","0","0","0","-1","0","1","1"],
  "ROUND5":["0","0","0","0","0","-1","0","0","0","0","1","-1"],
  "ROUND6":["0","0","0","-1","0","0","0","0","0","0","-1","1"],
  "ROUND7":["0","-1","0","0","0","0","0","-1","0","0","1","1"],
  "ROUND8":["-1","0","0","0","1","0","0","0","0","-1","1","1"],
  "ROUND9":["0","-1","0","0","-1","0","0","0","0","0","1","1"],
  "ROUND10":["0","0","0","1","0","-1","0","-1","0","0","1","1"],
  "ROUND11":["-1","0","0","0","1","-1","0","0","0","0","1","1"],
  "ROUND12":["1","0","0","0","0","0","0","0","0","-1","1","-1"],
  "ROUND13":["-1","0","-1","0","0","0","0","0","1","0","1","1"],
  "ROUND14":["0","0","0","0","1","-1","0","-1","0","0","1","1"],
  "ROUND15":["0","0","0","-1","0","0","1","-1","1","0","1","1"],
  "ROUND16":["0","0","1","0","0","0","-1","0","0","0","1","-1"],
  "ROUND17":["0","0","0","0","0","0","0","-1","0","0","-1","1"],
  "ROUND18":["1","-1","0","0","1","0","0","0","-1","0","1","1"],
  "ROUND19":["0","0","0","0","0","-1","0","0","-1","1","1","1"],
  "ROUND20":["0","0","0","0","0","0","0","0","-1","1","1","-1"],
  "ROUND21":["0","0","0","-1","1","1","-1","0","0","0","1","1"],
  "ROUND22":["-1","0","-1","0","1","0","0","0","1","0","1","1"],
  "ROUND23":["1","0","-1","0","0","0","0","0","-1","0","1","1"],
  "ROUND24":["0","-1","-1","0","0","0","0","0","1","0","1","1"],
  "ROUND25":["0","0","-1","1","0","0","0","-1","0","1","1","1"],
  "ROUND26":["0","0","0","-1","0","0","-1","0","0","1","1","1"],
  "ROUND27":["0","0","0","-1","0","0","1","0","0","0","1","-1"],
  "ROUND28":["0","0","0","-1","-1","0","0","0","0","0","1","1"],
  "ROUND29":["0","0","0","-1","1","1","0","-1","0","0","1","1"],
  "ROUND30":["1","-1","0","-1","0","0","1","0","0","0","1","1"],
  "ROUND31":["-1","0","0","1","1","0","0","0","0","-1","1","1"],
  "ROUND32":["0","0","0","1","-1","0","-1","0","0","1","1","1"],
  "ROUND33":["-1","0","0","0","0","0","0","0","0","-1","1","1"],
  "ROUND34":["-1","0","-1","0","1","0","1","0","0","0","1","1"],
  "ROUND35":["1","-1","-1","0","0","0","0","0","1","0","1","1"],
  "ROUND36":["0","0","1","-1","0","-1","0","1","0","0","1","1"],
  "ROUND37":["0","1","-1","-1","0","0","0","0","0","1","1","1"],
  "ROUND38":["-1","0","0","1","0","-1","0","1","0","0","1","1"],
  "ROUND39":["0","-1","1","0","0","0","0","0","0","0","-1","1"],
  "ROUND40":["0","-1","0","-1","0","0","1","0","1","0","1","1"],
  "ROUND41":["0","-1","0","1","0","-1","0","0","1","0","1","1"],
  "ROUND42":["0","0","0","0","0","0","0","0","-1","1","-1","1"],
  "ROUND43":["0","0","0","0","0","1","0","0","-1","0","-1","1"],
  "ROUND44":["-1","0","-1","0","0","0","0","0","0","0","1","1"],
  "ROUND45":["1","0","1","-1","0","0","-1","0","0","0","1","1"],
  "ROUND46":["0","1","1","0","0","0","-1","0","-1","0","1","1"],
  "ROUND47":["0","0","0","1","1","0","-1","0","-1","0","1","1"],
  "ROUND48":["0","0","0","1","-1","0","-1","0","1","0","1","1"],
  "ROUND49":["-1","0","0","-1","0","0","1","0","0","1","1","1"],
  "ROUND50":["0","0","0","-1","0","0","1","0","0","0","-1","1"],
  "ROUND51":["-1","0","0","1","0","1","-1","0","0","0","1","1"],
  "ROUND52":["0","0","0","1","0","0","0","0","-1","0","-1","1"],
  "ROUND53":["1","0","0","0","-1","0","1","0","0","-1","1","1"],
  "ROUND54":["0","0","0","0","1","0","0","0","-1","0","-1","1"],
  "ROUND55":["0","-1","0","0","0","-1","0","1","0","1","1","1"],
  "ROUND56":["-1","0","0","-1","0","1","0","0","1","0","1","1"],
  "ROUND57":["-1","0","1","0","0","0","-1","0","0","1","1","1"],
  "ROUND58":["1","0","0","1","-1","0","0","-1","0","0","1","1"],
  "ROUND59":["-1","0","0","0","1","-1","0","1","0","0","1","1"],
  "ROUND60":["0","0","0","0","0","0","0","0","1","-1","1","-1"],
  "ROUND61":["0","-1","0","0","1","0","0","1","0","-1","1","1"],
  "ROUND62":["1","-1","1","-1","0","0","0","0","0","0","1","1"],
  "ROUND63":["1","0","0","0","1","-1","0","0","-1","0","1","1"],
  "ROUND64":["0","-1","0","0","0","1","-1","0","1","0","1","1"],
  "ROUND65":["1","0","0","0","0","-1","0","0","-1","0","1","1"],
  "ROUND66":["1","0","0","-1","0","-1","1","0","0","0","1","1"],
  "ROUND67":["-1","0","0","-1","1","0","0","1","0","0","1","1"],
  "ROUND68":["0","1","0","0","0","0","0","0","0","-1","1","-1"],
  "ROUND69":["-1","0","1","0","0","0","0","0","0","0","-1","1"],
  "ROUND70":["0","0","0","-1","0","-1","0","0","0","0","1","1"],
  "ROUND71":["0","-1","0","0","0","-1","0","0","0","0","1","1"],
  "ROUND72":["0","0","0","0","0","1","0","-1","0","0","-1","1"],
  "ROUND73":["-1","0","-1","0","0","0","1","0","1","0","1","1"],
  "ROUND74":["1","0","0","0","0","0","1","-1","-1","0","1","1"],
  "ROUND75":["1","-1","0","1","-1","0","0","0","0","0","1","1"],
  "ROUND76":["-1","1","0","0","0","-1","0","1","0","0","1","1"],
  "ROUND77":["-1","0","-1","0","0","0","0","1","1","0","1","1"],
  "ROUND78":["0","0","-1","0","0","0","0","1","0","0","1","-1"],
  "ROUND79":["1","-1","0","0","0","0","0","1","-1","0","1","1"],
  "ROUND80":["0","1","0","0","0","1","0","-1","0","-1","1","1"]
}
