{
  "ID":["0","1","2","3","4","5","6","7","8","9","10","11"],
  "ROUND1":["0","1","0","0","1","0","1","1","-1","-1","0","1"],
  "ROUND2":["0","0","0","0","1","0","-1","1","0","0","-1","1"],
  "ROUND3":["0","0","0","0","1","-1","-1","1","0","1","0","0"],
  "ROUND4":["1","0","0","1","0","-1","0","-1","0","0","0","1"],
  "ROUND5":["0","0","0","0","0","0","-1","1","0","0","1","-1"],
  "ROUND6":["0","0","0","0","0","0","1","0","0","-1","-1","0"],
  "ROUND7":["-1","1","-1","0","0","1","0","0","0","0","1","1"],
  "ROUND8":["0","1","0","0","0","0","0","0","1","-1","-1","1"],
  "ROUND9":["1","0","1","0","0","-1","1","-1","1","0","0","0"],
  "ROUND10":["0","0","-1","0","1","0","0","1","0","0","1","-1"],
  "ROUND11":["-1","0","1","0","1","0","0","0","-1","0","0","0"],
  "ROUND12":["0","0","0","0","1","-1","0","1","-1","0","1","0"],
  "ROUND13":["0","0","0","0","1","1","0","0","0","-1","-1","1"],
  "ROUND14":["-1","-1","0","0","1","1","0","0","0","1","0","0"],
  "ROUND15":["0","0","0","0","1","0","0","1","1","0","-1","-1"],
  "ROUND16":["1","0","1","-1","0","0","-1","0","0","0","0","1"],
  "ROUND17":["0","1","0","0","0","0","0","1","1","-1","-1","0"],
  "ROUND18":["0","1","0","0","0","0","0","0","1","-1","0","-1"],
  "ROUND19":["0","0","0","0","0","-1","1","-1","0","1","1","0"],
  "ROUND20":["-1","1","0","0","1","0","1","0","0","0","0","-1"],
  "ROUND21":["0","0","-1","1","0","0","1","0","0","1","-1","1"],
  "ROUND22":["1","0","1","-1","-1","0","0","0","1","0","0","0"],
  "ROUND23":["-1","0","1","0","0","0","-1","0","0","0","0","1"],
  "ROUND24":["-1","1","0","0","0","0","0","1","-1","1","0","0"],
  "ROUND25":["0","1","0","-1","0","0","0","0","-1","0","0","0"],
  "ROUND26":["0","0","0","1","0","0","-1","1","0","-1","0","0"],
  "ROUND27":["0","0","-1","0","0","1","-1","0","0","0","1","0"],
  "ROUND28":["1","0","0","0","-1","-1","0","0","0","0","0","0"],
  "ROUND29":["0","0","-1","0","-1","0","0","1","1","0","1","1"],
  "ROUND30":["0","-1","0","0","1","0","0","0","0","0","-1","1"],
  "ROUND31":["0","0","1","0","1","1","-1","0","1","-1","0","0"],
  "ROUND32":["0","0","-1","0","0","1","0","0","1","1","0","-1"],
  "ROUND33":["0","-1","-1","0","0","0","1","1","0","0","1","0"],
  "ROUND34":["-1","0","0","1","0","0","0","0","0","0","0","-1"],
  "ROUND35":["0","1","0","0","0","-1","1","1","0","-1","0","0"],
  "ROUND36":["0","0","0","0","-1","-1","0","0","0","1","1","0"],
  "ROUND37":["-1","0","0","1","0","-1","0","1","1","0","1","0"],
  "ROUND38":["0","-1","-1","1","1","0","0","0","1","0","1","0"],
  "ROUND39":["1","0","0","-1","1","-1","0","0","1","0","1","1"],
  "ROUND40":["1","-1","1","0","-1","1","1","0","0","0","1","0"],
  "ROUND41":["-1","0","0","0","0","1","0","-1","1","1","0","1"],
  "ROUND42":["1","0","-1","0","1","1","0","0","0","-1","0","1"],
  "ROUND43":["1","-1","1","0","0","0","0","-1","0","1","0","0"],
  "ROUND44":["0","1","0","1","0","-1","0","0","-1","0","0","0"],
  "ROUND45":["0","0","0","-1","1","0","0","1","0","-1","0","0"],
  "ROUND46":["0","0","1","0","0","0","-1","-1","0","0","0","1"],
  "ROUND47":["0","0","0","1","0","1","0","-1","1","-1","1","1"],
  "ROUND48":["0","0","1","-1","1","1","-1","0","0","0","0","0"],
  "ROUND49":["0","0","0","-1","0","0","1","0","1","0","0","-1"],
  "ROUND50":["0","-1","0","0","-1","1","0","0","0","0","0","0"],
  "ROUND51":["0","1","0","-1","0","0","1","-1","0","0","0","1"],
  "ROUND52":["0","1","0","-1","0","0","0","-1","1","0","0","0"],
  "ROUND53":["0","0","1","1","-1","0","1","0","1","0","-1","1"],
  "ROUND54":["1","-1","1","1","1","0","0","1","1","-1","1","1"],
  "ROUND55":["0","0","-1","-1","0","0","1","1","0","1","0","0"],
  "ROUND56":["1","0","0","0","-1","0","1","0","-1","0","0","0"],
  "ROUND57":["0","0","0","-1","0","0","0","1","0","0","0","-1"],
  "ROUND58":["0","0","1","1","-1","0","-1","0","1","0","0","0"],
  "ROUND59":["-1","1","0","0","1","1","1","0","-1","0","1","0"],
  "ROUND60":["0","1","0","-1","0","0","0","0","-1","1","1","0"],
  "ROUND61":["0","1","0","-1","-1","0","1","0","1","0","0","0"],
  "ROUND62":["0","1","0","1","0","0","0","-1","0","-1","0","0"],
  "ROUND63":["0","-1","0","0","1","0","0","0","0","-1","0","0"],
  "ROUND64":["0","0","0","0","1","-1","0","-1","1","0","0","1"],
  "ROUND65":["0","0","0","1","0","0","0","1","0","-1","0","-1"],
  "ROUND66":["1","0","0","0","0","0","-1","0","0","0","0","-1"],
  "ROUND67":["0","0","0","-1","0","0","1","0","-1","1","1","0"],
  "ROUND68":["1","0","0","1","0","1","0","-1","1","1","0","-1"],
  "ROUND69":["0","0","1","1","0","0","1","-1","0","-1","0","0"],
  "ROUND70":["1","0","0","-1","0","0","0","-1","1","0","0","0"],
  "ROUND71":["0","1","1","0","1","0","0","-1","1","0","0","-1"],
  "ROUND72":["0","0","-1","0","-1","0","0","0","1","1","0","0"],
  "ROUND73":["0","1","0","0","-1","0","0","0","0","-1","0","1"],
  "ROUND74":["0","0","0","-1","1","0","-1","1","0","0","1","0"],
  "ROUND75":["0","0","1","-1","0","-1","0","0","1","0","0","1"],
  "ROUND76":["-1","1","0","1","0","1","-1","0","1","0","0","1"],
  "ROUND77":["0","0","-1","0","-1","1","1","0","1","0","0","0"],
  "ROUND78":["-1","1","1","-1","0","0","0","0","0","0","0","1"],
  "ROUND79":["0","0","0","0","-1","1","0","-1","0","0","0","0"],
  "ROUND80":["1","-1","0","0","0","0","1","1","0","-1","1","1"]
}
