{
  "ID":["0","1","2","3","4","5","6","7","8","9","10","11"],
  "ROUND1":["0","0","0","0","0","0","0","-1","0","0","-1","0"],
  "ROUND2":["0","0","-1","0","-1","0","0","0","0","0","0","0"],
  "ROUND3":["0","0","0","0","0","0","0","0","0","0","-1","-1"],
  "ROUND4":["0","-1","0","-1","0","0","0","0","0","0","0","0"],
  "ROUND5":["0","0","0","0","0","-1","0","-1","0","0","0","0"],
  "ROUND6":["-1","0","0","-1","0","0","0","0","0","0","0","0"],
  "ROUND7":["0","0","0","0","0","0","-1","0","0","0","0","-1"],
  "ROUND8":["0","0","0","0","-1","0","0","-1","0","0","0","0"],
  "ROUND9":["0","0","0","0","-1","-1","0","0","0","0","0","0"],
  "ROUND10":["0","0","0","0","-1","0","0","-1","0","0","0","0"],
  "ROUND11":["0","-1","0","0","0","0","0","0","0","0","0","-1"],
  "ROUND12":["0","0","0","0","0","0","0","-1","0","0","0","-1"],
  "ROUND13":["-1","0","0","0","0","0","0","0","0","0","-1","0"],
  "ROUND14":["0","0","0","0","0","0","0","0","0","0","-1","-1"],
  "ROUND15":["0","-1","0","0","0","0","0","0","-1","0","0","0"],
  "ROUND16":["0","0","-1","0","0","0","0","0","0","0","0","-1"],
  "ROUND17":["0","0","0","0","0","-1","0","0","0","0","0","-1"],
  "ROUND18":["-1","0","0","0","0","0","0","0","0","-1","0","0"],
  "ROUND19":["0","0","0","0","0","0","0","0","-1","-1","0","0"],
  "ROUND20":["0","0","0","0","0","-1","0","0","0","0","-1","0"],
  "ROUND21":["0","0","0","-1","0","-1","0","0","0","0","0","0"],
  "ROUND22":["0","0","0","-1","0","0","0","0","0","0","0","-1"],
  "ROUND23":["0","0","-1","0","0","0","0","-1","0","0","0","0"],
  "ROUND24":["0","0","0","-1","0","0","0","0","0","-1","0","0"],
  "ROUND25":["0","0","0","-1","0","0","0","0","0","0","0","-1"],
  "ROUND26":["-1","0","0","0","0","0","0","0","0","0","0","-1"],
  "ROUND27":["0","0","0","0","0","0","0","0","-1","0","-1","0"],
  "ROUND28":["0","0","-1","0","0","0","0","0","-1","0","0","0"],
  "ROUND29":["-1","0","0","0","0","0","0","0","0","0","-1","0"],
  "ROUND30":["0","0","0","-1","0","0","0","0","-1","0","0","0"],
  "ROUND31":["0","0","-1","0","0","0","0","0","-1","0","0","0"],
  "ROUND32":["0","0","0","0","-1","0","-1","0","0","0","0","0"],
  "ROUND33":["0","0","0","-1","0","0","0","0","0","0","-1","0"],
  "ROUND34":["0","0","0","-1","0","0","0","0","-1","0","0","0"],
  "ROUND35":["0","0","0","0","-1","0","0","0","0","0","0","-1"],
  "ROUND36":["-1","0","0","0","0","0","0","0","0","0","-1","0"],
  "ROUND37":["0","0","0","0","-1","0","0","0","0","0","0","-1"],
  "ROUND38":["-1","0","0","0","0","-1","0","0","0","0","0","0"],
  "ROUND39":["0","0","0","0","0","-1","-1","0","0","0","0","0"],
  "ROUND40":["0","0","0","0","0","0","0","0","0","-1","0","-1"],
  "ROUND41":["0","0","0","-1","0","0","0","0","0","0","0","-1"],
  "ROUND42":["-1","0","0","0","0","0","0","0","0","0","-1","0"],
  "ROUND43":["0","0","0","0","0","-1","0","0","-1","0","0","0"],
  "ROUND44":["-1","0","0","0","0","0","-1","0","0","0","0","0"],
  "ROUND45":["0","-1","-1","0","0","0","0","0","0","0","0","0"],
  "ROUND46":["0","0","0","0","0","-1","0","0","-1","0","0","0"],
  "ROUND47":["0","0","0","0","-1","-1","0","0","0","0","0","0"],
  "ROUND48":["0","0","0","-1","0","0","0","0","0","0","-1","0"],
  "ROUND49":["0","0","-1","0","0","-1","0","0","0","0","0","0"],
  "ROUND50":["-1","0","0","0","0","-1","0","0","0","0","0","0"],
  "ROUND51":["-1","0","0","0","0","0","0","-1","0","0","0","0"],
  "ROUND52":["0","0","0","0","0","0","0","0","0","0","-1","-1"],
  "ROUND53":["0","-1","0","0","0","0","0","0","0","0","0","-1"],
  "ROUND54":["0","0","0","0","0","0","0","0","0","-1","0","-1"],
  "ROUND55":["0","-1","-1","0","0","0","0","0","0","0","0","0"],
  "ROUND56":["-1","0","0","0","0","0","0","-1","0","0","0","0"],
  "ROUND57":["0","0","0","0","0","0","0","0","0","-1","0","-1"],
  "ROUND58":["-1","0","0","0","0","0","0","0","0","-1","0","0"],
  "ROUND59":["-1","0","0","0","0","0","-1","0","0","0","0","0"],
  "ROUND60":["0","-1","0","0","0","0","0","0","0","0","0","-1"],
  "ROUND61":["0","0","0","-1","0","0","0","0","0","-1","0","0"],
  "ROUND62":["-1","0","0","0","0","0","0","0","-1","0","0","0"],
  "ROUND63":["0","0","0","0","-1","0","-1","0","0","0","0","0"],
  "ROUND64":["0","0","0","0","0","0","0","-1","0","0","-1","0"],
  "ROUND65":["0","0","0","0","0","-1","-1","0","0","0","0","0"],
  "ROUND66":["0","0","0","0","-1","0","0","0","0","0","-1","0"],
  "ROUND67":["-1","0","0","0","0","0","-1","0","0","0","0","0"],
  "ROUND68":["0","0","0","-1","0","-1","0","0","0","0","0","0"],
  "ROUND69":["0","0","0","0","0","-1","0","0","0","-1","0","0"],
  "ROUND70":["-1","0","0","0","0","0","0","-1","0","0","0","0"],
  "ROUND71":["0","0","0","0","0","0","0","-1","0","0","-1","0"],
  "ROUND72":["0","0","-1","-1","0","0","0","0","0","0","0","0"],
  "ROUND73":["0","0","0","0","0","0","-1","-1","0","0","0","0"],
  "ROUND74":["0","0","0","-1","0","-1","0","0","0","0","0","0"],
  "ROUND75":["0","-1","0","0","0","0","-1","0","0","0","0","0"],
  "ROUND76":["0","0","-1","0","-1","0","0","0","0","0","0","0"],
  "ROUND77":["-1","0","0","0","0","0","0","-1","0","0","0","0"],
  "ROUND78":["0","0","0","0","0","-1","0","0","-1","0","0","0"],
  "ROUND79":["0","-1","0","0","0","-1","0","0","0","0","0","0"],
  "ROUND80":["0","0","0","0","0","-1","0","-1","0","0","0","0"]
}
