{
  "ID":["0","1","2","3","4","5","6","7","8","9","10","11"],
  "ROUND1":["0","0","0","0","0","-1","0","0","0","1","1","-1"],
  "ROUND2":["0","0","-1","0","-1","0","0","0","0","0","1","1"],
  "ROUND3":["0","0","0","0","-1","0","0","0","0","0","0","-1"],
  "ROUND4":["0","0","-1","0","0","0","0","0","0","1","1","-1"],
  "ROUND5":["0","1","0","0","0","0","-1","0","-1","1","0","1"],
  "ROUND6":["0","-1","0","0","0","0","0","-1","0","0","0","0"],
  "ROUND7":["-1","-1","0","0","0","0","0","0","0","1","1","1"],
  "ROUND8":["-1","0","0","0","0","0","0","0","0","1","-1","1"],
  "ROUND9":["0","0","0","0","0","-1","0","0","0","1","1","-1"],
  "ROUND10":["0","0","0","0","0","0","0","0","-1","-1","0","0"],
  "ROUND11":["0","0","0","-1","0","1","-1","0","1","1","0","1"],
  "ROUND12":["-1","-1","0","0","0","0","0","0","0","1","1","1"],
  "ROUND13":["0","0","0","-1","-1","0","0","0","0","1","1","1"],
  "ROUND14":["-1","0","-1","0","0","1","0","0","1","1","0","1"],
  "ROUND15":["0","-1","0","0","0","0","1","0","0","1","1","-1"],
  "ROUND16":["0","0","0","0","0","0","0","0","0","-1","1","-1"],
  "ROUND17":["0","-1","0","0","0","1","0","0","-1","1","1","1"],
  "ROUND18":["-1","0","0","0","0","1","0","0","0","1","-1","0"],
  "ROUND19":["0","-1","0","1","0","0","0","0","0","1","-1","1"],
  "ROUND20":["0","-1","0","0","0","0","1","0","0","0","1","-1"],
  "ROUND21":["0","0","0","0","0","0","-1","0","1","-1","1","1"],
  "ROUND22":["0","0","0","0","0","1","0","0","0","1","-1","-1"],
  "ROUND23":["0","-1","0","1","0","0","0","0","0","1","1","-1"],
  "ROUND24":["0","0","-1","-1","1","0","0","1","0","1","1","1"],
  "ROUND25":["0","0","0","0","0","1","-1","0","0","0","-1","0"],
  "ROUND26":["0","0","0","0","0","0","-1","0","0","-1","1","1"],
  "ROUND27":["0","0","0","-1","0","0","0","0","0","1","1","-1"],
  "ROUND28":["-1","-1","1","0","0","1","0","0","0","0","1","1"],
  "ROUND29":["0","1","-1","0","0","0","0","0","0","1","1","-1"],
  "ROUND30":["0","1","0","0","0","-1","0","1","0","1","1","-1"],
  "ROUND31":["0","0","0","0","0","0","-1","0","0","-1","1","0"],
  "ROUND32":["0","1","0","-1","0","0","-1","0","0","1","1","1"],
  "ROUND33":["0","1","-1","0","-1","0","0","0","0","0","0","1"],
  "ROUND34":["-1","0","0","-1","0","0","0","0","1","1","0","1"],
  "ROUND35":["0","0","0","1","-1","0","-1","0","0","0","0","0"],
  "ROUND36":["0","0","0","-1","0","0","0","0","-1","0","1","1"],
  "ROUND37":["1","-1","0","0","0","0","0","0","1","0","-1","1"],
  "ROUND38":["1","0","-1","1","0","0","0","-1","0","1","1","1"],
  "ROUND39":["0","0","0","0","0","0","0","-1","1","0","-1","0"],
  "ROUND40":["-1","0","0","0","0","-1","0","0","0","1","1","1"],
  "ROUND41":["0","-1","0","0","1","0","0","0","0","1","-1","1"],
  "ROUND42":["0","0","0","0","0","-1","1","0","0","1","-1","0"],
  "ROUND43":["0","0","0","0","0","0","0","0","0","1","-1","-1"],
  "ROUND44":["0","-1","1","0","0","0","0","-1","0","0","1","1"],
  "ROUND45":["0","0","-1","0","0","0","0","0","0","0","1","-1"],
  "ROUND46":["-1","0","1","0","1","-1","0","0","0","1","1","1"],
  "ROUND47":["0","1","0","0","0","0","0","0","0","1","-1","-1"],
  "ROUND48":["0","0","0","-1","1","0","0","1","0","1","1","-1"],
  "ROUND49":["0","0","-1","0","1","0","0","0","-1","1","1","1"],
  "ROUND50":["-1","0","0","1","1","1","-1","0","0","1","1","1"],
  "ROUND51":["0","0","0","-1","1","1","0","0","0","0","0","-1"],
  "ROUND52":["0","0","0","0","0","0","1","0","-1","-1","0","1"],
  "ROUND53":["0","-1","0","0","0","0","0","1","0","-1","1","1"],
  "ROUND54":["0","1","-1","0","1","-1","0","0","0","1","1","0"],
  "ROUND55":["0","0","0","0","0","0","0","0","1","-1","-1","1"],
  "ROUND56":["0","0","0","0","0","0","-1","0","1","1","0","-1"],
  "ROUND57":["0","-1","1","0","-1","0","1","0","0","0","0","0"],
  "ROUND58":["0","0","-1","0","1","-1","0","1","0","0","1","1"],
  "ROUND59":["0","0","0","0","1","-1","-1","1","0","0","1","1"],
  "ROUND60":["0","0","0","0","-1","-1","0","0","0","1","1","1"],
  "ROUND61":["0","1","1","0","0","0","-1","0","0","-1","1","0"],
  "ROUND62":["0","0","0","0","1","0","0","0","-1","1","1","-1"],
  "ROUND63":["0","0","0","0","1","0","-1","0","0","1","-1","0"],
  "ROUND64":["0","0","-1","0","0","0","0","0","0","-1","1","1"],
  "ROUND65":["0","0","0","0","0","0","1","0","0","-1","1","-1"],
  "ROUND66":["-1","1","0","-1","0","0","0","0","0","0","1","1"],
  "ROUND67":["-1","0","1","0","0","1","0","0","0","0","-1","0"],
  "ROUND68":["1","0","-1","1","1","0","0","0","-1","0","1","0"],
  "ROUND69":["0","0","0","0","0","1","1","0","-1","-1","0","1"],
  "ROUND70":["0","0","0","0","0","-1","0","0","-1","1","1","1"],
  "ROUND71":["-1","1","0","0","1","0","0","1","-1","1","0","1"],
  "ROUND72":["0","0","-1","0","0","0","0","0","-1","1","1","1"],
  "ROUND73":["0","0","0","0","-1","0","1","-1","0","0","1","1"],
  "ROUND74":["0","0","0","0","0","0","0","0","0","-1","-1","1"],
  "ROUND75":["0","0","0","1","0","0","0","0","-1","0","-1","1"],
  "ROUND76":["0","0","0","1","-1","0","-1","1","1","1","1","1"],
  "ROUND77":["-1","0","0","0","0","0","1","0","0","-1","0","1"],
  "ROUND78":["0","0","-1","0","0","0","0","-1","0","1","1","1"],
  "ROUND79":["0","1","0","0","-1","0","0","0","0","1","-1","1"],
  "ROUND80":["0","0","0","0","0","0","0","-1","1","1","1","-1"]
}
