{
  "ID":["0","1","2","3","4","5","6","7","8","9","10","11"],
  "ROUND1":["0","-1","0","0","1","0","-1","1","1","0","1","1"],
  "ROUND2":["0","-1","1","0","1","0","1","1","-1","0","1","1"],
  "ROUND3":["0","0","0","0","0","1","1","-1","1","1","-1","0"],
  "ROUND4":["-1","0","0","0","-1","1","0","0","1","0","0","0"],
  "ROUND5":["0","0","-1","0","0","0","0","0","-1","0","1","1"],
  "ROUND6":["0","0","-1","0","1","0","0","1","1","1","1","-1"],
  "ROUND7":["1","1","0","0","1","1","-1","1","0","1","-1","0"],
  "ROUND8":["0","0","0","1","1","-1","1","0","-1","0","1","1"],
  "ROUND9":["0","-1","1","0","0","1","1","1","1","0","-1","0"],
  "ROUND10":["0","-1","0","0","1","1","0","0","1","0","-1","0"],
  "ROUND11":["-1","0","0","0","0","-1","0","0","1","0","0","0"],
  "ROUND12":["1","1","0","0","1","-1","0","0","1","1","-1","1"],
  "ROUND13":["0","0","-1","0","1","1","-1","0","1","1","1","1"],
  "ROUND14":["1","1","0","-1","1","0","0","1","1","-1","1","0"],
  "ROUND15":["1","0","0","0","0","-1","0","1","1","-1","0","0"],
  "ROUND16":["1","0","-1","0","1","0","1","-1","1","1","0","1"],
  "ROUND17":["0","0","0","-1","0","1","1","1","1","1","0","-1"],
  "ROUND18":["0","0","0","-1","0","0","1","1","1","0","-1","1"],
  "ROUND19":["0","1","1","1","-1","0","-1","1","1","0","0","0"],
  "ROUND20":["0","1","0","0","0","-1","1","1","-1","0","0","0"],
  "ROUND21":["-1","1","1","0","-1","0","0","0","1","0","1","1"],
  "ROUND22":["0","0","-1","0","1","1","1","0","1","-1","1","0"],
  "ROUND23":["0","-1","1","0","1","0","1","1","-1","0","1","0"],
  "ROUND24":["-1","0","0","1","0","1","0","0","-1","0","1","1"],
  "ROUND25":["0","-1","0","0","1","1","1","0","-1","0","1","0"],
  "ROUND26":["1","0","0","1","0","-1","1","0","1","1","0","-1"],
  "ROUND27":["0","-1","-1","0","1","0","0","0","1","0","1","1"],
  "ROUND28":["1","1","0","0","-1","0","0","1","1","1","-1","0"],
  "ROUND29":["1","0","1","0","1","-1","0","1","0","-1","1","1"],
  "ROUND30":["1","-1","0","1","0","1","0","0","0","-1","1","1"],
  "ROUND31":["0","-1","0","0","-1","0","0","0","0","1","1","0"],
  "ROUND32":["0","1","1","-1","0","0","-1","1","0","1","0","1"],
  "ROUND33":["0","1","0","1","1","0","0","-1","1","0","-1","1"],
  "ROUND34":["1","0","0","1","1","1","-1","1","1","1","-1","1"],
  "ROUND35":["0","0","1","-1","0","1","0","1","1","-1","0","0"],
  "ROUND36":["0","1","1","0","1","1","1","-1","0","-1","1","0"],
  "ROUND37":["1","0","-1","1","0","0","1","0","0","1","0","-1"],
  "ROUND38":["-1","0","1","-1","1","1","0","0","1","1","1","0"],
  "ROUND39":["0","0","0","0","0","0","1","1","-1","-1","0","0"],
  "ROUND40":["-1","0","0","-1","1","0","1","1","0","0","0","1"],
  "ROUND41":["-1","1","-1","1","1","0","1","1","1","0","0","0"],
  "ROUND42":["0","0","0","-1","1","0","1","0","1","0","-1","1"],
  "ROUND43":["1","1","1","0","0","0","1","1","1","-1","1","-1"],
  "ROUND44":["0","0","0","-1","0","0","0","1","0","1","-1","1"],
  "ROUND45":["0","0","1","1","0","-1","0","-1","1","0","1","0"],
  "ROUND46":["1","1","0","0","-1","0","1","1","0","-1","1","1"],
  "ROUND47":["1","1","0","1","1","1","1","1","-1","-1","0","0"],
  "ROUND48":["1","1","1","0","-1","1","0","1","-1","1","0","0"],
  "ROUND49":["1","1","0","0","0","0","1","1","-1","0","1","-1"],
  "ROUND50":["0","-1","0","1","0","1","-1","0","0","0","0","0"],
  "ROUND51":["0","1","-1","1","-1","1","0","0","1","0","1","1"],
  "ROUND52":["0","0","-1","0","0","0","1","1","0","-1","0","1"],
  "ROUND53":["1","0","0","1","1","-1","-1","1","1","0","1","1"],
  "ROUND54":["-1","1","0","0","1","0","-1","0","1","0","0","0"],
  "ROUND55":["-1","1","0","0","0","0","0","1","1","0","-1","0"],
  "ROUND56":["0","0","-1","1","1","1","1","0","0","0","-1","1"],
  "ROUND57":["1","0","-1","0","0","0","0","1","-1","1","1","1"],
  "ROUND58":["1","0","0","0","1","1","1","1","-1","1","1","-1"],
  "ROUND59":["-1","0","1","0","1","0","0","-1","0","0","1","1"],
  "ROUND60":["1","1","0","0","0","1","0","0","-1","0","1","-1"],
  "ROUND61":["1","0","0","1","0","1","1","0","1","1","-1","-1"],
  "ROUND62":["1","0","1","0","1","-1","0","1","-1","1","1","0"],
  "ROUND63":["0","0","0","1","1","0","-1","0","0","1","-1","0"],
  "ROUND64":["1","1","-1","0","1","0","1","1","1","-1","1","1"],
  "ROUND65":["0","0","1","0","0","0","0","0","-1","1","-1","1"],
  "ROUND66":["0","1","-1","1","1","0","0","-1","1","0","1","1"],
  "ROUND67":["1","-1","1","-1","1","1","0","0","0","1","0","1"],
  "ROUND68":["1","0","-1","0","1","1","1","-1","1","1","0","0"],
  "ROUND69":["1","1","1","0","0","0","0","0","1","-1","-1","1"],
  "ROUND70":["1","0","-1","0","1","-1","1","0","0","1","0","1"],
  "ROUND71":["1","0","0","1","0","-1","0","1","1","0","-1","1"],
  "ROUND72":["0","1","0","-1","-1","0","0","0","0","1","1","1"],
  "ROUND73":["-1","1","0","1","1","1","-1","1","0","1","1","1"],
  "ROUND74":["0","1","-1","-1","1","0","0","1","0","1","1","0"],
  "ROUND75":["0","0","0","1","1","1","-1","0","1","0","-1","1"],
  "ROUND76":["0","1","0","1","0","1","0","1","1","1","-1","-1"],
  "ROUND77":["0","0","0","-1","-1","1","1","0","1","1","0","1"],
  "ROUND78":["-1","0","0","1","0","1","1","0","0","-1","1","1"],
  "ROUND79":["-1","0","0","0","1","1","1","0","1","-1","0","1"],
  "ROUND80":["1","-1","1","-1","0","1","0","1","1","0","1","0"]
}
