{
  "ID":["0","1","2","3","4","5","6","7","8","9","10","11"],
  "ROUND1":["0","0","0","0","0","0","1","1","1","1","-1","-1"],
  "ROUND2":["0","-1","0","0","0","0","1","-1","1","1","1","1"],
  "ROUND3":["-1","0","0","-1","0","1","1","1","1","1","1","1"],
  "ROUND4":["0","0","0","-1","0","0","1","1","1","1","-1","1"],
  "ROUND5":["0","1","1","0","-1","-1","1","1","1","1","1","1"],
  "ROUND6":["0","1","0","1","0","1","1","-1","-1","1","1","1"],
  "ROUND7":["-1","0","0","0","0","0","1","-1","1","1","1","1"],
  "ROUND8":["1","1","-1","0","0","0","1","-1","1","1","1","1"],
  "ROUND9":["0","1","1","-1","-1","0","1","1","1","1","1","1"],
  "ROUND10":["-1","1","0","0","0","0","1","-1","1","1","1","1"],
  "ROUND11":["0","0","0","0","-1","-1","1","1","1","1","1","1"],
  "ROUND12":["-1","0","0","0","1","-1","1","1","1","1","1","1"],
  "ROUND13":["1","0","0","0","0","0","1","-1","-1","1","1","1"],
  "ROUND14":["0","0","1","-1","0","-1","1","1","1","1","1","1"],
  "ROUND15":["1","1","-1","0","1","1","1","1","1","1","-1","1"],
  "ROUND16":["0","1","0","-1","0","-1","1","1","1","1","1","1"],
  "ROUND17":["-1","0","0","-1","0","0","1","1","1","1","1","1"],
  "ROUND18":["1","1","1","1","-1","0","1","1","-1","1","1","1"],
  "ROUND19":["1","1","0","1","-1","0","1","-1","1","1","1","1"],
  "ROUND20":["0","0","0","1","1","0","1","1","1","-1","-1","1"],
  "ROUND21":["1","1","-1","1","-1","1","1","1","1","1","1","1"],
  "ROUND22":["1","1","0","0","1","-1","1","1","1","-1","1","1"],
  "ROUND23":["1","-1","1","0","1","0","1","-1","1","1","1","1"],
  "ROUND24":["0","1","-1","-1","0","1","1","1","1","1","1","1"],
  "ROUND25":["1","1","0","1","-1","1","1","-1","1","1","1","1"],
  "ROUND26":["-1","1","0","0","-1","0","1","1","1","1","1","1"],
  "ROUND27":["0","-1","-1","1","0","1","1","1","1","1","1","1"],
  "ROUND28":["1","1","1","1","-1","-1","1","1","1","1","1","1"],
  "ROUND29":["0","0","1","0","-1","0","1","-1","1","1","1","1"],
  "ROUND30":["1","-1","0","1","0","1","1","-1","1","1","1","1"],
  "ROUND31":["-1","1","1","0","0","1","1","1","1","-1","1","1"],
  "ROUND32":["1","1","0","0","1","-1","-1","1","1","1","1","1"],
  "ROUND33":["0","0","0","1","0","1","-1","-1","1","1","1","1"],
  "ROUND34":["1","-1","1","-1","1","0","1","1","1","1","1","1"],
  "ROUND35":["0","1","-1","0","0","0","-1","1","1","1","1","1"],
  "ROUND36":["0","-1","1","1","0","1","1","-1","1","1","1","1"],
  "ROUND37":["1","1","1","1","1","-1","1","1","1","1","1","-1"],
  "ROUND38":["0","-1","0","1","1","1","1","1","-1","1","1","1"],
  "ROUND39":["0","0","-1","0","1","0","1","1","1","1","-1","1"],
  "ROUND40":["-1","0","1","0","1","1","1","-1","1","1","1","1"],
  "ROUND41":["0","1","0","1","-1","1","1","1","1","1","1","-1"],
  "ROUND42":["-1","1","0","0","1","1","1","1","1","-1","1","1"],
  "ROUND43":["0","-1","0","0","0","1","1","-1","1","1","1","1"],
  "ROUND44":["0","0","0","0","0","0","1","1","-1","-1","1","1"],
  "ROUND45":["-1","-1","1","1","1","1","1","1","1","1","1","1"],
  "ROUND46":["1","-1","1","1","1","1","-1","1","1","1","1","1"],
  "ROUND47":["0","1","1","1","1","0","-1","1","-1","1","1","1"],
  "ROUND48":["-1","0","0","1","1","1","1","1","-1","1","1","1"],
  "ROUND49":["-1","1","0","0","-1","1","1","1","1","1","1","1"],
  "ROUND50":["0","0","0","1","1","0","-1","-1","1","1","1","1"],
  "ROUND51":["0","0","0","-1","0","0","-1","1","1","1","1","1"],
  "ROUND52":["1","0","1","0","1","1","1","1","-1","1","-1","1"],
  "ROUND53":["0","1","1","1","0","1","1","-1","-1","1","1","1"],
  "ROUND54":["-1","0","-1","1","0","1","1","1","1","1","1","1"],
  "ROUND55":["1","0","0","0","1","0","1","1","1","-1","1","-1"],
  "ROUND56":["0","1","1","-1","-1","0","1","1","1","1","1","1"],
  "ROUND57":["1","0","1","-1","1","0","1","1","1","-1","1","1"],
  "ROUND58":["1","1","0","1","-1","0","1","1","1","-1","1","1"],
  "ROUND59":["-1","1","-1","1","1","1","1","1","1","1","1","1"],
  "ROUND60":["1","0","0","1","0","0","1","1","1","-1","-1","1"],
  "ROUND61":["1","0","0","0","0","1","1","1","-1","1","1","-1"],
  "ROUND62":["0","0","0","1","0","1","1","1","1","-1","-1","1"],
  "ROUND63":["1","-1","0","1","0","1","1","1","1","-1","1","1"],
  "ROUND64":["0","0","-1","0","1","0","1","1","1","1","1","-1"],
  "ROUND65":["0","0","0","0","-1","1","1","1","-1","1","1","1"],
  "ROUND66":["1","-1","1","1","1","1","1","1","1","-1","1","1"],
  "ROUND67":["0","0","1","1","1","-1","1","1","1","-1","1","1"],
  "ROUND68":["0","0","0","1","1","0","-1","1","-1","1","1","1"],
  "ROUND69":["1","1","0","0","1","-1","-1","1","1","1","1","1"],
  "ROUND70":["0","1","1","0","0","0","1","1","1","-1","1","-1"],
  "ROUND71":["1","0","0","1","0","0","1","-1","1","1","-1","1"],
  "ROUND72":["0","1","1","1","1","0","1","1","-1","-1","1","1"],
  "ROUND73":["1","1","0","1","1","0","-1","1","1","1","1","-1"],
  "ROUND74":["1","0","0","1","-1","1","1","1","1","1","-1","1"],
  "ROUND75":["0","0","-1","1","0","0","1","1","-1","1","1","1"],
  "ROUND76":["1","1","0","1","0","1","1","1","1","-1","-1","1"],
  "ROUND77":["-1","1","0","0","1","1","1","1","-1","1","1","1"],
  "ROUND78":["1","0","-1","0","0","0","1","-1","1","1","1","1"],
  "ROUND79":["1","-1","0","1","0","1","1","1","1","-1","1","1"],
  "ROUND80":["0","-1","1","0","1","1","1","1","1","1","-1","1"]
}
