{
  "ID":["0","1","2","3","4","5","6","7","8","9","10","11"],
  "ROUND1":["-1","0","1","-1","0","0","0","0","1","0","1","1"],
  "ROUND2":["0","-1","1","0","-1","0","1","0","0","0","0","1"],
  "ROUND3":["0","0","-1","-1","0","0","0","1","1","1","0","1"],
  "ROUND4":["0","1","-1","-1","0","0","1","0","0","1","0","0"],
  "ROUND5":["0","1","0","1","1","0","0","-1","-1","0","1","1"],
  "ROUND6":["-1","0","0","0","1","0","0","0","1","0","-1","1"],
  "ROUND7":["-1","0","0","1","0","0","0","1","0","0","-1","0"],
  "ROUND8":["0","1","0","0","-1","1","0","0","1","0","-1","1"],
  "ROUND9":["0","1","0","0","-1","1","0","1","-1","1","0","0"],
  "ROUND10":["1","0","-1","0","1","0","1","0","0","1","1","-1"],
  "ROUND11":["0","1","-1","1","1","-1","1","0","0","1","0","0"],
  "ROUND12":["1","0","0","0","0","-1","1","1","1","1","0","-1"],
  "ROUND13":["1","0","0","0","1","-1","0","1","0","0","-1","0"],
  "ROUND14":["1","0","0","1","0","1","-1","0","1","1","1","-1"],
  "ROUND15":["0","-1","1","1","0","1","0","-1","0","1","1","0"],
  "ROUND16":["-1","0","0","0","0","1","0","-1","1","1","1","0"],
  "ROUND17":["0","1","1","1","1","1","0","0","-1","1","-1","0"],
  "ROUND18":["1","0","1","1","-1","0","0","0","1","0","0","-1"],
  "ROUND19":["1","1","1","1","1","-1","-1","0","1","0","0","1"],
  "ROUND20":["1","0","0","0","0","0","-1","0","1","0","0","-1"],
  "ROUND21":["-1","1","1","1","1","0","-1","0","1","1","1","0"],
  "ROUND22":["0","-1","0","0","0","0","0","1","0","-1","1","1"],
  "ROUND23":["0","0","1","1","-1","1","0","-1","0","1","0","0"],
  "ROUND24":["0","0","0","-1","0","0","-1","0","1","0","1","0"],
  "ROUND25":["0","0","0","0","1","0","-1","0","1","1","-1","1"],
  "ROUND26":["1","1","1","1","1","0","0","0","1","-1","0","-1"],
  "ROUND27":["0","0","-1","0","0","-1","1","0","1","1","1","0"],
  "ROUND28":["0","-1","0","0","1","0","0","-1","0","0","0","1"],
  "ROUND29":["0","-1","1","1","0","-1","1","0","1","0","1","0"],
  "ROUND30":["0","0","1","0","0","0","1","-1","-1","1","0","0"],
  "ROUND31":["-1","0","-1","0","0","1","1","1","1","0","0","1"],
  "ROUND32":["0","1","1","-1","1","-1","1","1","0","0","0","0"],
  "ROUND33":["0","-1","0","0","1","0","1","1","1","1","0","-1"],
  "ROUND34":["0","1","-1","0","1","0","0","1","0","0","0","-1"],
  "ROUND35":["-1","1","0","1","1","1","0","1","0","0","0","-1"],
  "ROUND36":["0","-1","0","-1","0","0","0","1","1","0","0","0"],
  "ROUND37":["1","0","-1","0","0","0","-1","1","1","0","0","1"],
  "ROUND38":["-1","0","0","1","-1","0","0","0","0","0","0","1"],
  "ROUND39":["0","0","0","-1","0","0","1","1","-1","1","1","1"],
  "ROUND40":["0","0","1","1","1","0","1","-1","-1","0","0","1"],
  "ROUND41":["1","0","-1","1","1","0","-1","1","0","1","0","0"],
  "ROUND42":["0","1","0","1","1","1","0","-1","0","1","-1","1"],
  "ROUND43":["1","-1","0","0","0","-1","1","1","1","1","1","0"],
  "ROUND44":["0","0","0","-1","-1","0","0","0","0","1","0","0"],
  "ROUND45":["1","0","0","0","1","1","0","1","1","1","-1","-1"],
  "ROUND46":["-1","0","-1","0","1","1","0","0","0","0","0","1"],
  "ROUND47":["-1","0","-1","1","1","1","0","1","0","0","0","0"],
  "ROUND48":["0","1","1","-1","0","1","-1","1","1","0","0","1"],
  "ROUND49":["0","0","1","0","1","0","1","0","1","1","-1","-1"],
  "ROUND50":["1","0","0","0","1","-1","0","0","1","1","0","-1"],
  "ROUND51":["0","0","1","1","-1","1","-1","0","1","0","0","0"],
  "ROUND52":["1","1","0","1","0","1","0","1","1","-1","0","-1"],
  "ROUND53":["1","1","0","1","0","1","-1","-1","1","1","0","1"],
  "ROUND54":["0","1","0","0","-1","0","0","0","1","1","1","-1"],
  "ROUND55":["0","-1","0","0","1","0","0","0","0","-1","1","1"],
  "ROUND56":["0","1","-1","-1","0","0","0","0","0","1","1","1"],
  "ROUND57":["1","-1","0","1","0","1","1","1","-1","1","0","1"],
  "ROUND58":["0","1","0","0","1","1","0","-1","0","-1","1","0"],
  "ROUND59":["0","1","0","0","-1","1","1","-1","1","0","0","1"],
  "ROUND60":["1","0","1","1","0","0","0","0","1","1","-1","-1"],
  "ROUND61":["0","1","-1","1","1","-1","0","0","0","1","1","0"],
  "ROUND62":["1","1","0","-1","0","1","0","-1","0","0","1","0"],
  "ROUND63":["1","0","1","1","-1","0","0","0","0","0","-1","1"],
  "ROUND64":["1","-1","-1","1","0","1","0","0","0","1","1","0"],
  "ROUND65":["1","1","1","-1","1","0","0","1","0","0","0","-1"],
  "ROUND66":["1","-1","1","0","0","0","0","-1","0","0","1","1"],
  "ROUND67":["1","0","0","0","0","-1","-1","0","0","0","1","0"],
  "ROUND68":["-1","0","0","0","0","0","1","0","0","-1","0","1"],
  "ROUND69":["-1","1","0","-1","1","1","1","0","0","1","0","1"],
  "ROUND70":["0","-1","0","0","0","1","1","0","1","1","-1","1"],
  "ROUND71":["1","-1","-1","0","0","0","0","1","1","1","0","1"],
  "ROUND72":["1","0","1","0","-1","0","-1","0","0","0","1","1"],
  "ROUND73":["1","1","0","-1","0","1","0","0","0","1","-1","0"],
  "ROUND74":["-1","0","1","0","1","-1","0","0","0","0","0","1"],
  "ROUND75":["0","-1","1","1","1","1","0","0","1","-1","0","0"],
  "ROUND76":["0","0","0","0","0","-1","0","0","0","0","0","-1"],
  "ROUND77":["0","1","0","0","0","-1","-1","0","0","1","1","1"],
  "ROUND78":["1","-1","0","0","1","0","0","0","1","0","0","-1"],
  "ROUND79":["1","1","-1","0","1","1","0","0","1","1","-1","0"],
  "ROUND80":["-1","0","0","0","0","0","0","1","1","1","-1","0"]
}
