{
  "ID":["0","1","2","3","4","5","6","7","8","9","10","11"],
  "ROUND1":["-1","0","0","0","0","0","-1","0","0","0","0","0"],
  "ROUND2":["0","0","0","-1","0","-1","0","0","1","0","0","0"],
  "ROUND3":["0","0","0","0","0","0","-1","1","0","0","-1","0"],
  "ROUND4":["-1","0","0","0","0","0","0","0","-1","0","0","0"],
  "ROUND5":["0","0","-1","0","-1","0","0","0","1","0","0","0"],
  "ROUND6":["0","0","0","0","-1","0","0","-1","0","0","1","1"],
  "ROUND7":["0","0","0","0","-1","0","0","-1","0","0","0","1"],
  "ROUND8":["0","1","-1","0","0","0","0","-1","0","0","0","0"],
  "ROUND9":["0","-1","0","0","0","-1","0","0","0","0","0","0"],
  "ROUND10":["1","0","-1","0","0","0","0","1","0","0","0","-1"],
  "ROUND11":["0","0","0","0","0","0","-1","-1","0","0","0","1"],
  "ROUND12":["0","0","0","0","0","-1","0","0","0","0","0","-1"],
  "ROUND13":["0","0","0","0","0","0","0","-1","-1","0","0","0"],
  "ROUND14":["0","-1","0","0","0","0","0","0","0","-1","0","0"],
  "ROUND15":["0","0","0","-1","0","0","0","-1","0","1","0","1"],
  "ROUND16":["0","-1","0","1","0","1","0","0","0","-1","0","0"],
  "ROUND17":["0","0","0","0","-1","0","0","0","0","-1","0","0"],
  "ROUND18":["-1","1","0","0","-1","0","0","1","0","0","0","0"],
  "ROUND19":["0","0","0","0","0","-1","1","0","1","-1","1","0"],
  "ROUND20":["0","0","0","0","0","0","0","-1","0","0","-1","1"],
  "ROUND21":["0","0","0","0","0","0","-1","-1","1","0","1","0"],
  "ROUND22":["0","-1","0","0","1","0","1","0","0","1","0","-1"],
  "ROUND23":["0","0","-1","0","-1","0","0","0","0","0","0","0"],
  "ROUND24":["0","-1","0","0","0","0","0","0","-1","0","0","0"],
  "ROUND25":["0","0","-1","0","0","0","0","0","0","-1","0","0"],
  "ROUND26":["-1","0","0","0","0","-1","0","0","1","0","0","0"],
  "ROUND27":["0","0","0","0","0","-1","0","0","-1","1","0","0"],
  "ROUND28":["0","0","0","-1","0","0","0","0","0","-1","1","0"],
  "ROUND29":["1","0","-1","0","0","0","0","-1","0","0","1","0"],
  "ROUND30":["0","0","-1","0","1","-1","0","0","0","0","0","0"],
  "ROUND31":["0","0","0","0","-1","0","-1","1","0","0","0","0"],
  "ROUND32":["0","1","0","0","0","0","0","0","0","-1","0","-1"],
  "ROUND33":["0","0","0","0","1","0","-1","0","1","1","-1","0"],
  "ROUND34":["0","0","0","0","-1","0","0","0","0","0","-1","0"],
  "ROUND35":["0","0","-1","0","0","0","0","0","0","0","0","-1"],
  "ROUND36":["0","-1","1","0","0","0","0","1","0","1","1","-1"],
  "ROUND37":["0","0","-1","0","0","0","0","-1","0","0","0","0"],
  "ROUND38":["0","0","-1","-1","0","0","0","1","0","0","0","0"],
  "ROUND39":["0","1","0","0","0","0","0","0","0","-1","-1","0"],
  "ROUND40":["0","0","0","0","1","0","-1","0","0","0","1","-1"],
  "ROUND41":["0","-1","0","0","0","0","0","0","-1","0","0","0"],
  "ROUND42":["-1","0","1","0","-1","0","0","0","0","1","0","1"],
  "ROUND43":["-1","0","0","0","0","0","-1","0","0","0","0","0"],
  "ROUND44":["0","1","0","-1","-1","1","0","0","0","0","0","0"],
  "ROUND45":["0","0","0","0","1","0","0","0","-1","0","0","-1"],
  "ROUND46":["0","-1","0","-1","0","0","0","1","0","0","0","0"],
  "ROUND47":["0","-1","0","0","-1","0","0","1","0","0","1","0"],
  "ROUND48":["0","0","0","-1","0","0","0","1","0","0","0","-1"],
  "ROUND49":["-1","0","1","0","-1","0","0","0","0","1","0","0"],
  "ROUND50":["0","0","0","0","-1","0","0","0","0","-1","0","0"],
  "ROUND51":["-1","0","1","0","0","0","0","-1","1","1","0","0"],
  "ROUND52":["0","0","1","0","-1","-1","0","0","1","1","0","1"],
  "ROUND53":["0","0","-1","-1","0","0","0","0","0","0","1","0"],
  "ROUND54":["-1","0","0","-1","0","0","0","0","0","0","1","0"],
  "ROUND55":["0","0","0","0","0","0","0","0","-1","1","-1","1"],
  "ROUND56":["0","0","0","-1","1","0","0","-1","0","0","0","0"],
  "ROUND57":["0","0","-1","-1","0","0","0","0","0","0","0","0"],
  "ROUND58":["0","1","0","-1","0","0","0","0","0","1","0","-1"],
  "ROUND59":["0","1","0","0","0","0","0","0","0","1","-1","-1"],
  "ROUND60":["0","0","-1","0","0","0","0","0","0","-1","0","0"],
  "ROUND61":["0","0","0","0","0","0","0","0","0","-1","-1","0"],
  "ROUND62":["0","0","0","0","0","0","-1","1","1","1","-1","1"],
  "ROUND63":["0","0","0","0","-1","0","0","1","0","-1","0","0"],
  "ROUND64":["0","0","-1","0","0","0","-1","0","1","0","0","1"],
  "ROUND65":["0","-1","1","-1","0","0","0","0","0","1","0","0"],
  "ROUND66":["1","0","0","1","0","0","-1","-1","1","1","0","0"],
  "ROUND67":["-1","0","0","0","0","0","0","0","0","0","0","-1"],
  "ROUND68":["0","0","0","-1","0","0","0","0","0","-1","0","1"],
  "ROUND69":["1","1","-1","0","0","0","0","0","0","-1","0","0"],
  "ROUND70":["0","0","0","0","0","-1","0","0","0","-1","0","0"],
  "ROUND71":["0","0","0","0","0","0","0","0","0","-1","-1","0"],
  "ROUND72":["0","1","0","0","-1","-1","0","0","0","0","1","0"],
  "ROUND73":["0","0","0","-1","0","0","0","0","0","0","0","-1"],
  "ROUND74":["0","-1","0","0","0","0","-1","1","1","0","1","1"],
  "ROUND75":["0","0","-1","-1","0","0","0","0","0","0","0","0"],
  "ROUND76":["1","0","0","0","0","1","0","0","0","-1","0","-1"],
  "ROUND77":["0","0","1","1","0","-1","0","0","1","0","-1","0"],
  "ROUND78":["-1","0","0","0","-1","0","0","0","0","0","0","0"],
  "ROUND79":["0","0","-1","0","0","0","0","0","0","0","-1","0"],
  "ROUND80":["0","1","0","-1","0","0","0","-1","0","0","0","0"]
}
