{
  "ID":["0","1","2","3","4","5","6","7","8","9","10","11"],
  "ROUND1":["-1","0","0","-1","0","0","0","0","0","0","1","1"],
  "ROUND2":["0","0","0","0","-1","-1","0","0","0","0","1","1"],
  "ROUND3":["0","0","0","0","0","0","-1","-1","0","0","0","1"],
  "ROUND4":["0","0","0","0","0","0","0","0","-1","0","-1","0"],
  "ROUND5":["-1","0","0","0","0","-1","0","0","0","0","1","1"],
  "ROUND6":["0","0","0","0","0","0","0","0","0","0","-1","-1"],
  "ROUND7":["0","0","-1","0","-1","0","0","0","0","0","0","1"],
  "ROUND8":["0","0","0","0","-1","0","0","0","0","0","1","-1"],
  "ROUND9":["0","-1","0","1","0","0","0","-1","0","0","1","1"],
  "ROUND10":["0","0","-1","0","0","0","0","-1","0","0","1","1"],
  "ROUND11":["0","0","0","-1","0","0","0","0","-1","1","0","0"],
  "ROUND12":["0","0","0","0","0","0","0","0","0","0","-1","-1"],
  "ROUND13":["0","0","0","0","-1","0","0","0","0","0","-1","0"],
  "ROUND14":["0","0","0","0","-1","0","0","0","0","0","1","-1"],
  "ROUND15":["0","0","0","0","0","-1","0","0","0","-1","1","0"],
  "ROUND16":["-1","0","0","0","0","0","-1","0","0","0","0","0"],
  "ROUND17":["0","1","0","0","-1","0","0","0","0","-1","1","1"],
  "ROUND18":["0","0","0","0","0","0","1","-1","0","-1","1","1"],
  "ROUND19":["0","0","0","0","1","0","-1","0","0","-1","1","1"],
  "ROUND20":["0","0","0","0","0","1","-1","0","0","0","0","-1"],
  "ROUND21":["-1","0","0","-1","0","1","1","0","0","0","0","0"],
  "ROUND22":["0","0","0","-1","1","0","0","1","0","-1","0","1"],
  "ROUND23":["0","0","-1","0","0","0","0","0","0","0","0","-1"],
  "ROUND24":["0","0","0","0","0","0","-1","0","0","0","-1","1"],
  "ROUND25":["0","1","-1","0","0","0","0","0","0","0","-1","1"],
  "ROUND26":["0","0","0","0","0","0","0","-1","0","0","0","-1"],
  "ROUND27":["0","1","-1","0","0","0","0","0","0","0","0","-1"],
  "ROUND28":["0","0","0","0","0","-1","0","0","0","0","0","-1"],
  "ROUND29":["0","0","0","0","1","0","0","0","-1","-1","1","0"],
  "ROUND30":["0","0","1","-1","0","0","-1","0","0","0","1","1"],
  "ROUND31":["-1","0","0","-1","0","0","0","1","0","0","1","0"],
  "ROUND32":["0","-1","0","1","0","0","-1","0","0","0","0","1"],
  "ROUND33":["-1","1","0","-1","0","0","0","0","0","0","0","1"],
  "ROUND34":["0","0","0","-1","0","-1","0","0","0","0","0","1"],
  "ROUND35":["1","0","0","0","-1","0","0","0","0","0","-1","1"],
  "ROUND36":["0","0","1","0","0","0","-1","0","0","-1","1","0"],
  "ROUND37":["0","0","0","0","0","0","0","0","-1","0","-1","0"],
  "ROUND38":["0","1","0","-1","0","0","-1","0","0","0","0","0"],
  "ROUND39":["0","0","0","0","0","0","0","-1","-1","0","0","1"],
  "ROUND40":["0","0","0","-1","0","0","0","0","-1","0","1","1"],
  "ROUND41":["1","0","-1","0","0","0","-1","0","0","0","0","1"],
  "ROUND42":["-1","0","0","0","0","0","0","0","-1","0","0","1"],
  "ROUND43":["0","0","0","0","-1","0","0","0","0","0","1","-1"],
  "ROUND44":["0","0","0","0","1","-1","0","1","0","-1","1","0"],
  "ROUND45":["-1","0","0","0","0","0","0","-1","0","0","1","1"],
  "ROUND46":["0","0","0","-1","1","0","0","0","0","-1","1","1"],
  "ROUND47":["0","0","0","0","0","-1","0","1","0","0","1","-1"],
  "ROUND48":["0","-1","0","0","0","0","1","-1","0","0","0","1"],
  "ROUND49":["0","0","0","0","1","0","0","-1","0","0","-1","1"],
  "ROUND50":["0","0","-1","0","1","0","0","0","0","0","1","-1"],
  "ROUND51":["0","0","0","0","0","0","0","0","0","0","-1","-1"],
  "ROUND52":["0","0","1","0","-1","0","0","0","0","-1","0","0"],
  "ROUND53":["-1","0","0","0","0","0","0","0","0","-1","1","1"],
  "ROUND54":["0","0","0","0","0","0","0","0","0","0","-1","-1"],
  "ROUND55":["1","0","1","0","0","-1","0","0","-1","0","0","1"],
  "ROUND56":["0","0","0","0","0","0","1","0","-1","-1","1","0"],
  "ROUND57":["0","-1","1","1","0","0","-1","0","0","0","1","1"],
  "ROUND58":["0","-1","0","0","0","0","0","0","-1","0","1","1"],
  "ROUND59":["0","0","0","0","1","0","-1","-1","0","0","1","1"],
  "ROUND60":["0","0","-1","0","1","-1","0","0","0","0","1","0"],
  "ROUND61":["1","0","0","0","0","-1","0","1","0","-1","1","0"],
  "ROUND62":["-1","0","0","-1","0","0","0","1","1","0","0","1"],
  "ROUND63":["0","0","1","1","-1","0","0","-1","0","0","1","0"],
  "ROUND64":["0","0","0","0","0","0","0","0","-1","0","-1","1"],
  "ROUND65":["-1","0","0","0","0","0","0","0","0","0","-1","1"],
  "ROUND66":["0","0","0","0","-1","0","0","0","1","0","-1","1"],
  "ROUND67":["0","1","0","-1","-1","0","0","0","0","0","1","0"],
  "ROUND68":["0","0","0","0","0","0","0","0","0","0","-1","-1"],
  "ROUND69":["0","0","0","-1","0","0","0","0","0","0","-1","1"],
  "ROUND70":["0","-1","0","0","0","0","-1","0","1","0","1","0"],
  "ROUND71":["-1","0","0","0","0","1","-1","0","0","0","0","1"],
  "ROUND72":["0","1","0","0","0","0","-1","-1","0","1","1","1"],
  "ROUND73":["0","0","0","-1","0","1","-1","0","0","0","1","1"],
  "ROUND74":["-1","0","-1","1","0","0","1","0","0","0","1","1"],
  "ROUND75":["0","-1","-1","0","0","0","0","1","0","0","1","1"],
  "ROUND76":["0","0","0","0","0","0","-1","0","1","0","-1","1"],
  "ROUND77":["-1","-1","0","0","0","1","0","0","0","0","1","0"],
  "ROUND78":["0","0","1","-1","0","0","1","0","0","-1","0","1"],
  "ROUND79":["0","-1","0","0","-1","0","0","1","0","1","1","0"],
  "ROUND80":["0","-1","0","-1","0","0","1","0","0","1","0","1"]
}
