{
  "ID":["0","1","2","3","4","5","6","7","8","9","10","11"],
  "ROUND1":["0","0","0","0","1","1","1","-1","1","1","-1","0"],
  "ROUND2":["0","0","0","0","1","-1","0","1","1","1","-1","1"],
  "ROUND3":["1","0","0","-1","1","1","1","-1","1","1","1","1"],
  "ROUND4":["0","1","-1","0","-1","1","1","0","1","1","1","1"],
  "ROUND5":["0","-1","1","-1","1","1","1","1","1","1","1","1"],
  "ROUND6":["1","-1","0","0","1","-1","1","0","1","1","1","1"],
  "ROUND7":["1","0","-1","0","1","0","0","1","1","1","1","-1"],
  "ROUND8":["0","0","1","0","1","-1","1","1","1","1","-1","0"],
  "ROUND9":["1","-1","-1","0","0","1","1","1","1","1","1","1"],
  "ROUND10":["-1","-1","0","0","1","1","1","1","1","1","1","1"],
  "ROUND11":["-1","0","0","1","-1","1","1","1","1","1","1","1"],
  "ROUND12":["0","-1","0","1","-1","1","1","1","1","1","1","1"],
  "ROUND13":["1","1","1","1","1","-1","1","1","1","1","0","-1"],
  "ROUND14":["0","1","-1","1","1","-1","1","1","1","0","1","0"],
  "ROUND15":["0","0","1","-1","0","1","1","1","-1","1","1","1"],
  "ROUND16":["1","1","1","-1","1","1","1","0","1","1","1","-1"],
  "ROUND17":["-1","0","0","0","1","-1","1","1","1","1","0","1"],
  "ROUND18":["0","1","0","1","-1","1","1","-1","1","1","1","1"],
  "ROUND19":["-1","-1","1","1","1","1","1","1","1","1","1","1"],
  "ROUND20":["-1","-1","0","1","1","1","1","0","1","1","1","1"],
  "ROUND21":["0","0","1","1","-1","1","1","-1","1","1","1","1"],
  "ROUND22":["0","0","0","1","1","-1","1","1","-1","1","1","1"],
  "ROUND23":["1","1","-1","1","1","1","1","1","-1","1","1","1"],
  "ROUND24":["0","1","1","1","-1","1","0","1","0","1","-1","1"],
  "ROUND25":["0","1","-1","0","1","1","-1","1","1","1","1","1"],
  "ROUND26":["0","0","0","1","0","1","-1","1","1","1","-1","1"],
  "ROUND27":["1","0","1","-1","1","1","1","1","0","0","-1","1"],
  "ROUND28":["1","-1","1","1","-1","1","1","1","1","1","0","1"],
  "ROUND29":["1","1","1","1","1","1","1","-1","1","1","1","-1"],
  "ROUND30":["0","1","1","0","0","0","1","-1","-1","1","0","1"],
  "ROUND31":["0","0","1","1","1","-1","-1","0","1","1","1","1"],
  "ROUND32":["1","0","1","0","0","1","-1","0","-1","1","1","1"],
  "ROUND33":["1","-1","0","1","1","1","1","0","-1","0","1","1"],
  "ROUND34":["-1","1","1","-1","1","1","1","1","0","1","1","1"],
  "ROUND35":["-1","1","1","1","1","1","1","-1","1","1","1","1"],
  "ROUND36":["0","0","1","0","1","1","1","1","1","-1","-1","1"],
  "ROUND37":["0","1","1","0","-1","-1","1","1","1","1","1","1"],
  "ROUND38":["1","-1","1","-1","1","1","0","1","1","1","1","1"],
  "ROUND39":["1","0","0","0","1","1","1","1","1","-1","-1","1"],
  "ROUND40":["1","1","-1","-1","0","1","1","1","1","1","1","1"],
  "ROUND41":["1","-1","1","1","0","0","-1","1","1","0","1","1"],
  "ROUND42":["0","0","1","1","1","0","1","1","-1","1","1","-1"],
  "ROUND43":["0","0","1","-1","1","1","0","1","1","-1","1","1"],
  "ROUND44":["0","1","-1","0","-1","0","0","1","1","1","0","0"],
  "ROUND45":["1","-1","0","0","1","0","1","1","1","0","-1","1"],
  "ROUND46":["0","1","1","-1","1","1","1","1","1","0","-1","1"],
  "ROUND47":["1","1","0","1","-1","1","0","-1","1","1","1","1"],
  "ROUND48":["1","1","-1","1","0","1","1","1","1","-1","1","1"],
  "ROUND49":["1","1","-1","0","1","1","1","1","1","-1","1","1"],
  "ROUND50":["0","1","-1","1","1","1","-1","1","1","1","1","1"],
  "ROUND51":["1","1","0","0","1","-1","1","-1","1","1","1","1"],
  "ROUND52":["0","0","-1","0","1","1","1","1","-1","1","1","1"],
  "ROUND53":["1","1","-1","1","1","-1","1","1","1","0","1","1"],
  "ROUND54":["1","0","1","-1","1","1","-1","1","1","1","1","0"],
  "ROUND55":["1","-1","1","1","1","-1","1","1","1","1","1","1"],
  "ROUND56":["1","-1","1","1","0","1","-1","1","1","1","1","1"],
  "ROUND57":["1","0","0","1","1","1","-1","1","1","-1","1","1"],
  "ROUND58":["1","1","1","1","-1","-1","1","1","1","1","1","1"],
  "ROUND59":["0","-1","1","-1","0","1","1","1","1","1","1","1"],
  "ROUND60":["1","1","1","1","-1","-1","1","1","1","0","0","1"],
  "ROUND61":["0","0","-1","0","1","1","1","1","1","-1","1","1"],
  "ROUND62":["0","0","-1","-1","0","1","1","1","0","0","1","1"],
  "ROUND63":["1","0","0","1","1","1","-1","-1","1","1","1","1"],
  "ROUND64":["1","1","1","-1","1","1","1","1","1","1","1","-1"],
  "ROUND65":["1","-1","1","1","1","-1","1","1","1","1","0","1"],
  "ROUND66":["1","1","1","-1","1","1","1","1","1","1","1","-1"],
  "ROUND67":["-1","1","-1","1","1","1","1","1","1","1","1","0"],
  "ROUND68":["1","-1","0","0","0","-1","1","1","1","1","1","1"],
  "ROUND69":["0","0","0","0","1","1","-1","1","-1","0","1","1"],
  "ROUND70":["0","1","1","-1","1","1","-1","1","1","1","1","1"],
  "ROUND71":["1","1","1","1","1","1","1","-1","-1","1","1","1"],
  "ROUND72":["0","-1","1","0","1","1","-1","1","1","1","1","1"],
  "ROUND73":["0","-1","1","0","1","-1","1","1","1","1","1","1"],
  "ROUND74":["-1","1","1","1","1","-1","1","1","1","1","1","1"],
  "ROUND75":["1","1","1","1","0","1","1","-1","1","1","-1","1"],
  "ROUND76":["1","1","1","1","1","1","1","-1","1","1","-1","1"],
  "ROUND77":["1","-1","1","1","1","1","1","1","0","1","-1","1"],
  "ROUND78":["-1","-1","1","1","1","1","1","1","1","1","1","1"],
  "ROUND79":["-1","1","1","1","1","-1","1","1","1","1","1","1"],
  "ROUND80":["1","1","0","0","-1","1","1","1","1","-1","1","1"]
}
