{
  "ID":["0","1","2","3","4","5","6","7","8","9","10","11"],
  "ROUND1":["0","0","0","0","0","-1","0","0","0","1","0","-1"],
  "ROUND2":["0","0","0","-1","0","0","0","0","-1","1","1","1"],
  "ROUND3":["0","0","0","-1","0","0","0","0","-1","1","1","1"],
  "ROUND4":["0","0","-1","0","0","0","0","-1","0","1","1","1"],
  "ROUND5":["0","0","0","-1","0","0","0","0","-1","0","1","1"],
  "ROUND6":["0","0","0","0","0","0","0","0","0","1","-1","-1"],
  "ROUND7":["0","0","-1","1","-1","0","0","0","0","1","1","1"],
  "ROUND8":["0","-1","0","-1","0","0","0","0","0","1","1","1"],
  "ROUND9":["0","0","0","0","0","0","1","0","-1","0","1","-1"],
  "ROUND10":["0","0","1","0","0","0","-1","1","0","1","1","-1"],
  "ROUND11":["0","0","-1","0","0","0","0","0","-1","1","1","0"],
  "ROUND12":["0","0","-1","1","0","0","-1","0","0","0","0","1"],
  "ROUND13":["0","0","0","0","1","0","0","0","-1","-1","0","1"],
  "ROUND14":["0","0","0","-1","0","0","0","0","1","1","-1","1"],
  "ROUND15":["0","-1","0","0","0","0","0","0","1","1","0","-1"],
  "ROUND16":["0","0","0","0","0","0","0","-1","0","1","-1","1"],
  "ROUND17":["0","0","0","0","1","0","0","-1","0","1","-1","0"],
  "ROUND18":["-1","0","0","1","0","0","0","0","0","1","-1","0"],
  "ROUND19":["0","0","1","0","0","0","-1","1","0","0","-1","1"],
  "ROUND20":["0","0","0","0","-1","0","0","0","0","1","-1","1"],
  "ROUND21":["0","0","0","0","0","-1","0","0","-1","1","1","1"],
  "ROUND22":["0","1","0","0","-1","-1","0","0","1","1","1","1"],
  "ROUND23":["0","0","0","0","0","0","0","-1","1","0","-1","1"],
  "ROUND24":["0","0","0","0","1","-1","1","-1","1","1","1","1"],
  "ROUND25":["0","1","0","0","0","-1","-1","0","1","1","0","1"],
  "ROUND26":["0","-1","0","0","1","0","0","0","0","-1","1","1"],
  "ROUND27":["0","0","1","0","1","0","0","0","-1","1","1","-1"],
  "ROUND28":["0","0","0","0","0","-1","0","0","0","1","-1","1"],
  "ROUND29":["1","0","1","0","0","0","-1","0","0","0","-1","1"],
  "ROUND30":["0","-1","0","-1","0","0","1","0","1","1","1","1"],
  "ROUND31":["0","0","1","0","0","0","-1","0","-1","1","1","1"],
  "ROUND32":["0","1","1","0","0","0","1","-1","-1","1","1","0"],
  "ROUND33":["1","0","0","-1","0","0","1","0","0","1","-1","1"],
  "ROUND34":["0","0","0","0","1","0","0","0","-1","1","-1","1"],
  "ROUND35":["0","0","0","0","1","-1","-1","0","0","1","1","1"],
  "ROUND36":["1","0","0","-1","1","0","0","1","-1","0","1","1"],
  "ROUND37":["-1","-1","0","0","0","0","0","0","0","0","1","1"],
  "ROUND38":["0","0","0","0","1","-1","0","0","-1","1","1","0"],
  "ROUND39":["0","0","0","0","0","0","0","0","1","1","-1","-1"],
  "ROUND40":["1","0","-1","0","-1","0","0","0","1","1","1","1"],
  "ROUND41":["-1","0","1","0","1","0","-1","0","0","1","1","1"],
  "ROUND42":["0","0","-1","0","-1","0","1","1","0","1","1","1"],
  "ROUND43":["0","0","1","0","0","0","1","-1","0","1","-1","1"],
  "ROUND44":["0","-1","0","1","1","0","1","-1","0","1","1","1"],
  "ROUND45":["1","0","-1","-1","0","0","1","0","0","0","0","1"],
  "ROUND46":["0","0","0","0","0","0","1","1","-1","1","-1","1"],
  "ROUND47":["0","-1","-1","0","1","1","0","1","0","0","1","1"],
  "ROUND48":["0","-1","0","-1","0","0","0","0","0","1","1","1"],
  "ROUND49":["0","1","1","-1","0","-1","0","0","1","1","1","1"],
  "ROUND50":["0","-1","0","0","1","0","1","0","0","-1","1","1"],
  "ROUND51":["0","0","0","0","0","-1","0","0","0","1","1","-1"],
  "ROUND52":["0","-1","0","0","0","1","1","-1","1","1","1","0"],
  "ROUND53":["1","0","1","0","-1","0","0","0","0","-1","1","1"],
  "ROUND54":["0","-1","0","0","0","0","0","0","0","-1","0","1"],
  "ROUND55":["0","1","-1","-1","0","0","0","0","0","1","1","1"],
  "ROUND56":["1","0","1","0","0","-1","-1","1","0","1","1","1"],
  "ROUND57":["0","0","-1","0","0","0","0","1","0","1","1","-1"],
  "ROUND58":["0","-1","0","0","0","0","0","1","1","-1","1","1"],
  "ROUND59":["0","0","0","0","-1","1","0","-1","1","1","1","1"],
  "ROUND60":["1","0","0","1","0","0","0","-1","0","1","-1","0"],
  "ROUND61":["0","-1","0","1","0","1","0","0","-1","0","1","1"],
  "ROUND62":["0","0","1","0","-1","0","-1","1","1","1","1","1"],
  "ROUND63":["0","0","1","0","-1","0","1","0","0","1","-1","1"],
  "ROUND64":["0","1","0","0","0","0","-1","0","1","-1","1","1"],
  "ROUND65":["0","-1","-1","0","0","0","1","0","0","1","1","1"],
  "ROUND66":["-1","0","0","0","0","1","0","0","0","-1","1","0"],
  "ROUND67":["1","0","0","0","0","1","0","0","-1","-1","1","1"],
  "ROUND68":["1","-1","0","0","0","1","-1","1","0","0","1","0"],
  "ROUND69":["0","1","0","0","0","0","0","-1","0","1","-1","1"],
  "ROUND70":["0","0","0","1","0","0","0","0","-1","0","1","-1"],
  "ROUND71":["0","0","0","0","0","0","-1","0","0","1","-1","1"],
  "ROUND72":["0","0","-1","1","0","0","1","0","0","1","1","-1"],
  "ROUND73":["0","1","0","-1","0","0","0","0","1","1","0","-1"],
  "ROUND74":["-1","0","1","0","0","1","0","-1","1","1","1","0"],
  "ROUND75":["1","0","0","-1","0","1","0","1","-1","1","1","0"],
  "ROUND76":["1","0","0","-1","0","-1","1","0","0","1","1","0"],
  "ROUND77":["0","0","0","0","0","1","0","-1","1","0","0","-1"],
  "ROUND78":["0","0","0","0","0","0","-1","0","0","1","-1","1"],
  "ROUND79":["-1","0","0","0","0","-1","1","0","0","1","0","1"],
  "ROUND80":["0","1","0","0","0","0","-1","0","0","1","-1","1"]
}
