{
  "ID":["0","1","2","3","4","5","6","7","8","9","10","11"],
  "ROUND1":["0","0","1","1","0","1","0","1","1","1","-1","-1"],
  "ROUND2":["0","-1","-1","0","1","1","1","0","0","1","1","1"],
  "ROUND3":["-1","0","1","1","-1","1","1","1","1","0","1","1"],
  "ROUND4":["-1","0","0","0","1","0","1","0","1","-1","0","0"],
  "ROUND5":["0","0","1","1","1","1","-1","0","1","0","0","-1"],
  "ROUND6":["0","-1","1","0","0","0","0","0","-1","0","0","1"],
  "ROUND7":["0","0","0","1","1","1","-1","-1","1","0","1","0"],
  "ROUND8":["0","0","-1","0","1","1","1","1","0","1","0","-1"],
  "ROUND9":["0","0","0","-1","1","-1","1","1","1","1","1","0"],
  "ROUND10":["1","1","1","1","1","1","1","-1","0","-1","1","0"],
  "ROUND11":["1","0","0","0","1","1","1","-1","0","1","-1","0"],
  "ROUND12":["0","0","1","1","1","1","0","0","0","-1","0","-1"],
  "ROUND13":["0","1","1","1","-1","-1","0","1","1","0","1","1"],
  "ROUND14":["0","1","-1","1","-1","1","1","1","1","1","1","1"],
  "ROUND15":["1","1","1","-1","0","1","0","1","1","1","-1","0"],
  "ROUND16":["0","1","-1","0","1","-1","1","1","1","1","1","1"],
  "ROUND17":["1","0","1","0","-1","1","1","1","1","0","-1","1"],
  "ROUND18":["1","0","1","0","1","1","1","1","1","-1","1","-1"],
  "ROUND19":["1","1","1","1","-1","0","1","-1","1","1","0","1"],
  "ROUND20":["-1","1","1","1","0","1","-1","0","0","1","1","1"],
  "ROUND21":["0","1","-1","0","0","1","1","1","-1","0","0","1"],
  "ROUND22":["0","0","0","1","1","-1","1","-1","1","1","1","0"],
  "ROUND23":["0","-1","1","1","1","-1","0","0","0","1","1","0"],
  "ROUND24":["1","0","1","1","0","-1","0","1","0","1","-1","1"],
  "ROUND25":["-1","1","1","1","0","1","1","0","-1","1","1","1"],
  "ROUND26":["0","1","-1","1","1","1","0","1","1","-1","0","1"],
  "ROUND27":["0","0","1","1","0","1","1","-1","1","1","-1","0"],
  "ROUND28":["0","0","-1","0","1","1","1","-1","1","1","1","1"],
  "ROUND29":["1","1","0","1","-1","1","1","1","0","-1","0","1"],
  "ROUND30":["1","1","1","-1","1","0","1","1","-1","1","1","1"],
  "ROUND31":["1","1","1","0","0","1","1","0","1","1","-1","-1"],
  "ROUND32":["-1","1","0","-1","1","1","1","1","0","0","1","1"],
  "ROUND33":["0","-1","1","1","1","0","0","0","0","-1","1","1"],
  "ROUND34":["-1","1","-1","1","1","0","0","0","1","1","0","1"],
  "ROUND35":["1","1","1","-1","1","1","1","0","1","-1","1","1"],
  "ROUND36":["1","1","-1","1","1","-1","1","0","1","0","1","1"],
  "ROUND37":["0","1","0","1","1","0","0","1","1","1","-1","-1"],
  "ROUND38":["0","0","1","1","0","-1","-1","1","0","1","0","1"],
  "ROUND39":["0","1","0","0","1","-1","0","-1","0","1","1","1"],
  "ROUND40":["-1","1","1","1","1","0","1","-1","1","1","1","1"],
  "ROUND41":["1","-1","1","1","0","1","0","-1","0","1","1","1"],
  "ROUND42":["1","-1","1","1","1","1","1","1","1","-1","0","1"],
  "ROUND43":["-1","1","1","1","1","-1","0","1","0","0","1","1"],
  "ROUND44":["0","0","0","0","-1","1","1","1","-1","1","0","1"],
  "ROUND45":["1","0","1","1","1","-1","-1","1","1","1","1","1"],
  "ROUND46":["1","1","0","1","1","0","-1","0","0","-1","0","1"],
  "ROUND47":["1","1","0","1","1","1","-1","0","-1","1","1","1"],
  "ROUND48":["1","1","-1","1","0","0","1","1","1","-1","1","1"],
  "ROUND49":["0","1","1","1","-1","-1","1","1","1","0","1","0"],
  "ROUND50":["0","0","1","1","1","1","1","1","-1","0","-1","0"],
  "ROUND51":["1","1","-1","1","1","-1","1","1","1","0","1","0"],
  "ROUND52":["1","0","1","1","1","-1","1","1","-1","0","1","1"],
  "ROUND53":["1","-1","1","1","1","1","1","0","-1","1","0","0"],
  "ROUND54":["0","0","1","-1","1","1","1","1","-1","1","1","1"],
  "ROUND55":["0","1","1","1","1","-1","1","1","-1","1","1","1"],
  "ROUND56":["1","1","-1","1","0","1","0","-1","0","1","0","1"],
  "ROUND57":["1","-1","-1","0","1","1","1","0","1","1","0","0"],
  "ROUND58":["1","0","0","1","1","-1","0","-1","1","0","1","0"],
  "ROUND59":["1","-1","1","1","-1","0","1","1","1","0","1","1"],
  "ROUND60":["1","1","1","1","-1","-1","1","0","0","1","0","1"],
  "ROUND61":["1","-1","1","-1","1","0","1","1","1","0","1","0"],
  "ROUND62":["0","1","0","0","1","0","-1","1","1","1","0","-1"],
  "ROUND63":["1","0","0","0","1","-1","1","1","-1","0","1","0"],
  "ROUND64":["1","1","0","0","-1","1","0","0","1","0","-1","0"],
  "ROUND65":["0","-1","1","1","0","0","1","1","1","-1","1","1"],
  "ROUND66":["1","0","-1","1","0","0","1","1","0","1","-1","1"],
  "ROUND67":["0","1","1","1","-1","0","0","-1","0","1","1","0"],
  "ROUND68":["0","1","1","-1","1","0","1","1","-1","0","0","0"],
  "ROUND69":["1","0","0","0","1","1","0","-1","0","-1","1","0"],
  "ROUND70":["-1","1","-1","1","1","1","1","1","1","1","0","0"],
  "ROUND71":["0","1","0","-1","1","-1","1","1","1","1","0","1"],
  "ROUND72":["1","1","0","1","1","1","1","0","1","-1","1","-1"],
  "ROUND73":["0","0","-1","1","1","1","-1","1","0","1","0","1"],
  "ROUND74":["-1","0","1","1","1","0","0","0","1","1","-1","1"],
  "ROUND75":["1","-1","0","0","1","1","1","0","1","1","0","-1"],
  "ROUND76":["1","1","0","1","1","1","-1","1","1","1","-1","1"],
  "ROUND77":["1","0","1","0","-1","1","0","1","1","1","-1","0"],
  "ROUND78":["1","1","1","-1","-1","0","1","1","0","1","0","0"],
  "ROUND79":["-1","0","1","-1","1","0","0","1","1","1","1","1"],
  "ROUND80":["-1","1","1","-1","1","0","0","0","1","1","1","1"]
}
