{
  "ID":["0","1","2","3","4","5","6","7","8","9","10","11"],
  "ROUND1":["0","-1","0","0","0","0","0","1","0","0","0","-1"],
  "ROUND2":["0","-1","-1","1","0","0","0","1","1","1","0","1"],
  "ROUND3":["0","0","0","1","0","-1","1","0","0","-1","0","1"],
  "ROUND4":["0","0","-1","1","0","0","1","1","1","1","-1","0"],
  "ROUND5":["1","0","1","0","1","1","0","0","-1","1","1","-1"],
  "ROUND6":["0","0","-1","1","0","0","0","-1","0","1","0","0"],
  "ROUND7":["0","0","-1","0","0","0","1","-1","0","0","0","1"],
  "ROUND8":["0","0","0","0","0","0","-1","0","1","-1","1","0"],
  "ROUND9":["0","0","-1","0","0","0","-1","0","0","0","0","1"],
  "ROUND10":["-1","0","0","0","1","0","1","1","0","-1","1","0"],
  "ROUND11":["0","0","0","0","0","1","0","0","0","-1","-1","0"],
  "ROUND12":["1","0","0","0","0","-1","0","0","1","0","0","-1"],
  "ROUND13":["0","0","0","0","1","-1","1","0","-1","1","1","0"],
  "ROUND14":["0","0","1","-1","0","0","1","0","0","-1","0","1"],
  "ROUND15":["-1","0","0","0","1","0","0","-1","0","0","0","0"],
  "ROUND16":["-1","0","0","0","0","1","1","1","0","0","-1","1"],
  "ROUND17":["0","0","1","-1","0","0","1","1","1","0","1","-1"],
  "ROUND18":["-1","1","0","0","1","0","1","0","1","-1","1","0"],
  "ROUND19":["1","-1","1","0","1","0","0","1","1","0","0","-1"],
  "ROUND20":["0","0","1","1","1","0","0","-1","1","-1","1","0"],
  "ROUND21":["0","0","0","-1","1","0","0","0","0","1","0","-1"],
  "ROUND22":["0","1","1","0","0","0","1","0","1","-1","0","-1"],
  "ROUND23":["-1","1","0","1","1","0","1","0","0","1","-1","1"],
  "ROUND24":["0","0","1","0","1","0","0","-1","1","0","1","-1"],
  "ROUND25":["0","0","0","-1","1","-1","0","0","0","1","1","0"],
  "ROUND26":["0","0","0","0","1","1","0","1","-1","0","-1","1"],
  "ROUND27":["-1","1","0","0","0","1","0","-1","0","1","0","0"],
  "ROUND28":["0","1","0","0","1","-1","1","0","-1","1","1","0"],
  "ROUND29":["0","1","0","-1","0","1","-1","1","0","1","0","1"],
  "ROUND30":["1","1","-1","1","1","0","-1","1","0","1","1","1"],
  "ROUND31":["1","-1","0","0","0","0","0","-1","0","0","0","0"],
  "ROUND32":["1","0","0","-1","0","0","0","1","0","0","0","-1"],
  "ROUND33":["-1","-1","0","1","0","1","0","0","0","1","1","0"],
  "ROUND34":["0","0","-1","0","1","0","0","0","-1","0","1","0"],
  "ROUND35":["0","0","1","0","0","0","-1","0","-1","1","0","0"],
  "ROUND36":["0","0","0","0","-1","0","1","0","0","0","1","-1"],
  "ROUND37":["1","0","0","0","0","0","1","0","1","-1","1","-1"],
  "ROUND38":["-1","1","1","1","0","-1","0","0","1","0","1","1"],
  "ROUND39":["0","-1","-1","0","1","0","1","1","0","1","0","0"],
  "ROUND40":["1","-1","1","1","1","0","1","0","-1","0","0","1"],
  "ROUND41":["0","1","0","-1","0","1","1","1","-1","0","0","1"],
  "ROUND42":["1","0","0","0","0","-1","0","-1","1","0","0","0"],
  "ROUND43":["1","-1","0","0","0","1","1","1","-1","0","0","0"],
  "ROUND44":["0","1","0","0","-1","1","1","0","1","0","1","-1"],
  "ROUND45":["0","1","-1","1","-1","0","1","0","0","1","1","1"],
  "ROUND46":["1","1","-1","0","-1","1","0","0","1","1","0","1"],
  "ROUND47":["0","0","0","0","-1","0","1","1","0","0","1","-1"],
  "ROUND48":["0","-1","0","1","0","-1","1","0","0","0","1","1"],
  "ROUND49":["1","0","0","1","-1","-1","0","0","0","1","0","0"],
  "ROUND50":["0","1","0","0","-1","-1","1","0","0","1","0","0"],
  "ROUND51":["0","1","0","0","0","0","1","1","-1","1","1","-1"],
  "ROUND52":["0","1","0","1","0","0","-1","1","0","1","-1","0"],
  "ROUND53":["0","-1","1","0","0","0","1","0","0","1","-1","1"],
  "ROUND54":["0","0","-1","-1","1","0","1","0","1","0","0","0"],
  "ROUND55":["0","0","0","0","-1","1","-1","0","0","0","0","0"],
  "ROUND56":["0","1","-1","0","0","0","0","1","0","1","-1","1"],
  "ROUND57":["1","1","0","-1","1","1","1","1","-1","1","1","0"],
  "ROUND58":["0","-1","0","1","1","1","0","0","0","-1","0","1"],
  "ROUND59":["0","-1","0","0","-1","1","0","1","1","0","0","1"],
  "ROUND60":["-1","1","-1","1","1","0","1","0","1","0","0","0"],
  "ROUND61":["0","1","1","-1","-1","0","0","0","0","0","0","0"],
  "ROUND62":["0","0","0","0","0","0","0","1","-1","0","0","-1"],
  "ROUND63":["1","-1","0","0","1","0","0","0","0","0","0","-1"],
  "ROUND64":["1","0","0","1","0","1","1","0","1","-1","0","-1"],
  "ROUND65":["0","1","0","0","1","-1","0","0","1","-1","1","0"],
  "ROUND66":["0","1","0","1","-1","-1","0","1","0","0","1","0"],
  "ROUND67":["0","0","1","0","-1","0","0","-1","1","0","0","0"],
  "ROUND68":["1","0","0","1","1","1","0","-1","-1","1","0","0"],
  "ROUND69":["0","1","-1","0","0","0","1","1","1","0","1","-1"],
  "ROUND70":["0","-1","1","1","0","0","-1","0","0","0","0","0"],
  "ROUND71":["0","0","-1","0","0","1","1","0","1","0","-1","0"],
  "ROUND72":["0","1","-1","1","1","1","1","0","0","1","0","-1"],
  "ROUND73":["1","0","0","0","0","1","1","0","0","0","-1","-1"],
  "ROUND74":["0","0","-1","0","-1","1","0","1","0","0","0","0"],
  "ROUND75":["0","0","0","0","0","-1","1","-1","0","0","0","0"],
  "ROUND76":["1","1","1","0","0","0","1","1","1","-1","-1","1"],
  "ROUND77":["0","1","-1","0","1","1","0","1","0","1","-1","1"],
  "ROUND78":["-1","1","1","0","-1","1","1","1","0","1","0","0"],
  "ROUND79":["0","0","-1","1","1","0","0","0","-1","1","0","0"],
  "ROUND80":["0","1","-1","1","0","0","0","0","0","0","0","-1"]
}
