{
  "ID":["0","1","2","3","4","5","6","7","8","9","10","11"],
  "ROUND1":["0","0","-1","0","-1","0","0","0","1","1","1","1"],
  "ROUND2":["0","-1","0","0","0","0","0","0","0","-1","0","0"],
  "ROUND3":["0","0","-1","0","0","0","-1","0","1","1","1","1"],
  "ROUND4":["0","0","0","0","-1","0","0","-1","1","1","1","0"],
  "ROUND5":["0","0","0","0","0","0","0","0","-1","1","-1","0"],
  "ROUND6":["0","0","0","1","0","0","0","0","1","-1","1","-1"],
  "ROUND7":["0","-1","0","1","0","0","0","-1","0","0","0","0"],
  "ROUND8":["0","0","0","0","-1","0","0","0","-1","0","1","1"],
  "ROUND9":["0","-1","0","0","0","0","0","-1","1","0","0","1"],
  "ROUND10":["0","0","1","0","0","-1","0","0","1","1","0","-1"],
  "ROUND11":["-1","1","0","1","-1","0","0","0","1","1","1","1"],
  "ROUND12":["0","0","0","0","-1","0","0","0","1","-1","1","0"],
  "ROUND13":["-1","-1","1","0","0","0","0","0","1","0","1","1"],
  "ROUND14":["0","-1","0","0","0","1","0","1","-1","0","0","1"],
  "ROUND15":["0","0","0","1","-1","0","0","0","0","1","1","-1"],
  "ROUND16":["-1","0","-1","0","0","0","0","0","1","1","1","0"],
  "ROUND17":["0","0","0","-1","0","0","0","0","1","0","0","-1"],
  "ROUND18":["1","0","0","0","0","1","0","-1","1","-1","0","1"],
  "ROUND19":["-1","0","0","1","-1","0","1","0","1","1","1","1"],
  "ROUND20":["-1","0","0","0","-1","0","0","0","1","0","0","0"],
  "ROUND21":["0","0","0","0","0","0","-1","0","-1","1","0","0"],
  "ROUND22":["1","0","1","-1","0","0","-1","0","1","0","0","1"],
  "ROUND23":["0","1","0","0","-1","0","0","0","-1","0","0","1"],
  "ROUND24":["-1","1","0","0","0","0","0","0","1","1","0","-1"],
  "ROUND25":["0","0","1","0","-1","0","0","0","1","0","0","-1"],
  "ROUND26":["1","0","0","1","0","0","0","0","1","-1","-1","1"],
  "ROUND27":["0","0","0","-1","1","0","0","0","-1","1","1","0"],
  "ROUND28":["-1","0","1","0","0","0","0","-1","1","1","1","1"],
  "ROUND29":["0","0","0","1","0","0","-1","-1","1","1","1","1"],
  "ROUND30":["0","-1","0","0","0","0","0","0","-1","0","1","0"],
  "ROUND31":["0","0","0","0","0","-1","0","0","1","1","0","-1"],
  "ROUND32":["1","0","1","-1","0","0","0","1","1","1","-1","1"],
  "ROUND33":["1","0","0","-1","0","0","0","-1","1","1","1","1"],
  "ROUND34":["0","0","-1","0","1","1","1","0","1","1","1","-1"],
  "ROUND35":["-1","-1","0","1","0","1","0","0","1","1","1","0"],
  "ROUND36":["-1","0","0","0","0","0","0","0","0","-1","1","1"],
  "ROUND37":["0","0","1","1","0","1","-1","0","1","0","1","-1"],
  "ROUND38":["-1","1","0","1","0","0","0","0","-1","1","1","1"],
  "ROUND39":["0","0","1","1","0","1","-1","0","1","-1","1","1"],
  "ROUND40":["0","0","-1","1","0","0","0","1","1","1","1","-1"],
  "ROUND41":["0","0","0","0","-1","0","1","1","1","-1","1","1"],
  "ROUND42":["0","0","-1","0","0","0","0","0","0","1","-1","1"],
  "ROUND43":["0","0","-1","0","0","1","-1","0","0","1","1","0"],
  "ROUND44":["1","0","0","1","-1","0","0","0","1","-1","0","1"],
  "ROUND45":["-1","0","1","1","0","1","-1","0","0","1","0","0"],
  "ROUND46":["-1","-1","1","0","0","0","0","0","0","1","1","1"],
  "ROUND47":["0","1","0","0","1","0","-1","0","-1","0","1","0"],
  "ROUND48":["-1","0","-1","0","0","1","1","1","1","1","1","1"],
  "ROUND49":["0","0","0","0","0","0","0","0","1","-1","0","-1"],
  "ROUND50":["0","0","0","0","0","1","1","0","-1","1","-1","1"],
  "ROUND51":["0","0","0","0","0","0","1","-1","1","1","-1","1"],
  "ROUND52":["0","1","0","0","0","-1","1","0","1","-1","1","0"],
  "ROUND53":["0","-1","0","0","0","-1","0","1","1","1","0","1"],
  "ROUND54":["1","0","1","0","-1","0","-1","1","1","1","1","0"],
  "ROUND55":["-1","0","0","0","0","1","0","0","1","1","-1","1"],
  "ROUND56":["-1","0","0","1","0","0","1","0","1","-1","1","1"],
  "ROUND57":["0","0","1","0","1","0","-1","-1","1","0","0","1"],
  "ROUND58":["0","0","0","1","0","1","0","-1","-1","1","1","0"],
  "ROUND59":["0","1","0","0","0","0","-1","-1","1","0","1","1"],
  "ROUND60":["-1","0","0","1","-1","0","0","1","1","0","1","1"],
  "ROUND61":["1","0","0","0","0","-1","0","0","1","-1","1","1"],
  "ROUND62":["0","0","0","0","1","0","0","-1","-1","1","1","1"],
  "ROUND63":["1","0","1","1","-1","-1","0","1","1","1","0","1"],
  "ROUND64":["-1","1","0","1","-1","0","1","1","1","1","1","1"],
  "ROUND65":["0","0","0","0","0","-1","1","0","1","-1","0","1"],
  "ROUND66":["0","0","1","0","1","0","0","0","-1","1","-1","1"],
  "ROUND67":["1","1","1","0","0","0","0","-1","1","1","-1","1"],
  "ROUND68":["1","1","0","0","-1","1","0","-1","1","1","0","0"],
  "ROUND69":["0","0","-1","1","0","1","1","0","1","1","-1","1"],
  "ROUND70":["-1","0","0","0","-1","1","0","0","1","1","1","1"],
  "ROUND71":["1","1","0","0","1","-1","1","-1","1","0","1","0"],
  "ROUND72":["-1","0","1","0","1","0","0","-1","1","1","1","1"],
  "ROUND73":["0","-1","0","0","0","1","-1","0","1","1","1","1"],
  "ROUND74":["1","-1","0","1","0","1","0","0","0","-1","1","1"],
  "ROUND75":["-1","-1","1","0","1","0","0","0","1","1","1","1"],
  "ROUND76":["0","1","1","1","-1","0","0","0","-1","0","1","1"],
  "ROUND77":["0","0","0","-1","-1","1","1","0","1","1","1","1"],
  "ROUND78":["-1","1","1","0","-1","0","0","0","0","0","1","1"],
  "ROUND79":["0","-1","0","1","0","0","1","0","-1","0","1","1"],
  "ROUND80":["0","1","1","0","-1","0","1","0","1","0","1","-1"]
}
