{
  "ID":["0","1","2","3","4","5","6","7","8","9","10","11"],
  "ROUND1":["0","0","0","0","0","0","0","0","-1","1","-1","1"],
  "ROUND2":["0","-1","0","0","0","0","0","0","0","1","1","-1"],
  "ROUND3":["0","-1","0","-1","0","0","0","0","0","0","1","0"],
  "ROUND4":["0","0","0","0","0","-1","0","-1","0","1","1","1"],
  "ROUND5":["0","0","-1","0","0","-1","0","0","0","1","1","1"],
  "ROUND6":["-1","0","0","-1","0","0","0","0","0","1","1","1"],
  "ROUND7":["0","0","0","0","-1","-1","0","0","0","1","1","1"],
  "ROUND8":["1","0","0","-1","1","0","0","-1","0","1","1","1"],
  "ROUND9":["0","0","0","-1","0","0","0","0","0","-1","1","0"],
  "ROUND10":["0","0","1","0","0","0","0","-1","0","1","-1","1"],
  "ROUND11":["0","0","0","0","0","0","0","0","0","-1","1","-1"],
  "ROUND12":["0","0","-1","-1","0","0","0","0","0","0","1","1"],
  "ROUND13":["-1","1","0","0","0","1","0","0","-1","1","0","1"],
  "ROUND14":["1","0","1","0","0","0","-1","0","-1","1","1","1"],
  "ROUND15":["-1","0","1","0","0","0","0","1","0","-1","1","1"],
  "ROUND16":["0","0","-1","0","1","-1","0","0","0","1","1","1"],
  "ROUND17":["0","0","0","0","0","0","0","0","0","-1","-1","1"],
  "ROUND18":["1","-1","0","0","0","-1","1","0","0","1","1","1"],
  "ROUND19":["1","0","-1","0","0","0","0","-1","0","1","1","1"],
  "ROUND20":["-1","1","0","0","0","-1","0","1","0","0","1","0"],
  "ROUND21":["-1","1","0","1","0","-1","0","0","1","1","1","1"],
  "ROUND22":["0","0","0","1","0","0","0","1","-1","0","-1","1"],
  "ROUND23":["0","0","0","-1","0","0","1","0","-1","1","1","1"],
  "ROUND24":["-1","1","0","0","0","0","-1","0","1","1","1","1"],
  "ROUND25":["1","-1","-1","1","0","0","0","0","0","1","1","1"],
  "ROUND26":["1","0","0","-1","0","1","0","0","-1","1","1","1"],
  "ROUND27":["0","-1","1","-1","0","1","1","0","0","1","0","1"],
  "ROUND28":["1","0","0","0","-1","0","0","1","0","1","1","-1"],
  "ROUND29":["0","1","1","0","-1","0","1","-1","0","1","1","1"],
  "ROUND30":["0","-1","0","0","0","0","0","0","0","1","1","-1"],
  "ROUND31":["1","0","-1","0","1","-1","0","1","0","1","1","1"],
  "ROUND32":["0","0","1","-1","-1","0","0","0","0","1","1","1"],
  "ROUND33":["0","1","0","0","0","0","-1","1","-1","1","1","1"],
  "ROUND34":["-1","1","0","0","0","0","0","1","-1","1","1","1"],
  "ROUND35":["-1","1","1","0","0","0","0","1","-1","1","1","1"],
  "ROUND36":["-1","0","0","0","0","0","0","1","1","1","-1","1"],
  "ROUND37":["-1","0","-1","0","1","0","1","0","0","1","0","1"],
  "ROUND38":["0","1","0","0","0","0","-1","0","-1","1","1","1"],
  "ROUND39":["0","-1","1","0","1","0","0","0","0","1","-1","1"],
  "ROUND40":["-1","0","0","0","1","0","1","1","-1","1","1","1"],
  "ROUND41":["0","0","0","0","0","-1","0","0","0","1","1","-1"],
  "ROUND42":["1","0","0","0","0","0","0","0","0","-1","-1","1"],
  "ROUND43":["0","0","0","0","0","0","0","1","0","-1","1","-1"],
  "ROUND44":["0","-1","0","0","1","0","0","0","1","-1","1","1"],
  "ROUND45":["0","0","1","0","0","-1","-1","0","0","1","1","0"],
  "ROUND46":["-1","1","0","-1","1","0","1","0","0","1","1","1"],
  "ROUND47":["0","0","0","1","0","1","-1","0","0","-1","1","1"],
  "ROUND48":["-1","1","-1","0","0","0","1","0","0","1","1","1"],
  "ROUND49":["1","-1","0","-1","0","0","0","0","0","1","1","1"],
  "ROUND50":["0","0","1","0","-1","0","0","0","0","-1","1","1"],
  "ROUND51":["0","0","-1","-1","0","1","0","1","1","0","1","0"],
  "ROUND52":["0","0","0","1","-1","-1","0","0","0","1","1","1"],
  "ROUND53":["0","0","1","1","0","0","0","-1","0","1","-1","1"],
  "ROUND54":["0","-1","-1","1","0","0","0","0","0","1","1","1"],
  "ROUND55":["0","-1","1","0","-1","0","0","0","0","1","0","1"],
  "ROUND56":["-1","1","0","0","1","0","-1","0","0","1","1","1"],
  "ROUND57":["1","0","-1","0","1","-1","0","1","0","1","1","1"],
  "ROUND58":["0","0","0","0","1","0","0","0","0","-1","1","-1"],
  "ROUND59":["1","0","0","0","0","0","1","0","-1","1","1","-1"],
  "ROUND60":["1","0","-1","0","0","0","0","-1","0","1","1","1"],
  "ROUND61":["-1","0","1","-1","0","0","1","0","1","1","0","1"],
  "ROUND62":["0","0","0","0","0","0","0","0","-1","1","1","-1"],
  "ROUND63":["1","0","-1","0","1","0","1","0","-1","1","1","1"],
  "ROUND64":["0","0","-1","0","0","1","0","0","0","-1","0","1"],
  "ROUND65":["1","-1","0","0","-1","1","0","0","1","1","1","1"],
  "ROUND66":["0","0","0","0","-1","1","0","0","0","1","1","-1"],
  "ROUND67":["0","-1","0","1","0","0","1","-1","0","1","1","1"],
  "ROUND68":["0","0","1","0","-1","0","0","1","0","1","-1","1"],
  "ROUND69":["0","0","-1","1","1","0","1","0","-1","1","1","1"],
  "ROUND70":["0","1","-1","0","-1","0","1","1","0","1","1","1"],
  "ROUND71":["0","1","0","0","0","0","0","1","-1","1","1","-1"],
  "ROUND72":["1","1","1","0","0","-1","-1","0","0","1","1","1"],
  "ROUND73":["0","0","0","0","0","0","-1","0","0","1","-1","1"],
  "ROUND74":["0","1","0","1","-1","0","0","0","0","1","1","-1"],
  "ROUND75":["-1","-1","1","0","0","0","0","0","0","1","1","1"],
  "ROUND76":["-1","0","0","1","0","0","0","0","1","1","-1","1"],
  "ROUND77":["0","0","0","0","0","1","0","0","0","-1","1","-1"],
  "ROUND78":["1","0","0","0","0","-1","0","-1","0","1","1","1"],
  "ROUND79":["0","0","1","0","0","-1","0","-1","0","1","1","1"],
  "ROUND80":["-1","-1","1","1","1","0","0","0","0","1","1","1"]
}
