{
  "ID":["0","1","2","3","4","5","6","7","8","9","10","11"],
  "ROUND1":["0","0","0","0","-1","0","0","0","0","0","-1","0"],
  "ROUND2":["-1","0","0","0","0","-1","0","0","1","0","1","0"],
  "ROUND3":["0","0","0","-1","0","0","-1","0","1","0","1","0"],
  "ROUND4":["0","-1","0","0","0","0","0","-1","0","0","0","1"],
  "ROUND5":["-1","-1","0","0","0","0","0","1","0","0","0","0"],
  "ROUND6":["0","0","0","0","-1","0","1","0","0","1","-1","0"],
  "ROUND7":["-1","1","0","0","-1","0","0","1","0","1","0","0"],
  "ROUND8":["0","0","0","0","0","0","0","-1","1","-1","0","0"],
  "ROUND9":["0","-1","0","0","-1","0","1","0","0","0","0","1"],
  "ROUND10":["0","0","0","0","-1","0","0","0","0","-1","0","1"],
  "ROUND11":["-1","0","0","0","0","0","1","0","-1","0","1","0"],
  "ROUND12":["-1","0","1","0","0","0","0","0","-1","1","0","0"],
  "ROUND13":["0","0","-1","-1","0","1","0","1","0","0","0","0"],
  "ROUND14":["-1","0","0","-1","0","1","0","0","0","1","1","1"],
  "ROUND15":["1","0","0","0","0","0","1","0","0","-1","0","-1"],
  "ROUND16":["0","0","-1","-1","0","0","0","0","1","0","1","0"],
  "ROUND17":["-1","-1","0","0","0","0","0","1","0","0","0","0"],
  "ROUND18":["0","1","0","0","-1","0","0","0","1","0","0","-1"],
  "ROUND19":["0","0","-1","0","0","0","-1","0","0","0","0","0"],
  "ROUND20":["1","-1","-1","0","0","0","1","1","0","0","0","1"],
  "ROUND21":["-1","0","0","0","1","0","0","-1","0","0","1","0"],
  "ROUND22":["-1","0","0","0","0","0","-1","1","0","0","0","0"],
  "ROUND23":["-1","0","1","0","0","0","0","0","-1","0","0","0"],
  "ROUND24":["0","0","0","0","0","0","0","-1","0","-1","1","0"],
  "ROUND25":["1","0","0","0","0","1","0","0","1","-1","-1","0"],
  "ROUND26":["0","0","0","0","0","0","1","0","0","0","-1","-1"],
  "ROUND27":["1","0","0","0","0","0","0","0","1","-1","0","-1"],
  "ROUND28":["1","-1","-1","0","0","0","1","1","0","0","0","0"],
  "ROUND29":["0","0","0","0","0","0","-1","1","0","0","0","-1"],
  "ROUND30":["1","-1","0","0","0","0","0","0","0","1","0","-1"],
  "ROUND31":["-1","0","1","-1","0","0","0","1","0","0","0","0"],
  "ROUND32":["0","0","0","0","0","0","0","0","-1","-1","0","0"],
  "ROUND33":["0","0","0","0","0","-1","0","0","0","0","0","-1"],
  "ROUND34":["0","1","0","0","0","-1","0","1","0","0","-1","0"],
  "ROUND35":["0","0","-1","0","0","0","-1","1","0","1","0","1"],
  "ROUND36":["0","-1","0","0","0","0","1","-1","0","1","0","0"],
  "ROUND37":["0","-1","0","0","-1","1","0","0","1","0","0","0"],
  "ROUND38":["-1","1","1","-1","0","0","0","0","0","0","0","0"],
  "ROUND39":["0","1","0","0","0","0","-1","0","0","-1","0","0"],
  "ROUND40":["-1","0","0","0","-1","0","0","0","1","0","0","1"],
  "ROUND41":["-1","0","0","1","1","-1","0","0","1","0","1","1"],
  "ROUND42":["0","0","-1","-1","0","0","0","0","0","0","1","0"],
  "ROUND43":["0","0","0","0","-1","0","0","-1","0","1","1","0"],
  "ROUND44":["0","-1","0","0","0","0","0","-1","0","0","1","1"],
  "ROUND45":["1","0","0","0","0","0","1","0","0","-1","0","-1"],
  "ROUND46":["0","0","1","0","-1","0","-1","1","1","0","0","0"],
  "ROUND47":["0","0","0","0","0","0","-1","0","0","-1","0","0"],
  "ROUND48":["1","0","0","0","-1","0","0","0","-1","1","1","1"],
  "ROUND49":["-1","-1","0","0","0","0","0","0","1","0","0","0"],
  "ROUND50":["0","1","0","0","0","1","0","-1","-1","1","1","1"],
  "ROUND51":["0","0","0","-1","0","0","0","0","0","0","0","-1"],
  "ROUND52":["0","-1","0","0","0","0","1","0","-1","0","0","0"],
  "ROUND53":["0","0","1","0","-1","-1","0","0","0","0","0","1"],
  "ROUND54":["-1","-1","0","0","0","0","1","0","1","0","0","1"],
  "ROUND55":["0","0","0","1","-1","1","0","0","0","-1","0","0"],
  "ROUND56":["-1","0","0","0","0","0","0","0","-1","0","1","1"],
  "ROUND57":["0","-1","0","0","0","0","-1","0","1","0","1","0"],
  "ROUND58":["0","0","0","0","-1","1","1","0","-1","1","0","0"],
  "ROUND59":["0","1","0","-1","1","0","0","0","0","0","-1","0"],
  "ROUND60":["0","0","-1","0","0","1","1","0","1","0","0","-1"],
  "ROUND61":["0","0","0","0","0","0","1","0","-1","0","1","-1"],
  "ROUND62":["-1","0","0","0","0","0","-1","1","1","0","0","1"],
  "ROUND63":["0","0","-1","0","1","1","1","-1","1","0","0","0"],
  "ROUND64":["0","0","-1","0","0","0","0","0","1","0","-1","0"],
  "ROUND65":["1","-1","0","0","0","1","0","0","-1","0","0","1"],
  "ROUND66":["0","0","0","0","0","-1","0","-1","0","0","0","0"],
  "ROUND67":["0","0","0","0","0","-1","0","0","-1","0","1","1"],
  "ROUND68":["-1","0","0","0","1","0","0","0","-1","0","1","1"],
  "ROUND69":["0","-1","0","0","0","0","1","0","-1","0","0","1"],
  "ROUND70":["0","0","1","0","1","0","-1","1","0","0","0","-1"],
  "ROUND71":["0","0","-1","1","0","0","0","1","0","1","0","-1"],
  "ROUND72":["0","1","-1","-1","0","0","1","1","1","0","1","0"],
  "ROUND73":["0","0","0","0","-1","-1","0","1","1","0","1","1"],
  "ROUND74":["1","1","0","1","1","-1","1","0","0","0","-1","0"],
  "ROUND75":["1","0","1","-1","1","-1","0","0","1","1","0","0"],
  "ROUND76":["0","-1","-1","0","0","1","0","0","0","0","1","1"],
  "ROUND77":["0","0","-1","-1","0","1","0","1","0","0","0","0"],
  "ROUND78":["1","0","0","-1","0","-1","1","1","1","0","1","1"],
  "ROUND79":["0","-1","-1","1","0","1","0","0","0","1","1","1"],
  "ROUND80":["-1","1","0","0","0","0","0","0","0","0","1","-1"]
}
