{
  "ID":["0","1","2","3","4","5","6","7","8","9","10","11"],
  "ROUND1":["0","-1","0","0","0","0","0","0","-1","1","0","0"],
  "ROUND2":["0","0","0","0","0","0","0","-1","0","-1","0","1"],
  "ROUND3":["0","0","0","0","-1","0","0","0","-1","0","0","0"],
  "ROUND4":["0","0","0","0","-1","0","0","0","0","0","-1","0"],
  "ROUND5":["-1","0","0","0","-1","0","0","0","0","1","1","0"],
  "ROUND6":["0","0","0","0","0","-1","0","0","0","0","0","-1"],
  "ROUND7":["-1","0","0","0","0","0","0","-1","0","0","1","0"],
  "ROUND8":["0","0","0","0","0","0","0","-1","0","0","-1","0"],
  "ROUND9":["0","-1","-1","0","0","0","0","0","0","0","0","0"],
  "ROUND10":["0","0","0","0","0","0","0","0","-1","0","1","-1"],
  "ROUND11":["0","-1","0","0","0","-1","0","0","0","0","0","0"],
  "ROUND12":["0","0","0","0","-1","0","0","-1","0","0","0","0"],
  "ROUND13":["-1","0","0","0","0","0","0","0","0","1","-1","0"],
  "ROUND14":["0","1","0","-1","-1","0","1","0","0","0","0","1"],
  "ROUND15":["0","0","0","0","0","0","0","-1","0","0","-1","0"],
  "ROUND16":["0","-1","0","0","0","-1","0","0","0","0","0","0"],
  "ROUND17":["0","0","0","-1","0","0","-1","0","0","0","0","0"],
  "ROUND18":["0","0","0","0","0","0","-1","0","0","-1","1","1"],
  "ROUND19":["0","1","-1","-1","0","0","0","0","0","0","0","0"],
  "ROUND20":["0","0","0","1","0","-1","0","0","0","0","-1","0"],
  "ROUND21":["0","0","-1","0","0","0","0","0","0","0","-1","0"],
  "ROUND22":["0","0","0","0","-1","0","0","0","0","0","-1","0"],
  "ROUND23":["0","0","0","0","0","0","0","0","0","0","-1","-1"],
  "ROUND24":["-1","0","0","0","0","0","0","0","0","-1","0","0"],
  "ROUND25":["0","0","0","-1","0","0","0","0","0","0","-1","0"],
  "ROUND26":["0","0","0","0","0","0","-1","0","0","0","0","-1"],
  "ROUND27":["0","0","-1","0","0","0","0","0","0","-1","0","0"],
  "ROUND28":["0","0","0","0","1","0","0","0","0","1","-1","-1"],
  "ROUND29":["0","0","0","0","0","0","0","0","0","-1","0","-1"],
  "ROUND30":["0","0","0","0","0","1","-1","0","0","-1","0","0"],
  "ROUND31":["0","1","0","-1","0","0","0","-1","0","0","0","0"],
  "ROUND32":["0","0","0","0","0","0","0","-1","0","1","-1","1"],
  "ROUND33":["0","0","0","0","0","-1","0","0","0","0","-1","1"],
  "ROUND34":["0","0","0","0","-1","0","0","0","0","1","0","-1"],
  "ROUND35":["0","0","1","0","-1","-1","0","0","0","0","1","0"],
  "ROUND36":["0","0","0","0","-1","0","-1","0","0","0","0","0"],
  "ROUND37":["0","-1","0","0","0","0","-1","0","0","1","1","0"],
  "ROUND38":["0","0","0","-1","1","0","0","0","-1","0","0","1"],
  "ROUND39":["0","1","1","0","-1","0","-1","0","0","0","1","0"],
  "ROUND40":["0","0","0","-1","0","0","0","0","0","0","0","-1"],
  "ROUND41":["0","0","0","0","0","0","0","-1","0","-1","1","0"],
  "ROUND42":["0","0","0","0","-1","0","0","-1","0","1","0","0"],
  "ROUND43":["0","-1","0","0","0","0","-1","0","0","0","0","0"],
  "ROUND44":["0","-1","0","0","0","0","-1","0","0","0","0","0"],
  "ROUND45":["0","0","1","0","0","0","-1","-1","0","1","0","0"],
  "ROUND46":["0","0","0","0","0","-1","0","0","-1","1","0","0"],
  "ROUND47":["0","0","-1","0","0","0","1","0","0","0","0","-1"],
  "ROUND48":["-1","0","0","1","0","0","-1","0","0","0","0","0"],
  "ROUND49":["0","0","-1","0","0","0","0","0","0","1","-1","0"],
  "ROUND50":["-1","0","0","0","0","0","0","0","0","-1","0","1"],
  "ROUND51":["-1","0","0","0","0","0","0","0","1","0","0","-1"],
  "ROUND52":["-1","0","-1","0","0","0","0","0","1","0","0","0"],
  "ROUND53":["0","-1","1","0","0","0","0","0","0","1","0","-1"],
  "ROUND54":["-1","0","0","0","1","0","0","0","0","1","1","-1"],
  "ROUND55":["0","-1","0","0","0","0","0","0","-1","0","0","0"],
  "ROUND56":["0","-1","1","-1","1","0","0","0","0","1","0","1"],
  "ROUND57":["0","0","0","0","-1","0","0","-1","0","0","1","0"],
  "ROUND58":["0","0","0","0","1","-1","0","0","0","-1","1","0"],
  "ROUND59":["0","-1","0","0","0","0","0","0","0","-1","0","0"],
  "ROUND60":["-1","0","0","0","0","0","-1","0","0","0","0","0"],
  "ROUND61":["1","0","0","0","0","0","0","0","0","-1","0","-1"],
  "ROUND62":["0","-1","0","0","-1","0","0","0","0","0","0","0"],
  "ROUND63":["0","1","0","0","0","-1","-1","0","0","0","0","0"],
  "ROUND64":["0","0","0","0","0","1","0","0","0","-1","-1","0"],
  "ROUND65":["0","1","0","-1","0","0","0","0","-1","1","0","0"],
  "ROUND66":["0","0","-1","0","-1","0","0","0","1","0","0","0"],
  "ROUND67":["0","0","0","0","-1","0","0","-1","0","0","0","0"],
  "ROUND68":["-1","0","0","0","0","0","0","0","-1","1","0","0"],
  "ROUND69":["0","0","0","0","0","-1","0","-1","0","1","1","1"],
  "ROUND70":["0","0","0","-1","0","0","0","0","0","-1","0","0"],
  "ROUND71":["0","0","0","0","-1","0","0","-1","0","0","0","0"],
  "ROUND72":["-1","1","0","-1","0","0","0","0","0","0","0","0"],
  "ROUND73":["0","0","0","0","1","-1","-1","0","0","0","1","0"],
  "ROUND74":["0","0","1","0","0","-1","1","-1","0","0","0","0"],
  "ROUND75":["0","0","0","0","0","0","0","0","0","-1","-1","0"],
  "ROUND76":["0","-1","0","0","0","0","1","1","0","0","0","-1"],
  "ROUND77":["-1","0","0","0","0","0","0","-1","0","0","0","0"],
  "ROUND78":["0","0","0","-1","0","0","0","0","0","0","1","-1"],
  "ROUND79":["0","0","-1","0","0","0","0","0","0","0","1","-1"],
  "ROUND80":["0","0","-1","0","0","0","0","0","0","0","0","-1"]
}
