{
  "ID":["0","1","2","3","4","5","6","7","8","9","10","11"],
  "ROUND1":["0","0","0","-1","-1","0","0","1","0","0","0","0"],
  "ROUND2":["0","-1","0","0","-1","0","0","0","0","0","0","0"],
  "ROUND3":["0","0","0","0","0","0","0","0","0","-1","-1","1"],
  "ROUND4":["0","0","0","0","0","0","0","-1","0","0","1","-1"],
  "ROUND5":["0","-1","0","0","0","0","0","0","0","-1","0","0"],
  "ROUND6":["0","0","0","0","0","0","0","1","0","-1","-1","1"],
  "ROUND7":["0","-1","0","0","-1","0","0","0","0","1","0","0"],
  "ROUND8":["0","1","0","0","-1","0","0","0","0","1","1","-1"],
  "ROUND9":["0","0","0","0","-1","0","0","0","-1","0","1","1"],
  "ROUND10":["0","-1","0","0","0","0","0","0","-1","0","0","0"],
  "ROUND11":["0","0","-1","0","0","0","0","0","-1","1","0","1"],
  "ROUND12":["0","0","0","-1","0","0","0","0","1","0","0","-1"],
  "ROUND13":["0","0","-1","0","0","0","0","1","1","-1","0","0"],
  "ROUND14":["0","0","0","0","1","0","0","-1","0","1","-1","0"],
  "ROUND15":["0","0","0","-1","0","-1","0","0","1","1","0","1"],
  "ROUND16":["0","0","0","-1","1","-1","0","0","1","0","0","0"],
  "ROUND17":["-1","1","1","0","-1","1","0","0","0","0","0","1"],
  "ROUND18":["-1","0","0","0","0","0","0","0","0","-1","0","1"],
  "ROUND19":["0","0","0","0","-1","0","0","1","-1","0","1","0"],
  "ROUND20":["0","1","-1","0","1","0","1","0","1","0","-1","0"],
  "ROUND21":["-1","0","0","0","0","0","0","0","0","0","0","-1"],
  "ROUND22":["0","1","0","0","0","0","0","-1","0","0","-1","1"],
  "ROUND23":["0","-1","0","0","0","-1","0","1","1","0","0","1"],
  "ROUND24":["0","0","-1","0","0","-1","0","0","0","0","0","0"],
  "ROUND25":["0","0","0","0","-1","0","0","-1","1","1","1","1"],
  "ROUND26":["1","0","0","0","-1","0","0","0","-1","0","1","1"],
  "ROUND27":["0","0","1","-1","0","0","0","-1","0","1","0","1"],
  "ROUND28":["0","0","-1","0","0","1","0","0","0","-1","0","1"],
  "ROUND29":["0","0","1","0","0","1","-1","0","1","-1","0","0"],
  "ROUND30":["1","0","-1","0","0","0","0","0","1","0","-1","0"],
  "ROUND31":["1","-1","0","1","-1","1","0","0","1","0","1","0"],
  "ROUND32":["-1","0","0","0","0","-1","0","1","0","1","0","0"],
  "ROUND33":["0","0","0","0","0","0","-1","0","-1","0","0","0"],
  "ROUND34":["0","-1","1","0","0","0","0","0","0","0","1","-1"],
  "ROUND35":["0","1","0","0","0","0","0","0","1","0","-1","-1"],
  "ROUND36":["0","0","0","-1","0","0","0","1","0","-1","0","0"],
  "ROUND37":["0","0","0","-1","0","0","1","0","1","-1","1","0"],
  "ROUND38":["-1","-1","1","0","0","0","0","0","1","0","0","0"],
  "ROUND39":["0","0","-1","-1","0","0","0","0","0","0","1","0"],
  "ROUND40":["0","0","0","0","0","0","1","-1","-1","0","0","1"],
  "ROUND41":["0","0","0","0","-1","0","0","0","0","0","-1","1"],
  "ROUND42":["1","0","0","1","0","-1","1","1","0","0","-1","1"],
  "ROUND43":["0","0","0","0","-1","0","0","1","-1","1","0","0"],
  "ROUND44":["0","-1","1","1","0","0","0","0","0","0","1","-1"],
  "ROUND45":["1","0","0","1","0","0","-1","0","1","-1","1","1"],
  "ROUND46":["0","0","0","0","0","-1","0","0","1","0","1","-1"],
  "ROUND47":["-1","1","0","0","-1","0","0","1","1","0","1","0"],
  "ROUND48":["-1","1","0","0","-1","1","0","0","1","0","0","1"],
  "ROUND49":["0","1","0","0","-1","0","0","1","0","-1","0","0"],
  "ROUND50":["0","0","0","0","1","-1","0","0","1","-1","0","0"],
  "ROUND51":["0","0","0","0","0","0","0","-1","1","-1","1","0"],
  "ROUND52":["0","0","0","0","0","0","0","0","0","0","-1","-1"],
  "ROUND53":["1","-1","0","-1","0","1","1","1","0","1","0","0"],
  "ROUND54":["-1","0","0","-1","0","0","0","1","1","0","1","0"],
  "ROUND55":["0","0","-1","1","0","0","1","0","1","-1","1","0"],
  "ROUND56":["0","0","0","-1","0","0","1","0","0","1","-1","0"],
  "ROUND57":["-1","0","0","0","0","0","0","-1","0","0","0","1"],
  "ROUND58":["0","-1","1","-1","0","0","0","0","0","0","1","1"],
  "ROUND59":["0","0","1","0","-1","1","0","0","-1","0","0","1"],
  "ROUND60":["0","0","-1","1","0","-1","0","0","1","0","1","0"],
  "ROUND61":["0","0","0","0","0","1","-1","1","1","-1","1","1"],
  "ROUND62":["0","0","0","0","-1","1","0","0","1","0","0","-1"],
  "ROUND63":["0","0","1","0","0","1","0","-1","0","-1","1","0"],
  "ROUND64":["0","1","0","0","-1","-1","1","1","0","1","0","0"],
  "ROUND65":["0","1","0","1","-1","0","0","0","0","0","-1","1"],
  "ROUND66":["-1","1","0","1","0","-1","0","0","1","0","0","0"],
  "ROUND67":["-1","0","0","0","0","0","-1","0","0","0","0","0"],
  "ROUND68":["0","0","0","0","1","0","-1","0","0","1","0","-1"],
  "ROUND69":["0","0","1","0","0","0","-1","-1","0","0","1","0"],
  "ROUND70":["0","0","-1","0","1","0","0","1","-1","0","0","0"],
  "ROUND71":["-1","0","0","0","0","0","0","-1","1","1","1","1"],
  "ROUND72":["0","-1","-1","0","1","1","0","0","0","0","1","0"],
  "ROUND73":["0","0","0","0","1","0","0","0","1","-1","-1","0"],
  "ROUND74":["0","0","-1","-1","0","0","0","1","1","0","0","1"],
  "ROUND75":["-1","0","0","0","1","0","0","1","1","-1","0","0"],
  "ROUND76":["0","1","-1","0","0","1","0","0","-1","0","1","1"],
  "ROUND77":["0","0","0","0","0","0","-1","1","-1","0","1","1"],
  "ROUND78":["0","1","0","-1","-1","1","0","1","0","1","0","0"],
  "ROUND79":["-1","0","1","1","0","0","1","0","1","1","0","-1"],
  "ROUND80":["0","1","-1","0","-1","0","0","1","0","0","0","0"]
}
