{
  "ID":["0","1","2","3","4","5","6","7","8","9","10","11"],
  "ROUND1":["0","-1","1","0","1","-1","1","1","1","1","1","1"],
  "ROUND2":["0","-1","1","1","1","1","-1","1","1","1","1","1"],
  "ROUND3":["0","0","-1","1","1","0","1","1","1","0","-1","1"],
  "ROUND4":["1","1","-1","1","1","1","1","-1","1","1","1","1"],
  "ROUND5":["0","1","1","-1","1","1","0","-1","1","1","0","1"],
  "ROUND6":["1","0","0","-1","1","-1","0","1","1","1","0","1"],
  "ROUND7":["-1","-1","1","1","0","1","1","1","0","0","1","1"],
  "ROUND8":["0","1","0","-1","0","1","0","0","1","1","0","-1"],
  "ROUND9":["-1","0","1","1","-1","1","1","1","1","1","1","1"],
  "ROUND10":["0","1","0","1","1","1","1","1","-1","1","-1","0"],
  "ROUND11":["1","1","0","1","1","1","1","1","-1","1","-1","1"],
  "ROUND12":["0","1","-1","1","0","1","1","-1","0","1","1","1"],
  "ROUND13":["1","0","1","1","1","0","0","-1","-1","0","1","0"],
  "ROUND14":["0","1","-1","0","1","1","-1","1","1","1","1","0"],
  "ROUND15":["0","-1","1","1","1","1","-1","1","0","1","1","0"],
  "ROUND16":["0","0","-1","1","1","1","1","-1","0","0","1","1"],
  "ROUND17":["0","1","0","0","1","0","-1","1","-1","1","1","1"],
  "ROUND18":["0","1","-1","0","1","1","1","1","1","0","1","-1"],
  "ROUND19":["0","-1","1","1","1","1","0","1","1","-1","1","0"],
  "ROUND20":["-1","1","1","1","-1","1","1","1","1","1","1","1"],
  "ROUND21":["1","1","1","1","1","1","1","1","1","-1","-1","0"],
  "ROUND22":["-1","0","1","0","1","1","1","1","1","-1","1","1"],
  "ROUND23":["1","1","1","1","1","1","1","1","1","1","-1","-1"],
  "ROUND24":["-1","1","1","1","1","1","1","1","1","1","1","-1"],
  "ROUND25":["-1","1","1","1","-1","1","0","1","1","1","1","0"],
  "ROUND26":["0","0","1","1","1","1","-1","1","1","1","1","-1"],
  "ROUND27":["1","1","1","1","0","-1","-1","1","1","0","1","0"],
  "ROUND28":["1","1","1","1","0","1","1","1","0","1","-1","-1"],
  "ROUND29":["0","0","1","1","1","1","-1","1","-1","1","1","1"],
  "ROUND30":["0","0","0","0","-1","1","-1","1","1","1","1","1"],
  "ROUND31":["1","1","1","-1","1","1","1","1","1","1","0","-1"],
  "ROUND32":["1","-1","1","1","1","-1","1","1","1","1","1","0"],
  "ROUND33":["-1","-1","0","1","1","1","1","1","1","1","0","0"],
  "ROUND34":["1","-1","1","0","-1","1","1","0","1","1","1","1"],
  "ROUND35":["1","1","1","-1","1","1","1","-1","1","1","1","0"],
  "ROUND36":["1","1","-1","1","0","0","1","-1","1","1","1","1"],
  "ROUND37":["1","1","1","1","1","1","1","-1","1","-1","1","0"],
  "ROUND38":["-1","1","1","1","0","0","1","1","0","-1","1","1"],
  "ROUND39":["-1","0","1","-1","0","1","0","1","1","0","1","1"],
  "ROUND40":["1","1","1","0","1","1","-1","1","1","-1","1","1"],
  "ROUND41":["1","1","-1","1","0","1","1","1","-1","1","0","1"],
  "ROUND42":["0","1","1","-1","1","1","0","-1","1","1","1","1"],
  "ROUND43":["1","0","1","1","1","0","-1","1","-1","1","1","1"],
  "ROUND44":["0","1","1","0","1","1","1","1","-1","0","-1","1"],
  "ROUND45":["0","1","0","1","1","0","1","-1","1","1","1","-1"],
  "ROUND46":["1","1","1","1","1","1","1","1","-1","-1","0","0"],
  "ROUND47":["-1","1","1","1","-1","1","1","1","1","1","0","1"],
  "ROUND48":["1","-1","1","1","1","-1","1","1","0","1","1","1"],
  "ROUND49":["-1","1","1","0","-1","1","1","0","1","0","1","1"],
  "ROUND50":["0","1","1","1","1","-1","1","0","1","-1","0","1"],
  "ROUND51":["-1","-1","1","1","1","1","0","1","0","0","1","1"],
  "ROUND52":["0","1","1","1","1","-1","1","1","1","-1","1","1"],
  "ROUND53":["1","1","-1","1","1","1","1","1","1","1","-1","1"],
  "ROUND54":["1","1","0","1","1","-1","0","-1","0","1","1","1"],
  "ROUND55":["0","0","1","1","0","1","1","0","-1","1","-1","1"],
  "ROUND56":["1","-1","1","1","1","1","-1","1","1","0","0","1"],
  "ROUND57":["1","1","1","-1","1","1","1","-1","1","1","1","1"],
  "ROUND58":["1","-1","1","1","1","1","1","0","-1","1","1","1"],
  "ROUND59":["1","-1","1","0","1","0","1","-1","1","1","1","1"],
  "ROUND60":["1","1","0","1","0","0","0","0","0","-1","-1","1"],
  "ROUND61":["-1","0","1","1","-1","0","0","1","1","0","1","1"],
  "ROUND62":["0","0","1","1","1","0","-1","0","-1","1","1","1"],
  "ROUND63":["1","1","1","1","0","1","0","-1","-1","1","0","1"],
  "ROUND64":["1","1","-1","1","1","1","1","0","1","-1","1","1"],
  "ROUND65":["0","-1","1","1","1","1","1","1","1","1","-1","1"],
  "ROUND66":["1","0","0","1","0","1","-1","-1","0","1","1","1"],
  "ROUND67":["1","1","1","0","0","1","-1","-1","1","0","1","0"],
  "ROUND68":["1","1","1","1","-1","1","0","1","-1","0","0","1"],
  "ROUND69":["1","1","1","-1","1","1","0","1","1","1","1","-1"],
  "ROUND70":["1","-1","1","0","1","0","1","1","1","0","-1","1"],
  "ROUND71":["1","1","1","0","1","0","0","-1","1","-1","1","1"],
  "ROUND72":["1","-1","1","1","1","1","1","-1","0","1","1","1"],
  "ROUND73":["1","1","1","1","0","1","-1","1","-1","1","1","1"],
  "ROUND74":["-1","1","0","-1","1","1","1","1","1","0","0","1"],
  "ROUND75":["1","1","-1","1","1","1","-1","0","1","0","0","1"],
  "ROUND76":["1","1","1","1","1","1","0","-1","-1","1","1","0"],
  "ROUND77":["-1","0","1","1","1","1","1","-1","0","0","1","1"],
  "ROUND78":["0","0","1","0","1","0","1","1","0","-1","1","-1"],
  "ROUND79":["1","0","0","0","-1","1","0","1","1","-1","1","1"],
  "ROUND80":["0","1","1","1","-1","-1","1","1","1","1","1","1"]
}
