{
  "ID":["0","1","2","3","4","5","6","7","8","9","10","11"],
  "ROUND1":["0","0","0","0","0","-1","0","1","1","0","-1","1"],
  "ROUND2":["0","0","0","0","-1","0","0","-1","1","1","1","1"],
  "ROUND3":["0","0","0","-1","0","0","0","1","1","1","1","-1"],
  "ROUND4":["-1","0","0","0","0","-1","0","1","1","1","1","1"],
  "ROUND5":["0","-1","0","0","0","0","0","1","1","1","-1","1"],
  "ROUND6":["0","0","0","-1","0","0","0","1","0","1","1","-1"],
  "ROUND7":["0","-1","0","-1","0","0","0","1","1","1","1","1"],
  "ROUND8":["0","0","1","0","0","0","0","1","-1","1","-1","1"],
  "ROUND9":["0","1","0","-1","0","0","0","-1","1","1","1","1"],
  "ROUND10":["-1","0","0","0","0","-1","0","0","1","1","1","1"],
  "ROUND11":["1","0","0","0","-1","0","1","-1","1","1","1","1"],
  "ROUND12":["0","0","0","0","0","-1","0","-1","0","1","1","1"],
  "ROUND13":["0","0","-1","-1","0","0","0","1","1","1","0","1"],
  "ROUND14":["0","0","1","1","-1","-1","1","1","1","1","1","1"],
  "ROUND15":["0","0","-1","0","0","0","0","1","1","-1","1","1"],
  "ROUND16":["0","1","-1","1","-1","0","1","0","1","1","1","1"],
  "ROUND17":["0","-1","0","0","-1","0","0","1","0","1","1","1"],
  "ROUND18":["0","1","0","0","-1","0","0","1","-1","1","1","1"],
  "ROUND19":["1","-1","0","1","0","0","0","1","1","1","-1","1"],
  "ROUND20":["0","-1","1","0","1","0","0","-1","1","1","1","1"],
  "ROUND21":["0","0","0","0","-1","0","0","1","1","1","1","-1"],
  "ROUND22":["-1","0","0","-1","0","0","1","1","1","1","1","1"],
  "ROUND23":["1","1","0","-1","-1","0","1","1","1","1","1","0"],
  "ROUND24":["0","0","0","-1","-1","1","0","1","1","1","1","1"],
  "ROUND25":["0","1","1","0","1","0","-1","1","1","1","1","-1"],
  "ROUND26":["0","-1","0","0","1","1","0","1","1","1","-1","1"],
  "ROUND27":["1","1","0","0","0","-1","0","0","1","1","-1","0"],
  "ROUND28":["1","0","0","-1","1","1","0","1","1","1","-1","0"],
  "ROUND29":["1","0","1","1","0","-1","1","-1","1","1","1","1"],
  "ROUND30":["1","1","0","1","0","0","0","-1","1","1","0","-1"],
  "ROUND31":["-1","0","1","0","-1","0","0","0","0","1","1","1"],
  "ROUND32":["-1","0","0","1","1","-1","1","1","1","1","1","1"],
  "ROUND33":["-1","0","0","0","0","0","0","-1","1","1","1","1"],
  "ROUND34":["1","1","-1","-1","0","0","1","1","1","0","1","1"],
  "ROUND35":["-1","0","0","-1","0","1","0","1","1","1","0","0"],
  "ROUND36":["0","-1","0","0","1","0","1","1","-1","1","0","1"],
  "ROUND37":["1","0","0","-1","-1","0","0","1","1","1","1","1"],
  "ROUND38":["-1","0","-1","1","1","0","0","1","1","0","1","1"],
  "ROUND39":["1","0","0","0","0","0","0","1","0","-1","1","-1"],
  "ROUND40":["1","1","1","0","-1","-1","1","1","1","1","1","1"],
  "ROUND41":["1","0","0","1","1","1","-1","1","-1","1","1","1"],
  "ROUND42":["1","1","0","1","0","1","-1","1","1","-1","1","1"],
  "ROUND43":["0","1","1","0","1","0","0","0","-1","0","-1","1"],
  "ROUND44":["1","0","0","1","0","-1","-1","1","1","1","1","1"],
  "ROUND45":["0","0","0","1","0","1","-1","1","1","1","1","-1"],
  "ROUND46":["-1","-1","0","1","1","0","1","1","1","1","0","1"],
  "ROUND47":["0","-1","1","0","0","0","1","1","1","-1","1","1"],
  "ROUND48":["0","1","-1","0","1","1","0","1","1","1","0","-1"],
  "ROUND49":["0","1","0","-1","-1","1","1","1","1","1","1","1"],
  "ROUND50":["1","0","-1","0","0","0","1","1","1","-1","1","1"],
  "ROUND51":["0","1","0","1","0","1","-1","1","1","1","1","-1"],
  "ROUND52":["0","0","1","0","1","0","-1","1","1","-1","1","1"],
  "ROUND53":["-1","0","0","0","-1","1","0","1","1","1","1","1"],
  "ROUND54":["1","0","0","0","-1","-1","0","1","1","1","1","1"],
  "ROUND55":["0","-1","0","0","0","0","1","1","1","1","-1","1"],
  "ROUND56":["0","1","0","0","-1","0","1","1","-1","1","1","1"],
  "ROUND57":["0","1","0","0","0","0","0","1","1","1","-1","-1"],
  "ROUND58":["0","0","-1","0","0","1","0","-1","1","1","0","1"],
  "ROUND59":["1","0","1","0","1","0","0","1","-1","1","1","-1"],
  "ROUND60":["1","0","0","1","1","0","0","-1","-1","0","1","1"],
  "ROUND61":["1","-1","0","0","0","0","0","1","1","1","-1","1"],
  "ROUND62":["1","0","0","0","-1","0","1","-1","1","0","1","1"],
  "ROUND63":["1","0","1","-1","0","0","1","-1","1","0","1","1"],
  "ROUND64":["0","0","1","0","0","1","1","-1","1","1","-1","1"],
  "ROUND65":["1","-1","1","0","1","0","-1","0","1","1","1","1"],
  "ROUND66":["1","0","0","1","0","0","-1","1","1","-1","1","1"],
  "ROUND67":["-1","-1","0","1","0","1","1","1","1","1","1","1"],
  "ROUND68":["0","1","0","0","0","-1","1","1","1","-1","1","1"],
  "ROUND69":["0","-1","1","1","-1","0","1","1","1","1","1","1"],
  "ROUND70":["0","0","0","0","0","1","0","-1","-1","1","0","1"],
  "ROUND71":["1","0","0","1","0","0","-1","-1","1","1","0","0"],
  "ROUND72":["0","0","0","0","0","0","1","0","1","-1","-1","1"],
  "ROUND73":["-1","0","1","1","1","0","-1","1","1","1","1","0"],
  "ROUND74":["0","1","1","0","0","1","-1","1","-1","1","1","1"],
  "ROUND75":["1","1","0","0","-1","0","0","1","1","-1","1","1"],
  "ROUND76":["1","-1","-1","0","1","0","0","1","1","1","1","1"],
  "ROUND77":["0","1","0","0","-1","0","1","1","1","1","-1","1"],
  "ROUND78":["0","0","-1","1","0","1","0","-1","1","1","1","1"],
  "ROUND79":["0","1","0","1","0","1","0","1","-1","-1","1","1"],
  "ROUND80":["0","0","0","0","0","1","0","-1","1","1","1","-1"]
}
