{
  "ID":["0","1","2","3","4","5","6","7","8","9","10","11"],
  "ROUND1":["-1","2","-1","2","2","0","2","2","2","0","3","3"],
  "ROUND2":["-1","4","-1","1","4","-1","4","4","5","0","6","3"],
  "ROUND3":["-1","3","1","1","6","1","3","6","5","3","6","6"],
  "ROUND4":["1","5","3","3","8","3","5","8","8","2","6","6"],
  "ROUND5":["1","5","5","5","10","5","7","10","8","2","6","6"],
  "ROUND6":["3","5","7","7","12","5","9","12","8","2","6","6"],
  "ROUND7":["3","7","7","9","14","7","8","14","8","2","9","8"],
  "ROUND8":["5","7","9","11","16","6","10","16","11","2","9","8"],
  "ROUND9":["7","6","9","10","15","8","10","15","14","5","12","11"],
  "ROUND10":["9","8","11","10","15","11","12","17","13","5","12","13"],
  "ROUND11":["11","10","13","10","15","11","14","19","13","7","12","13"],
  "ROUND12":["13","9","12","12","15","11","16","21","13","10","15","13"],
  "ROUND13":["13","11","11","15","14","13","18","23","16","9","15","16"],
  "ROUND14":["15","11","13","17","14","15","18","23","16","9","15","16"],
  "ROUND15":["17","13","15","19","17","17","20","25","16","9","14","18"],
  "ROUND16":["19","15","17","18","16","17","19","27","19","12","14","21"],
  "ROUND17":["21","17","19","17","18","19","21","27","19","15","17","20"],
  "ROUND18":["23","17","21","19","20","21","21","30","18","15","19","20"],
  "ROUND19":["22","16","20","19","22","23","23","32","21","18","22","20"],
  "ROUND20":["22","18","22","21","22","23","25","31","21","21","22","20"],
  "ROUND21":["24","20","24","23","24","22","25","31","21","24","24","20"],
  "ROUND22":["26","20","26","25","23","24","27","33","21","24","27","20"],
  "ROUND23":["25","22","28","27","25","26","29","35","24","24","27","22"],
  "ROUND24":["25","25","30","27","27","28","29","37","24","23","27","22"],
  "ROUND25":["28","25","30","29","29","30","31","37","24","22","27","22"],
  "ROUND26":["30","27","32","31","29","30","33","37","24","24","27","22"],
  "ROUND27":["32","27","34","33","31","32","35","39","26","24","27","22"],
  "ROUND28":["34","29","34","33","33","34","35","41","26","26","27","22"],
  "ROUND29":["33","29","36","35","33","36","35","43","26","29","27","22"],
  "ROUND30":["35","31","38","35","33","36","37","43","29","29","27","21"],
  "ROUND31":["37","31","40","35","33","38","39","42","29","29","30","21"],
  "ROUND32":["36","33","40","34","33","37","39","44","32","29","33","24"],
  "ROUND33":["36","33","40","36","35","39","39","46","32","29","33","24"],
  "ROUND34":["36","35","40","39","35","41","41","48","31","29","33","24"],
  "ROUND35":["38","37","40","39","37","41","41","50","31","29","33","24"],
  "ROUND36":["40","37","40","42","36","43","43","52","34","32","32","23"],
  "ROUND37":["42","36","40","41","38","45","45","52","37","35","32","23"],
  "ROUND38":["45","38","42","43","40","47","47","54","37","35","31","25"],
  "ROUND39":["47","40","44","42","40","47","47","56","36","38","31","28"],
  "ROUND40":["47","42","46","44","40","47","49","59","36","38","30","28"],
  "ROUND41":["49","45","48","46","40","50","52","61","36","37","29","27"],
  "ROUND42":["48","47","50","48","42","52","52","63","36","37","32","27"],
  "ROUND43":["50","49","52","48","44","51","54","65","36","40","32","27"],
  "ROUND44":["50","49","55","50","44","53","54","64","36","39","32","30"],
  "ROUND45":["52","49","58","52","46","53","56","63","36","39","35","29"],
  "ROUND46":["52","49","60","54","48","55","58","65","36","39","35","29"],
  "ROUND47":["52","48","62","54","50","55","60","67","36","39","38","29"],
  "ROUND48":["54","48","62","56","52","57","59","66","39","39","38","32"],
  "ROUND49":["54","50","64","56","52","57","61","68","39","39","38","32"],
  "ROUND50":["54","52","64","56","52","59","63","70","39","39","38","32"],
  "ROUND51":["56","54","64","56","54","59","63","72","39","39","38","32"],
  "ROUND52":["58","56","66","56","56","59","65","74","41","39","40","32"],
  "ROUND53":["58","58","66","58","56","61","67","74","41","39","40","32"],
  "ROUND54":["60","61","68","61","56","63","67","76","41","38","39","32"],
  "ROUND55":["62","61","70","63","58","65","67","76","41","38","39","34"],
  "ROUND56":["64","61","72","65","60","68","69","78","40","38","39","34"],
  "ROUND57":["64","63","72","67","60","70","69","80","43","37","39","34"],
  "ROUND58":["66","62","72","66","60","72","69","80","43","40","42","34"],
  "ROUND59":["69","62","74","66","60","72","71","80","43","39","42","34"],
  "ROUND60":["71","62","76","68","60","72","71","82","43","39","42","34"],
  "ROUND61":["73","64","78","68","62","72","71","82","43","39","42","34"],
  "ROUND62":["75","66","80","70","62","74","71","84","43","39","42","34"],
  "ROUND63":["77","68","82","72","62","76","71","86","43","39","42","34"],
  "ROUND64":["79","70","82","72","64","78","71","86","43","39","42","34"],
  "ROUND65":["78","70","84","74","66","78","73","86","43","42","42","34"],
  "ROUND66":["80","70","83","76","66","77","73","86","46","45","42","34"],
  "ROUND67":["80","72","83","78","68","79","75","89","45","47","42","34"],
  "ROUND68":["82","72","85","78","70","82","75","91","45","46","42","34"],
  "ROUND69":["84","72","87","78","70","82","74","91","45","49","42","34"],
  "ROUND70":["86","72","89","80","72","84","76","91","45","49","42","34"],
  "ROUND71":["86","74","89","82","74","83","79","93","45","52","42","33"],
  "ROUND72":["88","74","91","82","76","83","81","92","48","52","41","36"],
  "ROUND73":["88","76","93","84","78","85","83","92","48","52","41","36"],
  "ROUND74":["88","78","92","86","80","85","85","92","48","52","41","39"],
  "ROUND75":["90","78","94","88","80","87","85","92","48","52","41","39"],
  "ROUND76":["92","80","96","88","80","87","88","94","47","52","41","39"],
  "ROUND77":["94","83","96","90","83","87","90","96","47","52","40","38"],
  "ROUND78":["96","85","98","90","85","87","93","96","47","52","39","38"],
  "ROUND79":["99","87","98","90","87","86","95","98","50","51","38","41"],
  "ROUND80":["101","86","98","92","87","86","95","98","50","51","38","44"]
}
