{
  "ID":["0","1","2","3","4","5","6","7","8","9","10","11"],
  "ROUND1":["2","-1","-1","-1","3","0","3","0","0","0","3","2"],
  "ROUND2":["2","-2","1","1","3","0","3","0","-1","0","6","5"],
  "ROUND3":["4","-2","0","1","3","0","5","3","-2","3","6","5"],
  "ROUND4":["3","-3","-1","0","6","3","5","6","1","3","5","8"],
  "ROUND5":["2","-3","-1","-1","6","3","8","9","1","3","5","8"],
  "ROUND6":["1","-1","1","-2","9","3","11","8","1","6","5","8"],
  "ROUND7":["0","-1","1","-3","8","6","11","11","1","8","7","11"],
  "ROUND8":["0","1","3","-1","8","6","11","11","4","7","7","13"],
  "ROUND9":["-1","0","3","2","8","6","10","14","3","10","10","13"],
  "ROUND10":["1","-1","3","2","8","6","10","14","3","12","13","13"],
  "ROUND11":["4","-1","6","2","8","5","10","13","3","12","13","13"],
  "ROUND12":["4","2","6","1","11","5","9","13","2","15","16","12"],
  "ROUND13":["3","2","5","1","11","5","12","16","5","15","16","11"],
  "ROUND14":["3","2","4","1","11","5","12","16","5","15","16","14"],
  "ROUND15":["5","1","3","3","11","5","12","16","8","18","16","14"],
  "ROUND16":["7","0","3","5","10","8","15","19","10","18","18","13"],
  "ROUND17":["6","-1","3","5","10","8","18","19","13","17","18","16"],
  "ROUND18":["6","-1","3","5","10","8","18","19","13","17","18","16"],
  "ROUND19":["6","2","3","5","10","8","17","19","16","16","21","15"],
  "ROUND20":["6","2","3","4","10","8","17","22","15","16","24","15"],
  "ROUND21":["5","5","5","6","9","8","17","25","15","19","23","15"],
  "ROUND22":["5","4","7","8","12","8","20","25","15","19","22","15"],
  "ROUND23":["5","3","7","7","12","11","20","25","15","19","22","18"],
  "ROUND24":["5","3","7","6","12","11","23","25","15","19","22","18"],
  "ROUND25":["5","5","9","6","12","11","23","25","15","19","22","18"],
  "ROUND26":["5","5","9","6","12","11","26","24","15","19","22","18"],
  "ROUND27":["7","7","8","8","15","11","26","24","18","21","22","17"],
  "ROUND28":["7","7","8","11","18","11","26","24","17","21","21","17"],
  "ROUND29":["7","10","8","14","21","10","26","24","16","21","20","17"],
  "ROUND30":["10","10","7","14","20","10","29","24","16","21","20","17"],
  "ROUND31":["10","10","9","16","23","9","29","24","16","21","20","17"],
  "ROUND32":["10","10","9","19","23","9","29","24","16","20","20","17"],
  "ROUND33":["10","10","11","21","23","11","29","26","16","20","20","17"],
  "ROUND34":["9","10","11","21","26","11","29","28","16","22","20","17"],
  "ROUND35":["11","13","13","24","25","11","29","27","15","25","20","17"],
  "ROUND36":["14","13","13","24","24","11","28","27","18","24","23","17"],
  "ROUND37":["17","13","13","23","24","11","28","27","18","27","23","16"],
  "ROUND38":["17","13","15","25","23","11","28","27","18","30","23","16"],
  "ROUND39":["20","13","18","24","22","11","28","30","17","30","23","16"],
  "ROUND40":["22","12","20","24","22","11","28","30","20","30","23","16"],
  "ROUND41":["24","15","22","24","22","11","28","29","19","33","23","16"],
  "ROUND42":["23","14","21","26","22","11","31","28","22","36","25","19"],
  "ROUND43":["25","16","23","28","22","10","31","28","22","39","25","19"],
  "ROUND44":["28","16","23","28","22","10","31","27","22","42","25","18"],
  "ROUND45":["28","18","25","28","22","10","31","27","22","42","25","18"],
  "ROUND46":["30","17","27","28","21","13","31","27","22","42","25","21"],
  "ROUND47":["32","17","29","30","23","16","31","27","22","42","25","20"],
  "ROUND48":["34","19","29","29","23","18","31","29","22","42","28","20"],
  "ROUND49":["34","19","29","29","23","18","31","32","22","41","28","20"],
  "ROUND50":["36","19","31","29","26","18","30","32","25","41","28","19"],
  "ROUND51":["39","19","31","29","26","18","33","31","25","41","28","18"],
  "ROUND52":["39","21","33","32","25","18","33","31","25","41","27","21"],
  "ROUND53":["38","24","33","32","28","18","32","31","24","41","27","24"],
  "ROUND54":["38","24","33","32","28","18","32","31","24","41","27","24"],
  "ROUND55":["37","24","33","32","28","18","32","34","24","41","27","24"],
  "ROUND56":["37","26","33","34","28","18","32","34","24","40","30","24"],
  "ROUND57":["37","26","33","33","31","18","32","34","24","40","30","24"],
  "ROUND58":["39","28","33","33","33","18","34","34","24","40","30","24"],
  "ROUND59":["39","28","33","33","35","18","34","36","24","40","30","24"],
  "ROUND60":["41","28","33","33","37","18","33","36","24","40","33","24"],
  "ROUND61":["43","30","35","35","40","17","36","35","24","40","33","24"],
  "ROUND62":["42","32","37","35","43","17","35","35","27","40","33","24"],
  "ROUND63":["42","31","36","34","43","17","38","35","30","40","36","24"],
  "ROUND64":["44","33","36","34","43","16","41","34","30","40","36","27"],
  "ROUND65":["44","35","38","34","43","16","41","33","30","40","36","30"],
  "ROUND66":["46","35","40","34","43","16","41","36","30","39","36","30"],
  "ROUND67":["46","35","40","34","43","16","40","36","30","39","36","33"],
  "ROUND68":["46","35","42","36","46","15","43","36","30","38","36","33"],
  "ROUND69":["48","37","42","39","46","14","43","36","33","38","36","32"],
  "ROUND70":["48","37","44","41","46","14","42","36","36","38","39","31"],
  "ROUND71":["48","37","44","41","46","14","42","36","36","38","39","31"],
  "ROUND72":["47","37","46","43","46","13","45","36","36","38","42","31"],
  "ROUND73":["50","37","46","43","46","13","44","36","36","38","42","31"],
  "ROUND74":["50","37","46","43","46","13","43","36","39","38","42","31"],
  "ROUND75":["50","39","48","43","49","13","46","36","38","38","42","30"],
  "ROUND76":["52","39","50","43","49","15","48","36","40","38","42","32"],
  "ROUND77":["54","39","50","45","52","15","47","36","40","38","42","32"],
  "ROUND78":["54","39","50","44","52","15","47","36","40","38","42","35"],
  "ROUND79":["54","39","50","44","52","15","50","36","40","38","41","35"],
  "ROUND80":["57","41","52","44","51","15","53","35","40","38","41","35"]
}
