{
  "ID":["0","1","2","3","4","5","6","7","8","9","10","11"],
  "ROUND1":["2","2","0","2","-1","2","2","2","2","3","2","0"],
  "ROUND2":["1","4","2","4","-1","2","4","5","4","3","4","0"],
  "ROUND3":["1","6","4","6","1","4","6","5","4","2","4","3"],
  "ROUND4":["3","8","6","5","0","6","9","8","6","2","6","3"],
  "ROUND5":["5","10","8","7","0","6","8","8","6","2","9","3"],
  "ROUND6":["4","12","8","7","0","5","11","8","9","2","11","3"],
  "ROUND7":["6","12","10","9","2","7","14","7","9","1","14","5"],
  "ROUND8":["8","14","12","11","4","7","13","7","11","3","17","7"],
  "ROUND9":["11","16","14","11","6","9","12","7","13","5","17","7"],
  "ROUND10":["13","16","16","10","9","11","14","9","13","4","19","10"],
  "ROUND11":["15","18","18","12","9","13","14","8","16","6","21","12"],
  "ROUND12":["17","18","20","11","8","13","17","11","19","5","23","14"],
  "ROUND13":["19","20","20","14","7","15","16","14","19","8","25","13"],
  "ROUND14":["21","22","19","14","7","14","19","14","22","10","25","15"],
  "ROUND15":["24","21","21","14","9","17","18","13","22","12","27","18"],
  "ROUND16":["23","23","23","16","11","17","20","12","25","12","30","20"],
  "ROUND17":["26","25","23","18","11","19","19","14","24","14","32","23"],
  "ROUND18":["28","27","22","17","13","21","22","14","23","17","32","26"],
  "ROUND19":["27","29","24","19","15","21","24","17","22","17","34","29"],
  "ROUND20":["29","31","26","21","15","23","24","17","24","17","36","31"],
  "ROUND21":["29","31","28","23","18","22","24","17","23","16","39","34"],
  "ROUND22":["31","33","30","23","21","24","23","16","23","16","42","34"],
  "ROUND23":["33","35","29","25","23","24","25","19","25","19","42","33"],
  "ROUND24":["35","37","31","27","23","26","25","18","27","21","45","35"],
  "ROUND25":["37","39","33","29","25","25","27","18","29","24","47","35"],
  "ROUND26":["39","41","35","31","24","27","27","18","31","27","47","35"],
  "ROUND27":["38","43","35","33","26","29","30","18","31","27","49","37"],
  "ROUND28":["38","45","38","32","28","29","30","18","30","27","49","40"],
  "ROUND29":["40","44","38","34","30","31","33","20","32","26","49","43"],
  "ROUND30":["40","46","40","36","30","33","35","20","34","28","49","45"],
  "ROUND31":["40","46","42","38","30","36","35","22","36","27","51","47"],
  "ROUND32":["39","48","44","38","32","38","35","22","36","30","50","50"],
  "ROUND33":["42","48","46","40","34","40","35","21","38","30","50","52"],
  "ROUND34":["44","50","48","43","36","40","34","23","40","30","53","51"],
  "ROUND35":["46","50","50","45","38","40","37","25","42","29","56","50"],
  "ROUND36":["46","52","49","47","40","42","39","27","42","32","56","50"],
  "ROUND37":["46","52","51","49","39","44","42","29","44","34","58","52"],
  "ROUND38":["46","54","51","49","41","46","42","28","44","34","60","55"],
  "ROUND39":["49","56","53","51","43","48","41","28","43","34","62","58"],
  "ROUND40":["51","58","53","53","45","50","43","27","45","37","64","58"],
  "ROUND41":["53","58","55","53","47","50","42","30","47","37","64","58"],
  "ROUND42":["55","60","57","55","49","52","44","32","47","37","66","60"],
  "ROUND43":["57","60","59","58","49","54","46","34","49","36","66","60"],
  "ROUND44":["59","62","59","60","49","56","48","36","49","39","66","59"],
  "ROUND45":["61","64","59","60","49","56","47","36","51","41","69","59"],
  "ROUND46":["63","66","61","60","51","59","47","39","50","43","68","61"],
  "ROUND47":["66","65","63","60","54","61","46","42","49","42","71","61"],
  "ROUND48":["65","68","65","62","57","63","45","42","51","41","71","64"],
  "ROUND49":["64","70","68","64","59","62","48","42","53","40","74","64"],
  "ROUND50":["66","70","71","66","61","61","48","44","55","42","77","63"],
  "ROUND51":["68","72","71","65","63","61","47","47","57","45","76","66"],
  "ROUND52":["70","72","73","68","65","61","49","46","59","47","76","66"],
  "ROUND53":["72","74","73","71","65","63","48","46","61","49","78","66"],
  "ROUND54":["71","73","75","71","64","65","48","49","64","52","80","68"],
  "ROUND55":["71","72","75","73","66","65","51","48","67","54","80","70"],
  "ROUND56":["71","72","77","72","66","67","51","47","69","57","83","72"],
  "ROUND57":["71","74","77","74","68","69","53","49","69","57","83","72"],
  "ROUND58":["71","76","79","73","67","69","56","52","68","59","85","75"],
  "ROUND59":["71","78","78","72","69","69","56","52","71","62","85","75"],
  "ROUND60":["70","80","80","75","69","72","55","51","71","65","85","75"],
  "ROUND61":["70","80","82","75","71","74","57","51","73","65","85","77"],
  "ROUND62":["72","80","82","75","73","74","59","51","73","67","85","77"],
  "ROUND63":["72","83","84","75","73","76","58","51","76","67","85","76"],
  "ROUND64":["72","83","86","77","75","78","58","53","76","69","87","78"],
  "ROUND65":["75","85","86","77","78","80","58","52","76","69","86","78"],
  "ROUND66":["75","88","88","79","80","82","58","54","76","68","88","78"],
  "ROUND67":["75","87","87","81","82","85","60","56","79","71","87","78"],
  "ROUND68":["75","89","90","83","82","87","62","56","79","70","89","80"],
  "ROUND69":["75","92","93","86","84","87","61","55","78","72","92","79"],
  "ROUND70":["77","95","95","86","87","87","63","54","77","74","94","81"],
  "ROUND71":["77","97","97","88","86","89","65","53","77","77","96","84"],
  "ROUND72":["77","99","99","90","88","91","65","53","77","79","96","84"],
  "ROUND73":["79","101","101","90","90","91","65","56","77","79","95","84"],
  "ROUND74":["81","103","103","92","92","91","65","56","77","81","97","86"],
  "ROUND75":["81","105","105","94","92","93","65","58","77","81","97","88"],
  "ROUND76":["81","107","107","96","94","93","64","58","80","81","97","88"],
  "ROUND77":["81","109","109","98","96","95","64","58","82","83","99","88"],
  "ROUND78":["83","111","111","100","98","97","66","58","82","85","101","90"],
  "ROUND79":["86","113","113","102","97","97","69","60","81","85","104","89"],
  "ROUND80":["88","115","112","102","99","99","72","60","80","85","107","89"]
}
