{
  "ID":["0","1","2","3","4","5","6","7","8","9","10","11"],
  "ROUND1":["2","0","2","2","2","2","2","3","-1","2","2","0"],
  "ROUND2":["1","0","2","5","1","1","1","6","2","5","1","3"],
  "ROUND3":["0","2","1","8","3","1","4","5","4","5","3","6"],
  "ROUND4":["2","4","1","8","5","0","4","5","7","5","3","8"],
  "ROUND5":["5","6","4","10","5","0","3","4","7","5","3","8"],
  "ROUND6":["4","8","4","13","7","-1","5","4","9","8","5","10"],
  "ROUND7":["6","10","4","15","9","-2","8","4","8","10","7","13"],
  "ROUND8":["8","12","6","17","11","0","8","3","11","10","10","12"],
  "ROUND9":["10","14","6","19","13","2","8","5","13","9","12","15"],
  "ROUND10":["10","16","5","21","16","1","11","8","12","9","15","14"],
  "ROUND11":["9","18","7","23","18","4","13","10","14","9","15","16"],
  "ROUND12":["12","20","6","22","20","4","15","12","17","11","17","16"],
  "ROUND13":["14","19","5","21","23","4","18","14","17","14","20","15"],
  "ROUND14":["16","18","8","21","25","6","21","16","16","14","19","18"],
  "ROUND15":["16","20","10","20","28","8","23","16","18","16","21","20"],
  "ROUND16":["16","19","9","22","27","11","26","19","20","15","21","23"],
  "ROUND17":["15","21","9","22","26","13","26","22","23","14","24","23"],
  "ROUND18":["15","24","11","24","26","15","26","24","23","14","24","22"],
  "ROUND19":["18","24","14","26","26","14","25","27","23","13","26","22"],
  "ROUND20":["20","23","14","29","26","13","24","27","26","13","29","24"],
  "ROUND21":["22","22","16","29","29","15","23","29","28","16","31","24"],
  "ROUND22":["24","22","19","31","31","14","23","31","31","16","30","24"],
  "ROUND23":["24","22","18","34","34","13","26","30","30","16","30","27"],
  "ROUND24":["23","21","21","36","37","12","25","30","33","18","33","27"],
  "ROUND25":["25","23","23","36","37","12","27","32","32","21","33","29"],
  "ROUND26":["24","22","22","38","40","15","29","35","32","20","33","32"],
  "ROUND27":["24","25","24","40","39","18","28","35","31","23","35","34"],
  "ROUND28":["23","25","26","42","39","18","31","37","31","23","35","36"],
  "ROUND29":["22","25","28","42","38","21","31","40","30","23","37","39"],
  "ROUND30":["22","25","28","45","38","20","31","40","29","23","37","42"],
  "ROUND31":["25","25","30","47","40","22","33","40","31","25","36","44"],
  "ROUND32":["28","24","32","47","42","21","35","43","33","27","38","44"],
  "ROUND33":["28","24","31","50","44","24","34","45","32","30","41","43"],
  "ROUND34":["30","26","31","52","47","23","36","47","32","29","44","45"],
  "ROUND35":["32","28","34","54","49","25","36","49","32","32","43","44"],
  "ROUND36":["34","30","36","56","49","27","36","51","34","34","43","44"],
  "ROUND37":["34","32","35","55","51","29","36","53","37","34","46","44"],
  "ROUND38":["34","32","38","55","50","29","38","52","37","36","46","47"],
  "ROUND39":["36","32","38","54","53","31","41","52","39","36","45","49"],
  "ROUND40":["36","32","41","54","53","30","41","51","39","38","47","52"],
  "ROUND41":["35","32","43","54","52","33","44","54","39","37","49","52"],
  "ROUND42":["38","31","45","56","54","33","43","54","42","39","51","54"],
  "ROUND43":["41","31","47","55","56","33","46","54","42","38","53","56"],
  "ROUND44":["43","34","49","57","56","33","46","56","42","37","53","56"],
  "ROUND45":["42","37","49","57","56","35","46","58","41","40","53","56"],
  "ROUND46":["42","37","49","59","56","38","48","57","41","43","52","56"],
  "ROUND47":["44","36","51","61","56","37","51","60","43","42","55","56"],
  "ROUND48":["46","36","53","64","58","37","54","59","42","44","55","56"],
  "ROUND49":["49","35","52","67","58","37","56","61","41","47","57","58"],
  "ROUND50":["51","35","54","66","58","37","59","63","43","47","59","60"],
  "ROUND51":["53","35","56","68","60","36","62","63","43","47","59","60"],
  "ROUND52":["55","35","55","71","59","38","62","66","45","47","59","62"],
  "ROUND53":["57","35","58","70","58","40","65","65","44","50","59","65"],
  "ROUND54":["59","37","58","70","58","42","65","64","47","52","61","67"],
  "ROUND55":["58","39","60","72","58","45","65","66","49","54","63","69"],
  "ROUND56":["60","42","60","74","60","44","64","66","51","54","63","72"],
  "ROUND57":["60","42","59","74","60","47","67","66","51","54","63","71"],
  "ROUND58":["62","42","61","74","63","50","66","65","53","54","65","71"],
  "ROUND59":["64","42","60","73","63","53","68","68","53","56","67","71"],
  "ROUND60":["64","42","60","73","66","55","71","67","56","55","66","73"],
  "ROUND61":["66","45","63","73","66","54","73","69","58","57","68","72"],
  "ROUND62":["68","47","65","75","68","53","75","72","58","59","70","72"],
  "ROUND63":["71","47","67","77","71","55","77","74","57","58","72","72"],
  "ROUND64":["74","46","69","77","73","58","80","73","57","58","71","72"],
  "ROUND65":["76","49","68","76","73","58","82","75","57","58","74","74"],
  "ROUND66":["78","49","70","76","73","58","84","75","59","60","74","76"],
  "ROUND67":["80","48","73","78","73","60","83","75","62","62","76","78"],
  "ROUND68":["80","50","75","81","76","60","82","75","62","65","75","77"],
  "ROUND69":["82","53","75","83","75","59","82","75","65","64","78","77"],
  "ROUND70":["84","53","78","86","77","61","82","77","64","66","77","79"],
  "ROUND71":["86","52","78","85","76","64","85","79","67","68","77","81"],
  "ROUND72":["88","55","78","88","76","64","85","78","69","68","76","81"],
  "ROUND73":["88","57","80","90","75","64","88","80","71","70","76","81"],
  "ROUND74":["90","59","80","92","75","67","90","83","70","72","75","83"],
  "ROUND75":["92","61","82","94","77","67","93","83","69","74","77","85"],
  "ROUND76":["95","64","82","93","76","66","93","83","69","74","77","88"],
  "ROUND77":["97","64","82","92","76","66","95","83","68","77","77","91"],
  "ROUND78":["97","64","82","91","76","69","98","83","67","77","79","93"],
  "ROUND79":["96","66","82","94","76","71","100","85","67","77","81","95"],
  "ROUND80":["98","69","82","97","78","73","102","87","66","79","80","95"]
}
