{
  "ID":["0","1","2","3","4","5","6","7","8","9","10","11"],
  "ROUND1":["-1","0","2","-1","2","0","2","2","2","3","3","2"],
  "ROUND2":["1","2","1","-1","4","-1","4","4","5","3","6","4"],
  "ROUND3":["0","1","1","-2","6","-1","6","6","8","5","9","7"],
  "ROUND4":["2","3","3","-2","8","-1","8","8","7","8","9","7"],
  "ROUND5":["2","3","6","0","10","2","7","10","6","11","8","9"],
  "ROUND6":["4","5","6","2","12","4","6","12","6","14","7","12"],
  "ROUND7":["6","7","8","4","14","4","8","14","8","16","7","14"],
  "ROUND8":["8","9","10","4","13","4","10","16","8","19","7","16"],
  "ROUND9":["7","11","10","7","16","6","12","16","10","18","10","15"],
  "ROUND10":["7","11","10","9","18","8","14","15","12","20","10","18"],
  "ROUND11":["9","13","12","12","20","8","16","15","14","22","9","20"],
  "ROUND12":["11","13","14","11","22","8","16","17","17","24","9","22"],
  "ROUND13":["11","15","16","13","21","10","18","19","20","24","11","24"],
  "ROUND14":["13","15","18","13","23","12","20","19","20","26","13","26"],
  "ROUND15":["15","15","20","13","25","14","23","18","23","25","16","25"],
  "ROUND16":["17","17","19","13","27","16","25","20","26","27","16","27"],
  "ROUND17":["19","19","21","15","29","18","27","22","28","29","16","27"],
  "ROUND18":["22","18","23","17","31","20","29","24","31","29","15","27"],
  "ROUND19":["24","20","23","19","33","22","29","26","31","31","17","27"],
  "ROUND20":["26","23","25","21","35","21","31","26","30","34","17","29"],
  "ROUND21":["28","23","24","23","37","23","33","26","32","37","19","31"],
  "ROUND22":["30","25","27","25","39","23","32","28","31","39","22","31"],
  "ROUND23":["30","24","29","27","41","23","34","30","34","41","24","33"],
  "ROUND24":["32","26","31","30","43","25","36","30","33","41","26","35"],
  "ROUND25":["32","25","33","32","43","27","38","29","33","44","26","38"],
  "ROUND26":["35","27","33","32","45","29","41","31","32","44","26","37"],
  "ROUND27":["35","29","35","31","48","31","43","33","31","47","26","39"],
  "ROUND28":["37","31","37","33","50","33","43","35","33","49","28","39"],
  "ROUND29":["39","31","39","35","52","35","45","37","35","51","30","39"],
  "ROUND30":["39","31","38","38","54","37","47","39","37","50","32","42"],
  "ROUND31":["41","31","40","40","56","39","49","39","39","52","32","42"],
  "ROUND32":["43","33","39","40","58","41","51","41","39","54","35","44"],
  "ROUND33":["45","33","39","42","58","43","53","44","42","53","34","44"],
  "ROUND34":["47","35","42","44","60","45","55","46","42","53","36","43"],
  "ROUND35":["49","35","44","46","62","47","54","48","45","53","36","43"],
  "ROUND36":["51","37","44","48","64","49","56","48","45","53","38","45"],
  "ROUND37":["53","37","43","50","66","51","56","50","48","52","40","48"],
  "ROUND38":["55","39","42","52","68","54","58","52","51","51","40","48"],
  "ROUND39":["54","39","44","54","67","54","61","52","50","54","43","48"],
  "ROUND40":["56","41","46","54","67","56","64","54","53","56","42","47"],
  "ROUND41":["55","43","46","56","69","58","66","56","53","56","42","50"],
  "ROUND42":["57","45","49","58","71","58","66","59","52","58","44","49"],
  "ROUND43":["57","47","51","60","73","57","68","61","55","58","43","52"],
  "ROUND44":["57","47","53","62","75","57","70","60","57","58","45","55"],
  "ROUND45":["59","47","55","64","75","60","72","62","56","60","47","57"],
  "ROUND46":["61","49","57","64","77","62","74","64","59","62","46","57"],
  "ROUND47":["61","49","59","64","79","64","73","66","58","65","46","60"],
  "ROUND48":["63","49","61","66","78","66","75","68","60","67","46","63"],
  "ROUND49":["65","49","63","66","77","65","77","70","63","67","46","66"],
  "ROUND50":["67","51","65","65","80","67","77","72","62","69","49","66"],
  "ROUND51":["69","53","67","64","82","69","79","74","64","69","49","69"],
  "ROUND52":["71","53","69","66","81","71","81","76","66","71","52","69"],
  "ROUND53":["73","55","69","68","83","73","83","76","68","71","54","69"],
  "ROUND54":["75","55","71","70","85","72","85","76","70","71","57","69"],
  "ROUND55":["75","57","71","73","85","74","87","78","70","71","57","68"],
  "ROUND56":["75","57","73","75","87","74","89","77","70","70","60","71"],
  "ROUND57":["75","59","75","77","89","76","92","79","72","70","62","70"],
  "ROUND58":["77","62","77","77","91","78","94","81","75","70","61","69"],
  "ROUND59":["76","61","80","79","93","78","94","83","78","73","60","71"],
  "ROUND60":["76","60","83","79","93","78","96","85","78","72","60","74"],
  "ROUND61":["79","60","85","81","93","78","96","84","81","72","60","73"],
  "ROUND62":["81","62","87","83","93","77","98","86","84","74","60","75"],
  "ROUND63":["81","65","89","83","92","79","100","88","87","74","60","74"],
  "ROUND64":["81","67","91","85","94","81","102","90","87","76","62","76"],
  "ROUND65":["81","69","93","85","96","83","104","92","90","75","64","78"],
  "ROUND66":["84","72","95","87","96","83","106","94","89","75","63","78"],
  "ROUND67":["86","74","95","89","99","83","108","96","91","75","62","78"],
  "ROUND68":["88","76","95","91","102","86","108","96","90","74","64","78"],
  "ROUND69":["91","78","97","93","102","88","107","98","89","76","64","81"],
  "ROUND70":["91","80","99","95","102","90","109","100","91","78","66","83"],
  "ROUND71":["91","82","101","94","104","92","111","102","93","80","66","86"],
  "ROUND72":["93","82","103","94","106","94","113","104","95","82","68","88"],
  "ROUND73":["95","82","105","94","106","96","115","106","97","81","68","91"],
  "ROUND74":["97","84","105","96","109","98","115","108","97","83","68","90"],
  "ROUND75":["99","86","105","98","111","100","117","110","99","85","68","92"],
  "ROUND76":["101","85","107","100","113","103","119","110","102","85","67","94"],
  "ROUND77":["101","88","110","102","115","105","119","110","102","87","66","93"],
  "ROUND78":["103","90","112","102","117","107","121","112","102","86","68","96"],
  "ROUND79":["103","93","114","102","119","109","121","114","101","88","70","96"],
  "ROUND80":["105","95","116","102","122","109","123","114","100","88","70","96"]
}
