{
  "ID":["0","1","2","3","4","5","6","7","8","9","10","11"],
  "ROUND1":["2","2","2","2","0","2","2","2","2","2","0","2"],
  "ROUND2":["2","4","4","4","-1","2","1","4","5","4","3","4"],
  "ROUND3":["1","3","6","4","1","4","1","6","8","6","6","6"],
  "ROUND4":["3","3","8","6","3","6","0","6","10","8","8","9"],
  "ROUND5":["3","3","10","8","5","5","2","9","12","10","10","11"],
  "ROUND6":["5","2","12","10","5","7","5","11","11","13","10","13"],
  "ROUND7":["5","5","14","12","5","9","7","11","13","13","9","15"],
  "ROUND8":["7","7","16","14","7","11","9","11","16","13","8","17"],
  "ROUND9":["6","7","15","16","7","13","12","13","18","15","10","20"],
  "ROUND10":["5","9","17","18","7","15","14","15","20","15","12","23"],
  "ROUND11":["5","8","16","20","9","17","17","17","20","17","15","25"],
  "ROUND12":["5","10","19","22","11","19","19","16","20","20","17","24"],
  "ROUND13":["7","12","19","22","13","19","21","16","22","22","19","26"],
  "ROUND14":["7","14","18","22","15","22","23","15","24","22","22","26"],
  "ROUND15":["7","16","20","24","17","24","23","17","26","22","24","26"],
  "ROUND16":["9","18","20","24","19","26","25","19","29","21","27","25"],
  "ROUND17":["9","18","22","26","21","28","27","22","31","23","26","27"],
  "ROUND18":["11","21","24","28","21","30","29","24","34","22","25","27"],
  "ROUND19":["13","23","24","30","23","32","29","26","36","24","27","29"],
  "ROUND20":["13","23","24","32","25","34","29","26","38","26","29","29"],
  "ROUND21":["13","25","26","34","25","36","31","26","40","28","29","31"],
  "ROUND22":["13","27","28","36","27","35","31","29","42","30","31","33"],
  "ROUND23":["13","29","31","38","29","37","33","31","42","32","30","35"],
  "ROUND24":["15","31","33","40","31","36","35","31","44","32","33","37"],
  "ROUND25":["15","33","35","42","33","39","37","30","44","32","33","39"],
  "ROUND26":["17","35","37","44","35","38","40","32","46","34","33","39"],
  "ROUND27":["20","37","39","46","37","40","39","31","49","34","35","39"],
  "ROUND28":["23","37","39","48","39","42","39","31","51","36","37","38"],
  "ROUND29":["25","36","41","50","41","44","39","34","53","38","39","38"],
  "ROUND30":["28","36","40","52","43","46","41","36","52","41","41","38"],
  "ROUND31":["28","38","43","52","45","48","43","39","54","40","43","37"],
  "ROUND32":["30","40","45","54","47","50","45","41","54","40","45","39"],
  "ROUND33":["32","42","47","56","49","50","47","43","56","42","47","39"],
  "ROUND34":["31","45","49","58","51","50","49","46","58","41","47","41"],
  "ROUND35":["33","44","49","57","50","52","49","49","60","44","49","44"],
  "ROUND36":["35","44","51","59","52","51","52","49","62","47","51","43"],
  "ROUND37":["37","44","53","61","52","54","54","51","65","46","53","42"],
  "ROUND38":["37","47","56","61","54","56","53","50","67","48","55","44"],
  "ROUND39":["39","50","58","63","56","58","53","52","69","48","57","43"],
  "ROUND40":["39","49","60","65","56","60","55","51","72","50","59","46"],
  "ROUND41":["39","48","59","68","59","60","54","50","75","49","62","49"],
  "ROUND42":["38","50","59","68","61","62","56","52","77","51","65","51"],
  "ROUND43":["40","52","61","70","61","61","58","52","76","54","68","53"],
  "ROUND44":["39","52","63","69","63","63","60","52","78","56","71","56"],
  "ROUND45":["42","51","65","71","65","65","63","54","80","56","70","56"],
  "ROUND46":["44","53","65","73","65","67","63","57","80","58","69","58"],
  "ROUND47":["46","55","67","75","67","69","63","59","82","58","71","60"],
  "ROUND48":["46","54","69","77","67","71","62","61","82","61","74","60"],
  "ROUND49":["46","54","71","79","66","73","64","63","85","63","76","62"],
  "ROUND50":["48","54","73","81","65","73","66","63","85","66","76","62"],
  "ROUND51":["50","56","75","81","67","75","68","65","87","68","78","62"],
  "ROUND52":["52","56","77","83","69","77","71","67","87","70","80","61"],
  "ROUND53":["54","58","80","85","69","77","70","69","86","72","82","64"],
  "ROUND54":["54","58","82","84","71","76","73","71","89","74","81","67"],
  "ROUND55":["56","60","84","87","71","79","75","73","88","74","80","69"],
  "ROUND56":["56","62","86","89","73","81","74","72","88","76","83","72"],
  "ROUND57":["58","62","88","91","75","80","74","74","91","75","86","74"],
  "ROUND58":["60","64","87","93","75","83","77","76","91","78","85","73"],
  "ROUND59":["62","67","89","93","78","85","79","78","93","77","85","72"],
  "ROUND60":["64","69","89","95","80","88","79","80","93","79","84","72"],
  "ROUND61":["66","71","91","94","82","87","82","82","93","81","87","72"],
  "ROUND62":["66","73","93","93","81","86","82","85","96","83","89","75"],
  "ROUND63":["68","75","93","95","81","89","85","85","96","82","88","77"],
  "ROUND64":["70","77","93","97","83","91","87","84","99","84","88","79"],
  "ROUND65":["73","77","95","99","85","94","89","83","99","83","87","82"],
  "ROUND66":["75","79","97","101","87","94","91","83","101","85","89","84"],
  "ROUND67":["77","81","99","100","89","94","93","85","101","84","92","87"],
  "ROUND68":["77","83","101","102","89","96","95","84","101","86","95","87"],
  "ROUND69":["79","83","100","104","91","95","98","86","101","88","97","90"],
  "ROUND70":["81","85","103","106","94","94","98","89","103","87","96","90"],
  "ROUND71":["80","87","103","109","96","93","100","92","105","90","95","90"],
  "ROUND72":["79","87","103","109","95","92","103","95","105","92","98","92"],
  "ROUND73":["81","89","102","111","95","92","102","95","108","94","101","92"],
  "ROUND74":["81","92","104","114","98","92","102","94","107","96","101","91"],
  "ROUND75":["84","94","107","114","98","92","101","96","107","99","100","90"],
  "ROUND76":["86","94","107","113","100","95","100","98","106","101","103","93"],
  "ROUND77":["88","93","107","113","102","98","102","101","108","103","102","95"],
  "ROUND78":["88","92","109","113","101","98","102","101","111","105","105","95"],
  "ROUND79":["87","92","109","116","100","98","101","103","113","108","108","95"],
  "ROUND80":["87","95","111","118","102","100","100","105","115","107","111","95"]
}
