{
  "ID":["0","1","2","3","4","5","6","7","8","9","10","11"],
  "ROUND1":["2","2","2","2","2","2","0","2","2","0","3","-1"],
  "ROUND2":["4","4","4","2","2","1","2","4","5","2","6","-2"],
  "ROUND3":["6","4","4","4","4","3","4","3","8","4","9","-3"],
  "ROUND4":["8","6","6","4","6","3","6","2","10","3","12","0"],
  "ROUND5":["10","5","8","6","6","3","8","4","12","5","14","3"],
  "ROUND6":["9","7","8","5","8","5","7","6","15","8","17","3"],
  "ROUND7":["8","9","10","7","7","7","7","8","18","10","20","3"],
  "ROUND8":["8","11","9","9","9","9","9","10","20","13","22","3"],
  "ROUND9":["8","11","11","11","11","11","11","12","23","12","22","3"],
  "ROUND10":["10","14","13","11","11","13","13","14","25","14","24","2"],
  "ROUND11":["12","16","15","13","13","15","15","16","25","13","27","2"],
  "ROUND12":["11","18","15","15","15","17","15","18","27","12","30","5"],
  "ROUND13":["14","20","15","15","14","17","17","17","30","12","29","8"],
  "ROUND14":["16","20","14","17","16","16","19","19","32","15","32","8"],
  "ROUND15":["19","22","17","19","16","16","19","19","32","14","32","7"],
  "ROUND16":["21","21","19","21","18","18","19","21","32","17","34","9"],
  "ROUND17":["23","24","21","23","20","20","19","23","32","16","33","12"],
  "ROUND18":["25","26","20","25","22","19","21","23","35","16","36","14"],
  "ROUND19":["27","28","20","24","21","21","23","25","38","19","38","14"],
  "ROUND20":["29","27","19","26","23","21","23","27","38","22","38","17"],
  "ROUND21":["31","26","21","28","23","23","25","29","41","22","37","20"],
  "ROUND22":["33","28","23","30","23","26","27","31","40","22","37","20"],
  "ROUND23":["32","31","23","29","23","26","29","33","39","22","40","23"],
  "ROUND24":["34","33","23","29","25","28","32","33","38","25","40","22"],
  "ROUND25":["34","35","25","31","25","31","32","35","38","27","39","24"],
  "ROUND26":["36","37","25","31","25","33","34","35","38","27","39","24"],
  "ROUND27":["36","39","25","33","27","35","33","37","38","27","41","27"],
  "ROUND28":["38","41","28","35","27","35","33","36","37","30","41","29"],
  "ROUND29":["40","43","28","35","27","35","36","39","36","30","41","28"],
  "ROUND30":["42","43","28","37","29","35","38","41","38","32","43","28"],
  "ROUND31":["45","45","30","40","29","35","40","43","37","32","42","28"],
  "ROUND32":["47","45","32","42","29","37","42","43","39","32","42","28"],
  "ROUND33":["49","47","34","44","31","37","41","45","42","32","41","31"],
  "ROUND34":["51","49","33","46","33","39","43","47","45","32","41","33"],
  "ROUND35":["53","51","36","48","33","41","45","49","44","32","40","36"],
  "ROUND36":["53","53","39","48","33","41","45","51","43","32","40","36"],
  "ROUND37":["55","53","39","48","36","43","47","53","43","32","39","36"],
  "ROUND38":["54","52","41","48","36","45","49","55","43","32","42","39"],
  "ROUND39":["54","54","43","50","38","48","51","55","45","31","42","39"],
  "ROUND40":["56","53","42","49","38","50","51","55","48","34","45","39"],
  "ROUND41":["58","55","42","51","40","49","50","55","51","34","48","39"],
  "ROUND42":["60","55","44","53","42","51","52","55","50","37","48","39"],
  "ROUND43":["62","57","44","55","44","53","54","55","50","37","48","39"],
  "ROUND44":["62","59","44","58","46","55","56","54","53","39","50","38"],
  "ROUND45":["64","59","44","60","48","57","55","56","56","41","50","38"],
  "ROUND46":["66","59","46","62","50","59","55","58","56","41","50","38"],
  "ROUND47":["69","61","46","64","50","61","57","61","56","41","49","37"],
  "ROUND48":["71","63","48","63","52","63","57","63","59","41","49","37"],
  "ROUND49":["73","65","50","63","52","62","57","63","61","41","49","40"],
  "ROUND50":["72","67","50","65","52","62","59","65","61","41","52","40"],
  "ROUND51":["72","67","52","68","54","61","59","65","61","40","55","40"],
  "ROUND52":["72","69","54","70","54","61","61","64","61","42","58","42"],
  "ROUND53":["74","69","56","72","53","63","61","66","64","42","58","44"],
  "ROUND54":["74","71","58","74","53","63","60","68","64","45","58","44"],
  "ROUND55":["73","71","60","74","53","65","62","68","64","47","58","47"],
  "ROUND56":["73","71","60","76","55","67","62","70","64","47","58","47"],
  "ROUND57":["73","71","60","78","57","69","62","72","64","47","58","47"],
  "ROUND58":["75","73","62","78","59","71","64","72","63","50","58","47"],
  "ROUND59":["75","73","64","81","61","71","67","72","63","50","57","46"],
  "ROUND60":["77","76","66","83","64","73","69","74","62","50","57","45"],
  "ROUND61":["79","75","68","82","66","75","71","74","64","53","57","48"],
  "ROUND62":["79","77","70","84","65","74","71","76","64","56","60","48"],
  "ROUND63":["81","79","72","86","65","74","70","76","64","56","60","51"],
  "ROUND64":["83","82","74","89","67","74","72","76","64","55","60","50"],
  "ROUND65":["83","84","76","89","67","77","72","76","64","55","59","50"],
  "ROUND66":["83","86","78","88","67","79","72","76","66","55","62","50"],
  "ROUND67":["85","88","78","91","70","79","72","79","65","54","61","50"],
  "ROUND68":["87","90","80","93","70","82","74","82","67","54","60","49"],
  "ROUND69":["89","93","80","95","72","82","76","82","66","54","59","52"],
  "ROUND70":["91","96","80","97","74","82","78","84","66","53","61","52"],
  "ROUND71":["93","98","82","100","74","84","81","84","65","52","60","55"],
  "ROUND72":["95","100","84","102","76","87","81","87","64","52","62","54"],
  "ROUND73":["94","102","86","101","76","89","81","89","64","55","62","57"],
  "ROUND74":["96","104","86","100","76","92","83","91","64","54","65","57"],
  "ROUND75":["98","106","86","100","78","94","85","90","67","56","65","57"],
  "ROUND76":["100","108","88","103","80","94","85","89","66","59","68","56"],
  "ROUND77":["102","108","90","105","82","96","87","89","68","61","68","56"],
  "ROUND78":["104","107","92","105","82","95","87","89","71","61","68","59"],
  "ROUND79":["104","109","94","104","81","97","89","91","73","64","68","62"],
  "ROUND80":["106","109","96","107","83","97","88","93","76","67","67","61"]
}
