{
  "ID":["0","1","2","3","4","5","6","7","8","9","10","11"],
  "ROUND1":["2","2","2","2","2","2","0","0","2","2","0","0"],
  "ROUND2":["4","1","2","2","1","4","2","2","4","4","3","3"],
  "ROUND3":["4","3","4","1","3","6","4","4","6","6","3","6"],
  "ROUND4":["6","5","3","3","3","8","6","6","6","5","6","9"],
  "ROUND5":["8","7","5","5","5","8","8","8","8","4","9","9"],
  "ROUND6":["10","9","4","5","7","10","10","10","10","6","9","12"],
  "ROUND7":["12","9","6","7","6","9","12","10","12","8","12","15"],
  "ROUND8":["12","11","8","6","6","11","14","12","14","8","15","15"],
  "ROUND9":["14","11","10","8","6","13","16","14","16","10","15","15"],
  "ROUND10":["13","13","12","8","8","13","18","14","18","12","18","15"],
  "ROUND11":["13","15","14","10","8","13","20","16","17","14","21","15"],
  "ROUND12":["13","17","16","12","10","15","22","18","19","14","21","15"],
  "ROUND13":["13","19","16","14","12","17","21","20","19","16","21","18"],
  "ROUND14":["15","21","18","16","12","17","23","20","18","18","21","21"],
  "ROUND15":["17","23","20","16","14","19","23","20","18","20","21","21"],
  "ROUND16":["19","25","20","18","16","21","23","22","20","22","21","21"],
  "ROUND17":["18","27","22","20","18","23","25","22","22","24","21","24"],
  "ROUND18":["18","27","24","22","18","25","27","24","22","26","21","24"],
  "ROUND19":["20","29","26","24","20","25","26","26","22","26","24","24"],
  "ROUND20":["22","31","28","26","22","27","28","28","22","26","24","24"],
  "ROUND21":["24","33","30","26","22","27","28","30","24","28","24","24"],
  "ROUND22":["24","35","30","28","22","29","30","32","24","30","24","24"],
  "ROUND23":["24","37","30","30","24","28","32","34","24","32","24","27"],
  "ROUND24":["26","37","30","32","26","30","34","33","24","34","27","27"],
  "ROUND25":["28","39","30","32","28","32","36","33","26","34","27","27"],
  "ROUND26":["30","41","32","32","30","34","36","32","28","34","27","30"],
  "ROUND27":["32","43","34","32","32","36","36","34","30","36","27","30"],
  "ROUND28":["34","45","36","32","32","38","38","36","32","38","27","30"],
  "ROUND29":["36","47","38","32","32","38","40","36","34","40","27","30"],
  "ROUND30":["36","47","40","32","34","40","40","38","36","42","27","30"],
  "ROUND31":["36","49","42","32","34","42","42","40","38","42","27","30"],
  "ROUND32":["38","51","44","32","34","44","42","42","40","42","27","30"],
  "ROUND33":["38","53","46","34","36","46","44","44","42","42","27","30"],
  "ROUND34":["38","55","46","36","36","48","44","46","44","44","27","30"],
  "ROUND35":["38","55","46","38","38","50","46","48","44","46","27","30"],
  "ROUND36":["40","57","46","38","40","50","48","48","46","48","27","30"],
  "ROUND37":["42","57","46","38","42","52","50","50","48","48","27","30"],
  "ROUND38":["42","59","48","38","44","52","52","50","50","50","27","30"],
  "ROUND39":["44","59","48","40","46","54","54","52","52","52","27","30"],
  "ROUND40":["46","59","50","40","48","56","54","54","52","54","27","30"],
  "ROUND41":["48","59","52","40","50","56","56","56","52","56","27","30"],
  "ROUND42":["50","61","54","42","52","58","58","58","52","56","27","30"],
  "ROUND43":["52","63","56","44","54","58","60","60","52","58","27","30"],
  "ROUND44":["52","65","56","46","56","60","62","62","54","60","27","30"],
  "ROUND45":["52","67","56","46","58","62","62","64","56","62","27","30"],
  "ROUND46":["54","67","56","48","60","64","62","66","56","64","27","30"],
  "ROUND47":["56","69","58","48","60","66","62","68","56","66","27","30"],
  "ROUND48":["58","71","60","48","60","68","62","70","56","68","27","30"],
  "ROUND49":["58","73","62","48","62","70","62","72","58","68","27","30"],
  "ROUND50":["60","75","64","48","64","72","62","74","60","70","27","30"],
  "ROUND51":["60","77","66","48","66","72","62","76","62","72","27","30"],
  "ROUND52":["62","79","68","48","68","74","64","78","62","74","27","30"],
  "ROUND53":["62","81","70","50","68","76","64","80","64","74","27","30"],
  "ROUND54":["64","83","72","52","68","78","66","82","64","76","27","30"],
  "ROUND55":["66","83","74","54","70","78","68","82","66","76","27","30"],
  "ROUND56":["66","85","76","54","72","78","70","84","66","78","27","30"],
  "ROUND57":["66","87","76","56","74","80","70","86","68","78","27","30"],
  "ROUND58":["66","89","78","56","74","82","72","86","70","80","27","30"],
  "ROUND59":["66","91","80","58","74","82","74","86","72","82","27","30"],
  "ROUND60":["68","93","82","60","76","84","76","88","72","82","27","30"],
  "ROUND61":["70","93","84","62","76","86","78","88","74","82","27","30"],
  "ROUND62":["70","93","84","62","78","88","80","90","76","84","27","30"],
  "ROUND63":["70","95","86","64","78","88","82","92","76","86","27","30"],
  "ROUND64":["72","95","88","66","80","88","82","94","76","88","27","30"],
  "ROUND65":["72","94","90","68","82","88","84","96","76","90","30","30"],
  "ROUND66":["72","96","92","68","84","88","84","98","78","92","30","30"],
  "ROUND67":["72","98","94","68","84","90","86","98","80","94","30","30"],
  "ROUND68":["74","98","96","70","86","92","88","100","82","94","30","30"],
  "ROUND69":["74","100","96","72","88","94","90","102","84","96","30","30"],
  "ROUND70":["76","102","98","72","90","94","92","104","86","98","30","30"],
  "ROUND71":["78","102","100","74","92","94","94","106","88","100","30","30"],
  "ROUND72":["80","104","102","76","94","94","96","106","90","102","30","30"],
  "ROUND73":["80","106","102","78","96","96","96","108","90","104","30","30"],
  "ROUND74":["80","108","104","80","98","98","96","108","90","106","30","30"],
  "ROUND75":["80","108","106","80","98","100","98","110","92","108","30","30"],
  "ROUND76":["80","108","108","82","100","100","100","110","94","110","30","30"],
  "ROUND77":["80","110","108","84","102","102","102","110","94","112","30","30"],
  "ROUND78":["82","112","108","86","104","104","104","110","96","114","30","30"],
  "ROUND79":["82","112","110","88","106","106","106","110","96","116","30","30"],
  "ROUND80":["84","112","112","90","108","106","108","110","98","116","30","30"]
}
