{
  "ID":["0","1","2","3","4","5","6","7","8","9","10","11"],
  "ROUND1":["2","-1","0","3","-1","3","2","0","0","0","0","0"],
  "ROUND2":["4","-1","0","5","-1","3","2","-1","-1","3","3","0"],
  "ROUND3":["4","-2","0","5","-1","6","2","-1","-1","2","3","3"],
  "ROUND4":["4","0","2","4","2","5","5","-2","2","2","5","5"],
  "ROUND5":["6","2","2","7","2","5","5","-3","2","4","7","5"],
  "ROUND6":["8","2","5","9","4","7","7","-1","2","3","6","8"],
  "ROUND7":["7","1","7","9","7","10","7","-1","2","5","9","7"],
  "ROUND8":["9","0","7","11","7","13","10","2","1","5","8","7"],
  "ROUND9":["8","-1","6","11","7","13","13","2","4","8","11","6"],
  "ROUND10":["8","-1","6","11","7","13","13","2","6","8","11","8"],
  "ROUND11":["8","1","5","13","10","13","13","2","8","8","11","10"],
  "ROUND12":["10","0","8","16","13","16","12","1","7","8","13","10"],
  "ROUND13":["9","0","8","16","13","16","14","1","7","10","16","10"],
  "ROUND14":["8","0","8","16","13","16","14","1","7","13","16","10"],
  "ROUND15":["11","0","8","16","12","16","13","1","10","16","16","9"],
  "ROUND16":["13","0","8","18","12","16","13","1","10","16","16","9"],
  "ROUND17":["13","-1","8","17","12","16","16","4","13","15","16","9"],
  "ROUND18":["13","-2","11","16","12","16","16","4","16","15","16","9"],
  "ROUND19":["13","-2","14","16","12","15","16","4","19","15","15","9"],
  "ROUND20":["13","-2","14","16","14","15","16","6","18","15","18","9"],
  "ROUND21":["15","-2","14","18","13","15","19","9","18","14","17","12"],
  "ROUND22":["17","0","16","18","13","15","19","9","18","14","17","14"],
  "ROUND23":["19","0","19","18","13","15","21","11","20","14","17","13"],
  "ROUND24":["19","2","22","18","12","15","20","14","22","14","17","13"],
  "ROUND25":["19","2","22","18","11","15","20","13","22","17","17","16"],
  "ROUND26":["18","5","22","18","11","18","19","16","22","17","16","16"],
  "ROUND27":["20","4","22","21","10","18","19","16","22","20","16","18"],
  "ROUND28":["19","3","22","20","10","21","19","16","25","20","19","18"],
  "ROUND29":["19","3","21","20","10","21","22","16","27","20","21","18"],
  "ROUND30":["19","3","21","20","13","20","22","16","27","20","21","18"],
  "ROUND31":["19","6","21","19","12","20","25","15","30","20","21","18"],
  "ROUND32":["19","9","20","19","15","20","25","18","29","19","21","18"],
  "ROUND33":["21","9","23","19","18","19","27","17","28","19","21","21"],
  "ROUND34":["21","9","23","19","18","18","29","16","31","19","23","24"],
  "ROUND35":["21","9","23","19","18","18","29","15","31","19","23","27"],
  "ROUND36":["21","9","23","19","21","18","29","14","31","18","23","30"],
  "ROUND37":["20","12","22","22","21","17","28","14","34","21","23","30"],
  "ROUND38":["22","11","25","25","23","17","28","14","33","24","22","30"],
  "ROUND39":["21","11","24","27","26","17","27","14","35","27","22","33"],
  "ROUND40":["21","11","27","27","26","16","27","14","35","27","22","33"],
  "ROUND41":["21","11","27","30","28","16","26","14","37","27","22","33"],
  "ROUND42":["21","11","27","30","28","19","26","14","37","27","21","33"],
  "ROUND43":["21","11","27","30","31","19","28","14","36","29","21","33"],
  "ROUND44":["23","13","26","32","31","19","28","14","36","32","23","33"],
  "ROUND45":["23","12","26","32","31","19","28","17","36","32","23","33"],
  "ROUND46":["26","15","25","35","34","18","28","16","35","32","22","36"],
  "ROUND47":["26","18","24","38","34","18","28","15","35","32","22","36"],
  "ROUND48":["26","18","24","38","33","17","31","18","35","32","22","36"],
  "ROUND49":["25","21","27","38","33","17","31","18","35","31","25","35"],
  "ROUND50":["24","20","27","38","33","20","34","18","35","33","25","37"],
  "ROUND51":["24","20","27","38","33","20","34","21","38","32","25","36"],
  "ROUND52":["24","19","30","41","33","20","34","21","38","31","25","36"],
  "ROUND53":["24","19","33","41","36","23","34","20","38","31","24","35"],
  "ROUND54":["26","21","33","41","36","23","34","20","38","31","24","35"],
  "ROUND55":["25","21","33","41","36","23","34","20","38","31","24","38"],
  "ROUND56":["28","21","33","41","35","23","36","20","40","31","23","41"],
  "ROUND57":["28","21","33","43","38","26","36","19","40","31","25","40"],
  "ROUND58":["28","23","32","46","41","26","35","19","43","30","25","42"],
  "ROUND59":["28","23","32","49","41","25","35","19","46","29","25","42"],
  "ROUND60":["31","23","32","49","41","25","35","21","45","29","27","42"],
  "ROUND61":["34","23","32","49","41","24","38","21","48","28","27","41"],
  "ROUND62":["33","26","34","48","41","26","38","24","48","31","26","41"],
  "ROUND63":["36","25","33","47","44","26","41","27","48","30","29","40"],
  "ROUND64":["39","28","35","46","44","26","43","26","48","32","29","42"],
  "ROUND65":["38","28","35","49","43","25","43","29","48","32","32","42"],
  "ROUND66":["38","27","35","52","45","27","43","32","47","32","32","42"],
  "ROUND67":["40","27","35","55","45","29","42","32","49","32","32","44"],
  "ROUND68":["39","30","35","55","48","28","42","35","49","31","34","46"],
  "ROUND69":["42","32","34","54","51","31","41","35","51","31","37","45"],
  "ROUND70":["42","35","34","54","51","31","41","35","51","34","36","44"],
  "ROUND71":["41","35","33","54","54","31","41","38","54","34","35","44"],
  "ROUND72":["41","38","32","54","54","31","41","37","54","34","38","44"],
  "ROUND73":["43","40","32","54","54","31","41","40","53","37","37","44"],
  "ROUND74":["43","39","32","57","54","30","40","39","56","40","37","47"],
  "ROUND75":["43","39","34","59","57","30","40","38","56","43","36","47"],
  "ROUND76":["43","39","33","59","57","30","40","38","56","46","36","47"],
  "ROUND77":["46","41","36","61","57","30","39","38","56","46","36","46"],
  "ROUND78":["49","41","36","61","57","29","39","38","58","49","35","48"],
  "ROUND79":["49","40","36","61","60","28","38","38","58","52","38","48"],
  "ROUND80":["49","40","36","61","60","27","37","37","58","55","41","51"]
}
