{
  "ID":["0","1","2","3","4","5","6","7","8","9","10","11"],
  "ROUND1":["0","2","0","2","-1","-1","2","2","2","2","3","3"],
  "ROUND2":["2","2","-1","4","1","-1","4","4","4","4","6","5"],
  "ROUND3":["4","4","1","6","3","1","6","6","6","6","6","5"],
  "ROUND4":["6","6","1","8","5","0","8","5","8","6","9","8"],
  "ROUND5":["8","8","3","8","5","0","10","5","10","8","9","8"],
  "ROUND6":["10","7","5","10","7","0","12","7","10","10","11","11"],
  "ROUND7":["12","9","7","12","9","2","14","9","10","10","10","14"],
  "ROUND8":["14","11","9","14","8","4","13","9","10","12","13","17"],
  "ROUND9":["16","13","11","16","10","6","15","9","12","12","13","17"],
  "ROUND10":["18","13","13","18","13","8","17","11","12","14","15","16"],
  "ROUND11":["20","15","13","20","13","8","19","13","14","13","15","19"],
  "ROUND12":["22","17","13","22","15","10","21","15","16","13","15","19"],
  "ROUND13":["24","19","13","24","15","12","23","17","16","13","15","19"],
  "ROUND14":["26","19","15","24","14","14","25","19","18","15","17","22"],
  "ROUND15":["28","19","17","26","16","14","27","21","17","15","20","22"],
  "ROUND16":["30","19","19","28","16","14","29","23","17","17","20","22"],
  "ROUND17":["29","21","21","30","18","16","29","25","19","17","22","25"],
  "ROUND18":["31","20","23","32","20","18","31","25","21","19","25","25"],
  "ROUND19":["31","22","23","34","22","20","30","24","23","21","28","28"],
  "ROUND20":["33","22","25","36","22","22","30","26","22","23","28","31"],
  "ROUND21":["35","24","27","38","22","24","32","28","24","26","28","30"],
  "ROUND22":["37","26","29","38","24","24","35","28","26","28","27","30"],
  "ROUND23":["39","28","31","38","26","26","34","30","28","30","30","30"],
  "ROUND24":["38","30","30","38","28","26","36","32","30","32","33","33"],
  "ROUND25":["41","32","32","37","30","26","38","34","32","32","32","36"],
  "ROUND26":["41","32","34","36","32","28","40","36","32","34","35","36"],
  "ROUND27":["43","34","34","38","34","30","42","36","32","36","37","36"],
  "ROUND28":["43","34","36","41","36","32","44","36","34","38","36","36"],
  "ROUND29":["45","36","38","43","36","32","46","38","36","40","35","39"],
  "ROUND30":["47","38","38","45","36","34","48","40","38","42","38","38"],
  "ROUND31":["49","40","40","45","38","34","48","40","40","44","38","38"],
  "ROUND32":["51","42","42","45","38","36","50","42","40","46","40","38"],
  "ROUND33":["53","42","44","44","40","38","52","44","40","46","43","38"],
  "ROUND34":["55","44","44","46","42","40","55","44","42","46","42","38"],
  "ROUND35":["57","46","46","48","42","42","57","44","44","48","41","41"],
  "ROUND36":["59","48","48","50","45","42","57","44","46","50","41","40"],
  "ROUND37":["61","50","48","52","45","44","57","44","48","52","41","40"],
  "ROUND38":["63","50","51","52","47","46","59","46","50","51","40","43"],
  "ROUND39":["65","52","53","54","49","48","59","46","53","50","43","42"],
  "ROUND40":["65","54","55","56","49","50","61","48","55","52","43","42"],
  "ROUND41":["67","56","57","58","49","52","63","48","57","54","43","42"],
  "ROUND42":["67","58","59","60","52","54","65","50","59","56","42","42"],
  "ROUND43":["69","60","59","62","54","56","68","50","59","58","42","41"],
  "ROUND44":["71","63","59","65","56","56","70","52","61","60","41","40"],
  "ROUND45":["71","65","61","67","58","58","72","52","63","60","41","42"],
  "ROUND46":["74","67","63","69","60","58","74","54","63","63","40","41"],
  "ROUND47":["76","67","63","68","62","60","76","56","65","65","42","44"],
  "ROUND48":["78","69","65","68","62","60","78","58","67","64","45","44"],
  "ROUND49":["80","69","67","70","61","62","80","60","69","66","48","44"],
  "ROUND50":["79","69","69","70","63","64","82","60","71","68","51","44"],
  "ROUND51":["81","68","69","72","62","64","84","62","73","70","54","47"],
  "ROUND52":["83","70","71","74","62","64","86","64","75","72","54","47"],
  "ROUND53":["85","72","73","76","64","66","88","64","77","72","54","47"],
  "ROUND54":["87","74","75","78","66","68","88","66","79","72","54","47"],
  "ROUND55":["89","74","77","78","68","71","87","68","81","74","53","50"],
  "ROUND56":["91","76","77","80","70","73","89","68","83","76","53","50"],
  "ROUND57":["93","76","79","82","72","75","91","70","85","76","53","50"],
  "ROUND58":["95","78","81","84","74","77","91","70","87","79","55","49"],
  "ROUND59":["95","80","83","86","74","79","93","72","89","81","55","49"],
  "ROUND60":["95","82","85","88","76","81","95","72","91","83","55","49"],
  "ROUND61":["97","84","84","90","78","81","97","74","91","85","58","51"],
  "ROUND62":["99","84","86","92","78","81","97","76","93","87","58","51"],
  "ROUND63":["101","84","88","92","80","80","99","78","93","89","61","51"],
  "ROUND64":["101","86","90","94","82","80","99","78","95","91","61","51"],
  "ROUND65":["103","88","92","94","84","80","101","78","97","94","60","51"],
  "ROUND66":["102","88","94","94","86","82","103","80","97","96","60","54"],
  "ROUND67":["102","90","96","94","88","84","105","80","97","98","60","54"],
  "ROUND68":["102","92","98","94","90","86","105","82","99","98","60","54"],
  "ROUND69":["102","94","100","96","92","86","107","82","99","100","60","54"],
  "ROUND70":["104","96","102","98","94","88","109","84","101","102","60","54"],
  "ROUND71":["104","96","105","100","96","90","108","86","103","104","63","53"],
  "ROUND72":["106","96","105","102","96","92","110","88","105","104","63","53"],
  "ROUND73":["108","98","107","104","98","92","112","90","107","104","66","52"],
  "ROUND74":["110","98","109","106","101","94","112","92","107","106","65","52"],
  "ROUND75":["112","100","111","108","103","94","114","92","109","108","65","52"],
  "ROUND76":["114","102","113","110","105","94","116","94","108","110","65","55"],
  "ROUND77":["116","104","113","112","107","96","118","96","111","112","65","54"],
  "ROUND78":["116","106","115","112","109","98","118","98","113","112","65","54"],
  "ROUND79":["116","106","117","112","111","100","118","100","115","114","65","54"],
  "ROUND80":["118","106","117","114","113","100","120","102","114","116","65","57"]
}
