{
  "ID":["0","1","2","3","4","5","6","7","8","9","10","11"],
  "ROUND1":["-1","0","-1","2","3","2","3","0","0","0","-1","3"],
  "ROUND2":["1","2","-2","1","6","4","3","3","-1","2","-1","6"],
  "ROUND3":["0","1","0","0","9","4","3","6","1","5","1","8"],
  "ROUND4":["3","3","2","3","11","4","2","6","0","4","3","11"],
  "ROUND5":["5","5","4","5","13","3","2","9","2","3","6","11"],
  "ROUND6":["7","7","6","7","15","5","5","8","4","3","6","13"],
  "ROUND7":["7","7","6","6","14","5","7","10","6","5","9","16"],
  "ROUND8":["9","10","5","8","16","4","6","12","9","5","9","19"],
  "ROUND9":["12","12","5","10","15","4","6","12","12","7","11","18"],
  "ROUND10":["14","14","5","12","15","6","8","12","11","9","14","18"],
  "ROUND11":["14","16","8","11","18","8","7","14","11","11","16","20"],
  "ROUND12":["16","18","10","13","18","8","9","17","11","13","16","19"],
  "ROUND13":["18","17","9","12","21","11","11","19","13","13","16","22"],
  "ROUND14":["18","17","11","14","21","11","13","18","15","16","18","24"],
  "ROUND15":["17","19","13","16","24","13","15","18","15","18","18","24"],
  "ROUND16":["20","21","13","16","23","15","15","20","17","20","20","24"],
  "ROUND17":["22","21","12","18","25","17","17","20","20","20","20","26"],
  "ROUND18":["24","24","14","20","27","16","19","19","23","20","22","26"],
  "ROUND19":["23","26","16","22","29","16","22","19","22","23","25","25"],
  "ROUND20":["23","29","18","21","32","18","25","21","21","22","27","25"],
  "ROUND21":["25","28","18","24","31","20","25","23","23","22","27","28"],
  "ROUND22":["28","30","21","24","31","19","27","22","26","21","29","30"],
  "ROUND23":["28","32","24","26","33","21","27","24","25","20","31","33"],
  "ROUND24":["28","35","26","25","35","23","26","27","25","23","30","35"],
  "ROUND25":["30","38","28","25","34","25","28","29","25","25","32","37"],
  "ROUND26":["29","40","30","28","33","27","28","32","27","25","34","39"],
  "ROUND27":["31","42","30","30","32","30","28","34","29","24","37","41"],
  "ROUND28":["34","44","32","29","32","30","30","36","31","26","39","43"],
  "ROUND29":["33","46","32","31","32","32","29","39","34","28","39","43"],
  "ROUND30":["32","46","34","30","35","34","31","41","36","30","39","46"],
  "ROUND31":["34","45","37","32","38","34","31","43","36","30","38","48"],
  "ROUND32":["36","47","37","34","40","34","30","45","36","33","40","48"],
  "ROUND33":["35","47","37","36","39","36","33","48","38","35","43","47"],
  "ROUND34":["35","49","39","39","41","38","35","50","40","37","42","47"],
  "ROUND35":["37","52","41","41","43","38","35","50","42","37","44","46"],
  "ROUND36":["39","54","40","43","43","38","37","52","44","40","47","45"],
  "ROUND37":["39","56","39","46","42","38","36","55","47","42","50","44"],
  "ROUND38":["41","56","39","46","42","40","35","57","50","44","53","43"],
  "ROUND39":["41","58","38","46","42","40","37","59","50","46","53","46"],
  "ROUND40":["44","58","41","45","42","40","40","58","52","45","53","48"],
  "ROUND41":["44","60","43","44","44","40","39","58","55","48","55","48"],
  "ROUND42":["47","62","43","43","44","43","41","60","54","48","57","48"],
  "ROUND43":["50","62","46","42","43","45","43","60","56","51","59","47"],
  "ROUND44":["52","62","48","42","45","45","45","62","56","53","61","49"],
  "ROUND45":["51","64","47","42","48","47","47","65","58","53","63","51"],
  "ROUND46":["53","63","50","44","50","49","47","65","60","55","62","54"],
  "ROUND47":["52","62","49","47","49","52","46","65","63","55","65","57"],
  "ROUND48":["54","64","52","47","52","55","46","64","62","57","64","59"],
  "ROUND49":["56","66","54","47","54","57","46","66","62","59","66","59"],
  "ROUND50":["58","66","56","49","54","60","48","68","64","61","65","61"],
  "ROUND51":["60","69","55","49","53","62","51","68","66","60","67","64"],
  "ROUND52":["62","72","57","49","55","64","53","68","69","59","66","66"],
  "ROUND53":["64","71","57","49","55","66","53","70","69","61","66","69"],
  "ROUND54":["64","71","57","49","58","65","52","70","72","61","66","69"],
  "ROUND55":["66","70","57","49","57","67","55","73","74","64","68","68"],
  "ROUND56":["69","69","59","51","57","69","58","72","74","66","70","70"],
  "ROUND57":["71","71","61","51","59","71","60","75","76","68","69","70"],
  "ROUND58":["73","73","64","54","59","73","60","74","79","67","68","72"],
  "ROUND59":["73","76","63","53","62","73","60","73","79","69","71","74"],
  "ROUND60":["75","79","62","53","64","72","59","75","79","72","74","76"],
  "ROUND61":["77","82","61","53","64","74","62","77","82","71","76","75"],
  "ROUND62":["76","85","63","56","66","76","64","77","81","71","78","77"],
  "ROUND63":["75","85","65","58","69","78","66","79","83","71","80","79"],
  "ROUND64":["74","87","67","60","72","78","68","79","86","70","79","82"],
  "ROUND65":["76","89","69","63","74","80","67","82","85","70","81","82"],
  "ROUND66":["79","91","71","65","73","82","67","84","87","72","83","82"],
  "ROUND67":["81","90","73","65","72","81","70","86","87","75","86","84"],
  "ROUND68":["84","89","75","65","71","84","72","86","90","75","85","84"],
  "ROUND69":["86","91","78","68","73","83","75","86","92","75","84","83"],
  "ROUND70":["89","93","80","68","75","85","74","86","95","77","86","82"],
  "ROUND71":["88","96","83","70","78","84","73","86","98","76","88","82"],
  "ROUND72":["87","98","83","72","78","86","75","88","101","79","90","81"],
  "ROUND73":["89","101","85","71","78","85","77","90","103","79","92","84"],
  "ROUND74":["88","103","87","71","81","84","77","93","105","78","95","86"],
  "ROUND75":["90","102","90","71","80","84","79","95","108","77","97","89"],
  "ROUND76":["90","105","92","74","79","84","79","94","111","79","96","89"],
  "ROUND77":["92","104","92","76","79","87","82","93","114","81","95","91"],
  "ROUND78":["92","107","95","76","81","89","81","95","113","80","97","94"],
  "ROUND79":["94","109","97","78","81","92","83","95","115","82","99","93"],
  "ROUND80":["97","109","99","80","83","94","83","95","114","82","99","93"]
}
