{
  "ID":["0","1","2","3","4","5","6","7","8","9","10","11"],
  "ROUND1":["2","2","2","2","2","2","2","2","2","0","2","0"],
  "ROUND2":["2","4","4","1","4","4","4","1","2","3","4","3"],
  "ROUND3":["4","4","6","4","6","6","6","3","4","2","4","5"],
  "ROUND4":["3","4","8","6","6","8","8","5","6","4","6","8"],
  "ROUND5":["5","3","8","8","8","7","10","7","6","7","8","11"],
  "ROUND6":["7","3","10","10","8","6","9","9","8","9","11","14"],
  "ROUND7":["9","5","12","9","8","8","9","9","10","12","13","14"],
  "ROUND8":["9","7","14","11","10","10","9","9","12","14","15","14"],
  "ROUND9":["11","9","16","13","10","12","9","9","14","13","18","14"],
  "ROUND10":["13","11","16","15","12","14","11","11","13","16","18","16"],
  "ROUND11":["16","13","18","15","14","16","10","11","12","19","21","15"],
  "ROUND12":["18","12","20","17","16","18","12","11","14","22","21","17"],
  "ROUND13":["20","14","22","17","16","20","14","10","16","22","24","17"],
  "ROUND14":["22","16","24","17","16","20","16","12","18","22","24","17"],
  "ROUND15":["24","18","26","19","18","22","16","15","18","24","23","19"],
  "ROUND16":["26","20","28","22","20","22","18","17","20","23","23","21"],
  "ROUND17":["28","22","30","21","22","24","18","19","22","26","25","21"],
  "ROUND18":["30","24","32","21","22","24","20","21","24","26","28","20"],
  "ROUND19":["30","26","34","23","24","26","19","23","26","28","31","20"],
  "ROUND20":["32","28","36","25","23","28","19","25","26","31","31","20"],
  "ROUND21":["31","27","38","27","25","30","21","25","28","34","34","20"],
  "ROUND22":["33","30","40","29","25","30","23","24","31","37","33","19"],
  "ROUND23":["35","33","42","31","27","30","25","26","33","37","32","21"],
  "ROUND24":["34","35","42","34","29","32","28","28","33","36","35","20"],
  "ROUND25":["36","34","44","36","31","34","28","30","32","36","38","23"],
  "ROUND26":["38","36","46","36","33","36","30","32","34","35","38","26"],
  "ROUND27":["40","38","48","38","35","38","32","32","36","35","38","26"],
  "ROUND28":["40","38","50","40","37","40","35","31","38","34","41","28"],
  "ROUND29":["42","40","52","42","39","42","37","31","40","37","41","27"],
  "ROUND30":["44","42","54","44","41","44","39","33","39","37","41","30"],
  "ROUND31":["43","44","56","46","43","46","41","35","39","37","43","33"],
  "ROUND32":["45","46","56","46","45","48","43","38","41","36","45","35"],
  "ROUND33":["47","48","58","46","47","50","45","40","44","36","44","37"],
  "ROUND34":["49","50","58","48","49","52","45","42","44","36","44","37"],
  "ROUND35":["49","53","60","50","48","54","47","42","44","35","47","37"],
  "ROUND36":["51","55","60","52","50","56","49","44","44","37","46","40"],
  "ROUND37":["53","54","62","54","52","56","51","44","46","40","46","40"],
  "ROUND38":["55","56","64","56","52","58","53","44","49","39","46","40"],
  "ROUND39":["55","58","66","58","52","60","55","46","49","39","46","40"],
  "ROUND40":["57","58","68","60","54","62","57","48","48","39","49","42"],
  "ROUND41":["59","58","70","60","57","64","57","50","50","39","48","44"],
  "ROUND42":["61","58","72","62","56","66","57","52","52","39","51","44"],
  "ROUND43":["63","58","72","64","58","68","59","55","54","39","50","44"],
  "ROUND44":["65","58","74","66","60","70","58","57","57","42","50","43"],
  "ROUND45":["65","58","73","66","62","70","60","59","59","45","50","43"],
  "ROUND46":["68","58","75","65","62","70","62","61","61","44","50","46"],
  "ROUND47":["67","60","74","65","64","72","64","63","63","47","50","49"],
  "ROUND48":["70","62","76","67","66","74","66","65","65","47","49","49"],
  "ROUND49":["72","64","78","69","68","77","68","65","67","47","48","51"],
  "ROUND50":["72","66","80","71","70","79","70","65","69","49","48","51"],
  "ROUND51":["72","68","79","71","70","81","72","67","68","49","51","54"],
  "ROUND52":["74","70","79","73","70","81","74","67","67","52","51","54"],
  "ROUND53":["76","72","79","75","72","83","76","69","69","55","50","54"],
  "ROUND54":["78","74","81","77","72","83","78","72","72","57","49","53"],
  "ROUND55":["78","74","83","79","71","85","81","74","74","59","48","56"],
  "ROUND56":["78","76","83","81","71","87","83","76","76","59","48","56"],
  "ROUND57":["77","76","85","83","71","89","85","78","78","59","51","56"],
  "ROUND58":["79","76","87","85","73","89","85","80","80","59","51","56"],
  "ROUND59":["81","78","89","87","73","91","87","79","80","62","51","56"],
  "ROUND60":["81","80","91","86","73","93","89","79","79","65","54","56"],
  "ROUND61":["83","80","91","85","73","95","89","81","81","65","57","56"],
  "ROUND62":["85","82","91","87","76","97","89","83","83","65","57","55"],
  "ROUND63":["87","82","91","87","78","99","92","85","83","64","57","55"],
  "ROUND64":["89","84","93","89","80","101","94","85","85","64","57","55"],
  "ROUND65":["91","86","93","89","82","103","96","87","85","63","60","55"],
  "ROUND66":["91","88","95","91","84","103","96","89","87","63","60","55"],
  "ROUND67":["93","90","97","93","86","105","98","91","90","62","60","55"],
  "ROUND68":["93","90","100","95","88","107","100","93","92","61","63","54"],
  "ROUND69":["95","92","100","97","90","106","102","93","94","61","66","54"],
  "ROUND70":["97","92","102","99","90","108","104","95","97","61","66","53"],
  "ROUND71":["97","91","104","101","92","110","106","97","96","64","69","53"],
  "ROUND72":["99","91","103","103","94","112","108","96","96","67","71","56"],
  "ROUND73":["101","93","106","103","96","114","110","96","96","67","73","55"],
  "ROUND74":["103","95","108","103","98","116","112","96","95","67","73","58"],
  "ROUND75":["105","98","108","105","100","118","114","98","95","67","73","57"],
  "ROUND76":["107","100","110","107","100","120","116","100","97","67","76","56"],
  "ROUND77":["110","102","112","109","102","122","116","102","99","66","76","58"],
  "ROUND78":["112","104","112","111","104","124","118","102","101","65","79","60"],
  "ROUND79":["114","106","114","111","104","124","117","104","103","67","79","63"],
  "ROUND80":["117","106","114","113","104","123","119","106","105","67","78","66"]
}
