{
  "ID":["0","1","2","3","4","5","6","7","8","9","10","11"],
  "ROUND1":["-1","-1","0","0","0","0","3","3","0","-1","3","0"],
  "ROUND2":["-2","-2","0","0","0","0","3","6","0","2","2","3"],
  "ROUND3":["-3","1","0","0","0","0","3","5","3","2","2","3"],
  "ROUND4":["-4","0","3","0","3","3","3","5","3","1","2","3"],
  "ROUND5":["-4","-1","6","0","6","3","3","5","6","0","2","2"],
  "ROUND6":["-5","-2","6","0","9","3","6","4","6","0","2","5"],
  "ROUND7":["-5","-3","6","3","9","5","6","6","6","0","2","5"],
  "ROUND8":["-5","-3","6","6","9","4","6","9","6","0","1","5"],
  "ROUND9":["-5","-4","6","6","9","4","6","12","6","0","1","5"],
  "ROUND10":["-5","-4","6","6","9","4","6","12","6","-1","1","8"],
  "ROUND11":["-5","-4","6","6","9","3","6","12","9","-1","4","7"],
  "ROUND12":["-5","-4","5","6","11","5","9","12","9","2","3","7"],
  "ROUND13":["-5","-4","5","5","14","5","12","12","8","1","6","7"],
  "ROUND14":["-5","-5","5","4","17","5","12","15","11","1","6","6"],
  "ROUND15":["-5","-3","7","7","17","5","12","15","11","1","5","6"],
  "ROUND16":["-5","-3","7","6","17","5","12","15","11","1","8","6"],
  "ROUND17":["-3","-4","10","8","17","5","12","14","11","1","8","9"],
  "ROUND18":["-3","-4","9","8","17","8","12","14","11","1","8","9"],
  "ROUND19":["-1","-2","9","8","17","7","15","13","14","1","8","9"],
  "ROUND20":["1","0","9","11","17","7","14","16","13","4","8","8"],
  "ROUND21":["0","0","9","11","17","7","17","16","13","4","11","7"],
  "ROUND22":["0","-1","9","14","17","7","17","16","12","4","11","10"],
  "ROUND23":["0","2","9","14","16","9","19","16","12","4","11","10"],
  "ROUND24":["0","2","9","13","16","9","22","15","12","4","14","10"],
  "ROUND25":["3","5","12","12","16","12","22","14","12","4","13","9"],
  "ROUND26":["6","4","12","15","16","12","24","14","12","4","15","8"],
  "ROUND27":["8","6","12","15","16","15","23","14","12","4","15","8"],
  "ROUND28":["7","6","12","18","15","14","23","17","12","7","15","8"],
  "ROUND29":["7","6","12","18","15","14","23","17","12","7","15","8"],
  "ROUND30":["9","8","12","18","18","13","23","17","12","7","15","8"],
  "ROUND31":["8","8","12","17","17","13","26","20","11","10","15","11"],
  "ROUND32":["8","11","12","16","19","13","26","22","11","10","15","11"],
  "ROUND33":["7","10","12","19","22","13","26","22","10","10","15","14"],
  "ROUND34":["7","10","12","19","22","13","26","22","10","10","15","14"],
  "ROUND35":["7","10","12","19","21","13","29","22","10","13","14","14"],
  "ROUND36":["7","10","12","19","21","13","29","22","10","13","14","14"],
  "ROUND37":["7","10","12","19","21","13","29","22","10","13","14","14"],
  "ROUND38":["6","10","15","19","24","13","29","22","13","13","13","13"],
  "ROUND39":["6","9","18","18","24","13","29","22","12","16","16","13"],
  "ROUND40":["6","9","18","18","24","13","32","22","12","16","16","12"],
  "ROUND41":["6","9","18","18","27","12","32","21","12","16","16","15"],
  "ROUND42":["6","9","21","18","27","12","32","21","11","16","16","15"],
  "ROUND43":["6","9","21","17","27","12","32","21","14","16","16","15"],
  "ROUND44":["6","9","21","17","27","12","32","21","14","16","16","15"],
  "ROUND45":["6","9","21","17","27","14","35","20","14","15","19","17"],
  "ROUND46":["9","9","20","17","27","14","35","20","14","15","19","17"],
  "ROUND47":["9","12","19","17","27","14","35","20","14","17","21","17"],
  "ROUND48":["9","12","22","17","30","14","34","19","14","20","20","17"],
  "ROUND49":["9","12","22","17","30","14","37","19","14","20","19","17"],
  "ROUND50":["9","15","22","17","30","14","37","19","17","20","18","16"],
  "ROUND51":["9","15","25","17","30","14","37","19","17","20","18","15"],
  "ROUND52":["12","15","24","17","30","14","40","22","17","20","17","14"],
  "ROUND53":["12","15","24","17","30","14","40","22","17","20","17","14"],
  "ROUND54":["12","18","23","17","30","14","40","25","16","19","17","17"],
  "ROUND55":["12","18","23","17","30","17","40","25","16","19","16","17"],
  "ROUND56":["12","18","23","17","30","17","40","25","19","19","15","17"],
  "ROUND57":["12","20","25","17","30","16","40","24","22","22","18","16"],
  "ROUND58":["11","19","28","20","30","16","40","24","22","22","21","15"],
  "ROUND59":["11","19","28","20","30","15","40","24","22","22","21","18"],
  "ROUND60":["11","22","31","23","29","14","39","23","22","25","21","18"],
  "ROUND61":["11","22","31","25","29","17","39","22","24","25","21","18"],
  "ROUND62":["10","22","34","25","29","20","39","22","24","25","21","17"],
  "ROUND63":["10","22","33","25","29","20","42","21","27","28","20","17"],
  "ROUND64":["10","21","36","25","28","23","42","21","30","28","19","17"],
  "ROUND65":["13","21","39","25","28","23","41","21","30","27","19","17"],
  "ROUND66":["13","21","39","25","28","26","40","24","30","26","22","16"],
  "ROUND67":["13","21","39","25","28","25","40","24","30","26","22","19"],
  "ROUND68":["12","21","39","24","28","28","39","24","30","29","22","22"],
  "ROUND69":["12","23","39","26","28","28","39","24","30","29","22","22"],
  "ROUND70":["12","22","39","29","28","28","39","24","30","32","21","22"],
  "ROUND71":["11","25","39","29","28","28","39","23","29","35","21","25"],
  "ROUND72":["14","24","38","29","27","28","39","26","32","35","20","28"],
  "ROUND73":["14","27","41","29","26","27","38","26","32","35","20","31"],
  "ROUND74":["14","30","41","29","26","27","38","26","32","35","19","31"],
  "ROUND75":["16","32","41","29","29","26","38","26","31","38","19","31"],
  "ROUND76":["16","32","44","29","29","26","38","25","31","38","19","31"],
  "ROUND77":["19","31","44","29","29","26","38","28","31","38","19","30"],
  "ROUND78":["21","33","44","29","28","26","41","28","31","38","19","30"],
  "ROUND79":["21","36","44","28","28","26","41","28","31","38","22","29"],
  "ROUND80":["24","36","44","28","27","26","41","28","31","38","22","29"]
}
