{
  "ID":["0","1","2","3","4","5","6","7","8","9","10","11"],
  "ROUND1":["0","-1","2","0","0","0","3","3","-1","0","2","0"],
  "ROUND2":["2","-1","1","3","2","0","2","3","-1","0","2","3"],
  "ROUND3":["4","1","3","5","4","2","4","3","-1","2","4","5"],
  "ROUND4":["6","1","6","4","4","1","4","3","1","2","4","8"],
  "ROUND5":["5","3","8","7","6","3","3","5","4","2","4","10"],
  "ROUND6":["5","2","10","10","6","3","5","5","4","2","4","10"],
  "ROUND7":["4","4","10","10","6","2","5","8","4","5","6","10"],
  "ROUND8":["6","4","9","12","5","5","4","11","7","4","6","13"],
  "ROUND9":["6","3","8","14","4","5","6","11","10","7","9","13"],
  "ROUND10":["9","5","8","13","3","5","9","10","10","10","11","13"],
  "ROUND11":["8","4","7","13","3","8","12","13","12","10","11","15"],
  "ROUND12":["11","3","7","12","6","8","15","12","12","9","14","15"],
  "ROUND13":["10","3","6","11","9","11","15","12","12","9","14","18"],
  "ROUND14":["12","3","5","14","11","11","17","15","11","9","14","20"],
  "ROUND15":["11","3","5","17","10","14","17","15","11","8","14","23"],
  "ROUND16":["11","3","7","17","12","14","17","17","13","8","14","23"],
  "ROUND17":["10","3","6","16","15","13","17","20","13","11","17","23"],
  "ROUND18":["9","3","5","16","18","13","17","20","13","14","17","23"],
  "ROUND19":["9","5","8","16","21","12","17","20","12","14","17","25"],
  "ROUND20":["9","4","10","16","24","14","20","20","11","17","17","24"],
  "ROUND21":["8","4","10","18","27","13","23","23","13","16","19","26"],
  "ROUND22":["11","3","10","18","30","13","26","22","13","15","18","29"],
  "ROUND23":["11","3","10","18","30","13","26","22","13","15","18","29"],
  "ROUND24":["11","6","9","18","29","13","29","25","16","15","17","28"],
  "ROUND25":["11","6","8","18","29","13","29","25","19","15","16","31"],
  "ROUND26":["14","6","8","17","32","13","29","24","22","14","19","30"],
  "ROUND27":["14","6","11","17","32","13","29","23","22","14","18","33"],
  "ROUND28":["14","8","13","17","31","13","29","26","22","14","21","32"],
  "ROUND29":["16","10","13","20","31","13","28","26","21","14","21","35"],
  "ROUND30":["16","9","13","19","30","13","28","29","24","14","24","35"],
  "ROUND31":["19","9","12","22","32","16","28","32","23","13","23","37"],
  "ROUND32":["21","9","15","22","35","16","30","31","26","12","22","37"],
  "ROUND33":["23","9","15","22","35","18","33","31","28","14","22","36"],
  "ROUND34":["25","11","15","22","34","18","33","31","30","16","22","39"],
  "ROUND35":["25","11","15","21","37","17","36","34","29","19","21","39"],
  "ROUND36":["27","14","17","21","40","16","36","34","29","18","20","42"],
  "ROUND37":["26","14","20","21","40","19","39","34","28","17","23","41"],
  "ROUND38":["25","14","23","21","39","19","42","33","31","20","23","40"],
  "ROUND39":["27","16","23","21","38","22","41","36","31","23","22","40"],
  "ROUND40":["27","18","25","20","38","22","43","39","33","26","22","39"],
  "ROUND41":["27","18","25","20","37","25","45","39","35","28","24","39"],
  "ROUND42":["29","18","27","19","40","28","45","39","34","28","24","39"],
  "ROUND43":["29","18","26","19","40","28","45","39","33","31","27","39"],
  "ROUND44":["31","18","26","18","43","31","47","38","35","31","29","39"],
  "ROUND45":["31","18","25","18","42","33","49","38","38","33","31","42"],
  "ROUND46":["34","21","25","18","44","32","51","41","37","32","34","41"],
  "ROUND47":["34","21","24","18","47","32","51","41","36","35","34","41"],
  "ROUND48":["33","21","24","21","50","32","51","40","39","34","34","41"],
  "ROUND49":["32","21","27","20","50","35","51","43","39","34","34","40"],
  "ROUND50":["34","23","30","20","49","38","50","46","38","34","34","40"],
  "ROUND51":["34","23","33","22","48","40","50","46","38","37","34","39"],
  "ROUND52":["36","23","35","22","51","40","49","46","37","37","34","42"],
  "ROUND53":["35","25","37","22","51","43","52","45","37","37","37","41"],
  "ROUND54":["35","25","37","25","51","42","55","44","40","37","37","40"],
  "ROUND55":["38","25","40","25","50","44","57","44","40","36","39","42"],
  "ROUND56":["40","27","39","28","50","44","57","47","39","35","42","42"],
  "ROUND57":["42","29","42","28","50","46","56","47","38","35","45","44"],
  "ROUND58":["45","31","45","27","50","45","56","49","41","34","44","47"],
  "ROUND59":["44","31","44","27","50","47","58","51","41","37","47","49"],
  "ROUND60":["46","30","46","27","53","49","60","51","41","37","47","49"],
  "ROUND61":["46","32","48","29","53","52","60","51","40","37","47","51"],
  "ROUND62":["48","32","47","29","56","54","60","51","43","37","47","50"],
  "ROUND63":["51","32","49","32","55","54","62","54","45","39","46","49"],
  "ROUND64":["51","34","51","31","58","56","62","54","45","41","46","49"],
  "ROUND65":["51","34","50","31","61","56","62","54","45","41","46","49"],
  "ROUND66":["51","36","52","31","60","58","64","56","48","41","46","51"],
  "ROUND67":["54","36","54","34","63","57","63","55","48","44","45","53"],
  "ROUND68":["56","35","54","34","63","60","63","55","47","46","45","56"],
  "ROUND69":["59","37","56","33","63","60","62","55","50","46","48","55"],
  "ROUND70":["58","37","56","33","63","60","65","55","49","46","51","55"],
  "ROUND71":["58","37","56","33","63","60","65","55","49","46","54","54"],
  "ROUND72":["57","36","59","33","62","63","68","58","49","45","54","54"],
  "ROUND73":["56","36","61","35","62","66","71","57","52","44","57","53"],
  "ROUND74":["55","36","64","34","61","69","71","57","51","47","57","56"],
  "ROUND75":["54","36","66","36","61","69","71","60","50","47","57","59"],
  "ROUND76":["54","36","65","36","60","69","71","63","50","47","57","62"],
  "ROUND77":["56","36","67","36","60","71","73","63","52","47","59","62"],
  "ROUND78":["56","36","69","38","60","71","75","63","52","47","61","62"],
  "ROUND79":["58","38","68","41","60","71","75","63","51","50","61","62"],
  "ROUND80":["58","38","71","43","62","71","75","62","51","50","61","62"]
}
