{
  "ID":["0","1","2","3","4","5","6","7","8","9","10","11"],
  "ROUND1":["2","2","-1","2","-1","0","3","0","3","2","3","-1"],
  "ROUND2":["1","4","2","2","1","2","5","2","5","2","3","-1"],
  "ROUND3":["1","3","5","2","3","4","4","5","4","4","5","2"],
  "ROUND4":["4","3","4","2","3","4","4","4","4","4","8","2"],
  "ROUND5":["3","5","4","5","5","4","3","3","7","6","11","4"],
  "ROUND6":["6","5","7","4","4","3","3","3","7","5","14","7"],
  "ROUND7":["8","7","7","4","6","3","2","3","10","7","14","7"],
  "ROUND8":["10","9","10","3","8","3","1","6","13","7","16","6"],
  "ROUND9":["12","8","10","3","7","5","4","9","16","6","18","8"],
  "ROUND10":["14","8","9","5","9","5","6","12","15","8","20","11"],
  "ROUND11":["16","7","11","7","9","8","6","14","18","7","23","10"],
  "ROUND12":["16","9","13","10","8","7","6","14","21","7","22","13"],
  "ROUND13":["18","9","13","12","8","7","8","14","21","7","22","15"],
  "ROUND14":["20","9","15","12","11","6","10","14","20","10","22","17"],
  "ROUND15":["22","9","14","11","13","8","12","17","22","13","24","17"],
  "ROUND16":["21","12","17","11","13","7","15","20","22","12","24","16"],
  "ROUND17":["21","11","20","11","16","9","15","19","22","12","24","18"],
  "ROUND18":["23","13","20","11","15","12","18","18","22","15","24","17"],
  "ROUND19":["25","15","19","10","15","15","21","20","24","14","24","20"],
  "ROUND20":["27","15","19","13","14","17","23","23","23","17","23","22"],
  "ROUND21":["29","18","21","15","16","17","23","22","23","17","22","25"],
  "ROUND22":["31","17","21","18","15","20","23","22","23","17","22","27"],
  "ROUND23":["33","19","23","18","17","19","26","22","23","16","25","27"],
  "ROUND24":["35","19","23","18","16","21","26","22","26","16","25","27"],
  "ROUND25":["34","19","26","17","16","20","29","22","26","19","27","29"],
  "ROUND26":["37","19","25","17","16","19","32","21","29","18","30","29"],
  "ROUND27":["36","18","28","20","15","22","35","21","29","18","29","29"],
  "ROUND28":["38","20","30","20","15","24","35","21","31","20","32","28"],
  "ROUND29":["37","23","33","23","14","23","35","21","30","22","35","30"],
  "ROUND30":["37","22","36","23","13","23","35","20","30","25","38","30"],
  "ROUND31":["37","21","38","25","12","23","38","20","32","28","38","32"],
  "ROUND32":["36","23","38","28","14","26","38","20","31","28","41","31"],
  "ROUND33":["38","25","38","28","17","25","37","23","33","30","43","33"],
  "ROUND34":["41","24","41","27","19","28","36","26","33","32","42","33"],
  "ROUND35":["41","24","41","27","21","31","36","29","35","31","41","33"],
  "ROUND36":["41","24","41","30","23","30","36","31","34","31","41","36"],
  "ROUND37":["40","24","40","33","25","29","38","34","37","31","41","36"],
  "ROUND38":["39","24","40","35","27","29","38","37","40","33","43","35"],
  "ROUND39":["41","24","40","35","26","31","41","37","39","33","43","38"],
  "ROUND40":["44","23","43","35","26","30","40","36","42","36","42","41"],
  "ROUND41":["46","23","42","35","26","33","40","39","41","35","45","43"],
  "ROUND42":["48","25","41","35","26","36","40","38","40","38","48","43"],
  "ROUND43":["48","28","41","35","29","38","39","38","39","37","51","45"],
  "ROUND44":["47","28","41","35","31","41","38","41","41","36","54","45"],
  "ROUND45":["47","30","44","35","33","40","37","41","44","36","54","45"],
  "ROUND46":["46","30","44","34","33","40","37","41","44","39","54","48"],
  "ROUND47":["49","30","44","37","32","39","37","44","44","42","53","47"],
  "ROUND48":["52","33","43","36","32","39","37","46","44","41","55","50"],
  "ROUND49":["54","35","45","35","35","39","39","49","43","43","55","52"],
  "ROUND50":["54","35","45","35","34","39","42","49","43","46","55","51"],
  "ROUND51":["56","35","45","34","34","41","45","49","43","45","55","54"],
  "ROUND52":["55","38","48","33","34","41","44","52","43","45","55","54"],
  "ROUND53":["55","40","50","32","37","43","46","52","45","47","57","56"],
  "ROUND54":["54","39","50","31","40","43","46","55","45","50","57","56"],
  "ROUND55":["56","39","53","30","43","45","49","55","44","49","57","56"],
  "ROUND56":["56","42","55","32","43","47","51","54","44","51","57","58"],
  "ROUND57":["56","42","58","31","43","46","54","54","44","53","59","58"],
  "ROUND58":["56","44","61","34","45","45","54","56","46","53","58","58"],
  "ROUND59":["56","46","63","36","45","45","54","56","46","55","58","58"],
  "ROUND60":["56","46","65","38","48","48","56","58","45","58","57","57"],
  "ROUND61":["55","46","67","40","48","48","56","60","45","60","60","57"],
  "ROUND62":["58","45","67","39","51","48","58","59","48","63","62","56"],
  "ROUND63":["58","45","67","39","51","48","58","59","47","63","62","59"],
  "ROUND64":["61","45","67","42","50","48","57","58","50","63","61","62"],
  "ROUND65":["60","47","66","44","50","50","56","61","52","66","61","65"],
  "ROUND66":["62","47","66","44","50","53","56","64","51","65","63","65"],
  "ROUND67":["65","47","68","44","49","55","56","63","50","68","66","65"],
  "ROUND68":["68","49","68","46","49","57","59","65","49","68","66","64"],
  "ROUND69":["70","51","68","49","51","59","61","64","49","68","66","66"],
  "ROUND70":["72","51","68","49","51","61","63","64","51","70","68","66"],
  "ROUND71":["75","51","67","52","51","61","65","64","53","69","70","68"],
  "ROUND72":["77","53","70","54","50","61","65","66","55","71","70","68"],
  "ROUND73":["77","52","72","53","53","61","68","69","54","70","72","71"],
  "ROUND74":["79","54","74","53","53","60","68","69","56","73","74","73"],
  "ROUND75":["82","53","76","56","56","59","68","72","56","72","73","75"],
  "ROUND76":["81","56","78","56","55","62","68","75","59","71","75","74"],
  "ROUND77":["80","56","77","58","55","61","71","78","58","74","77","77"],
  "ROUND78":["83","56","77","58","55","61","71","80","57","76","77","77"],
  "ROUND79":["86","56","76","58","54","61","71","82","57","76","80","79"],
  "ROUND80":["86","56","79","61","54","60","70","85","56","76","80","79"]
}
