{
  "ID":["0","1","2","3","4","5","6","7","8","9","10","11"],
  "ROUND1":["2","0","2","2","2","-1","2","2","0","2","2","3"],
  "ROUND2":["1","2","4","2","4","-2","2","4","2","5","5","5"],
  "ROUND3":["1","4","6","4","3","-2","4","6","4","7","8","7"],
  "ROUND4":["4","6","8","6","2","-2","4","8","7","10","7","6"],
  "ROUND5":["3","6","10","5","4","0","6","10","10","10","9","9"],
  "ROUND6":["3","8","12","4","4","2","8","10","12","12","9","12"],
  "ROUND7":["5","10","11","6","6","4","10","10","11","15","9","15"],
  "ROUND8":["5","10","13","8","8","7","12","12","13","14","11","17"],
  "ROUND9":["5","12","15","10","10","9","14","14","12","16","14","17"],
  "ROUND10":["7","14","17","12","13","11","14","16","15","15","13","17"],
  "ROUND11":["9","16","19","14","15","13","16","18","15","17","13","19"],
  "ROUND12":["11","18","21","14","15","16","18","20","17","19","15","18"],
  "ROUND13":["13","20","23","16","17","18","20","20","17","21","17","20"],
  "ROUND14":["15","20","25","18","19","20","20","22","16","23","19","23"],
  "ROUND15":["17","22","25","18","21","22","22","24","18","25","19","23"],
  "ROUND16":["19","24","27","20","23","22","24","26","18","28","21","22"],
  "ROUND17":["21","26","29","22","25","24","26","28","20","28","21","24"],
  "ROUND18":["23","26","31","22","27","26","28","30","22","30","23","26"],
  "ROUND19":["25","25","33","24","29","25","28","32","25","33","23","28"],
  "ROUND20":["27","27","35","27","29","27","30","34","25","32","26","27"],
  "ROUND21":["27","29","34","29","31","29","32","36","27","32","29","29"],
  "ROUND22":["29","29","36","31","33","31","32","36","29","32","31","31"],
  "ROUND23":["32","31","38","31","36","31","34","38","28","35","30","30"],
  "ROUND24":["34","33","37","33","38","34","36","40","27","35","30","33"],
  "ROUND25":["36","32","39","32","40","36","38","42","27","35","33","36"],
  "ROUND26":["38","34","41","34","42","35","40","42","27","35","36","36"],
  "ROUND27":["37","36","43","37","44","35","42","44","30","35","35","38"],
  "ROUND28":["39","38","45","39","46","35","44","46","32","37","37","38"],
  "ROUND29":["41","40","47","41","45","37","46","48","35","39","37","38"],
  "ROUND30":["43","42","49","43","47","40","48","50","35","39","36","40"],
  "ROUND31":["43","44","51","45","49","42","47","52","37","39","38","43"],
  "ROUND32":["45","47","53","47","51","44","47","54","37","41","40","42"],
  "ROUND33":["47","49","53","49","54","44","49","53","36","43","42","45"],
  "ROUND34":["49","51","55","51","56","46","49","55","35","43","44","48"],
  "ROUND35":["51","53","55","53","55","48","51","54","38","45","47","48"],
  "ROUND36":["53","55","55","55","57","47","53","56","40","47","47","51"],
  "ROUND37":["53","57","57","54","59","49","55","58","42","49","47","54"],
  "ROUND38":["55","59","59","56","59","51","57","58","44","51","49","56"],
  "ROUND39":["57","61","62","56","61","53","59","58","46","50","51","58"],
  "ROUND40":["59","63","62","56","63","55","61","60","48","52","53","60"],
  "ROUND41":["59","65","62","58","65","57","63","62","50","54","55","62"],
  "ROUND42":["61","65","62","60","68","59","62","62","49","57","57","62"],
  "ROUND43":["63","67","62","62","70","61","64","65","49","59","59","61"],
  "ROUND44":["65","69","65","64","70","60","66","67","51","62","59","60"],
  "ROUND45":["67","71","67","64","72","62","68","67","53","62","59","62"],
  "ROUND46":["69","73","69","66","72","64","70","69","55","64","61","62"],
  "ROUND47":["71","72","69","68","74","64","72","71","57","66","63","65"],
  "ROUND48":["73","74","71","70","76","66","74","74","57","66","62","67"],
  "ROUND49":["75","76","73","70","78","68","76","76","59","68","64","67"],
  "ROUND50":["77","76","75","72","80","70","75","76","58","71","67","69"],
  "ROUND51":["77","79","77","74","82","72","75","78","60","73","69","68"],
  "ROUND52":["79","81","79","76","84","75","75","80","60","75","71","67"],
  "ROUND53":["81","83","81","78","84","77","78","80","62","77","73","66"],
  "ROUND54":["83","85","83","78","86","79","80","82","64","77","75","68"],
  "ROUND55":["85","87","85","80","88","81","82","84","64","79","77","68"],
  "ROUND56":["87","89","87","80","90","83","82","86","66","81","79","70"],
  "ROUND57":["89","92","86","83","90","85","85","86","65","80","78","73"],
  "ROUND58":["88","94","88","83","92","87","87","86","67","83","80","75"],
  "ROUND59":["90","93","91","82","94","89","89","86","70","83","83","74"],
  "ROUND60":["92","95","93","84","93","91","91","88","70","86","83","76"],
  "ROUND61":["94","98","95","86","95","91","93","90","69","86","85","78"],
  "ROUND62":["94","100","97","86","97","94","95","92","71","85","87","80"],
  "ROUND63":["96","102","97","86","99","96","97","94","73","87","87","80"],
  "ROUND64":["98","104","99","88","99","98","99","94","75","90","86","82"],
  "ROUND65":["100","103","101","90","101","100","101","96","78","90","88","82"],
  "ROUND66":["102","103","103","92","103","102","100","98","78","92","91","84"],
  "ROUND67":["104","105","105","94","105","104","102","100","78","92","93","86"],
  "ROUND68":["106","105","107","97","107","104","104","99","80","95","95","85"],
  "ROUND69":["108","107","109","96","107","106","106","101","82","97","95","88"],
  "ROUND70":["110","109","111","98","107","108","108","103","84","97","97","90"],
  "ROUND71":["113","111","113","98","109","108","110","105","86","96","99","92"],
  "ROUND72":["115","110","116","100","111","110","112","105","88","96","98","95"],
  "ROUND73":["117","112","118","102","113","112","112","104","91","98","100","95"],
  "ROUND74":["119","114","120","104","113","114","114","106","91","100","102","97"],
  "ROUND75":["119","116","122","106","115","116","116","108","93","102","104","97"],
  "ROUND76":["119","118","121","105","117","118","118","111","96","101","104","100"],
  "ROUND77":["121","120","121","107","119","120","118","113","96","103","104","102"],
  "ROUND78":["123","122","123","107","121","122","120","116","95","105","104","104"],
  "ROUND79":["125","124","125","107","123","122","122","115","97","107","107","106"],
  "ROUND80":["127","126","127","110","123","124","124","115","100","109","106","105"]
}
