{
  "ID":["0","1","2","3","4","5","6","7","8","9","10","11"],
  "ROUND1":["2","2","0","2","2","-1","0","-1","3","2","2","3"],
  "ROUND2":["2","4","0","4","4","1","2","-2","5","4","4","6"],
  "ROUND3":["4","3","0","6","6","3","4","-2","8","7","3","8"],
  "ROUND4":["3","5","2","8","8","5","4","-2","11","9","3","8"],
  "ROUND5":["2","7","4","10","8","7","6","0","10","12","3","11"],
  "ROUND6":["4","7","6","12","10","6","8","2","10","15","5","13"],
  "ROUND7":["6","9","8","14","10","8","8","2","13","14","7","13"],
  "ROUND8":["8","11","10","14","12","10","10","2","13","16","9","13"],
  "ROUND9":["8","13","12","13","12","9","12","4","15","18","12","16"],
  "ROUND10":["10","13","14","12","12","9","12","4","15","18","15","16"],
  "ROUND11":["12","15","16","14","14","9","14","6","17","20","17","16"],
  "ROUND12":["14","15","15","16","13","11","16","6","17","23","17","19"],
  "ROUND13":["14","17","15","15","15","11","18","8","20","23","19","21"],
  "ROUND14":["16","17","15","15","17","10","20","7","23","25","22","21"],
  "ROUND15":["18","17","15","17","19","13","22","10","23","24","22","20"],
  "ROUND16":["20","19","17","19","18","15","24","10","23","27","24","22"],
  "ROUND17":["22","19","19","21","20","17","24","12","23","27","26","24"],
  "ROUND18":["24","22","21","23","22","19","26","15","22","27","25","24"],
  "ROUND19":["27","21","21","23","24","21","28","17","21","27","28","24"],
  "ROUND20":["29","23","23","25","24","24","30","19","21","27","28","23"],
  "ROUND21":["31","23","25","27","26","26","32","19","21","29","30","23"],
  "ROUND22":["33","25","25","29","28","26","34","21","24","31","29","25"],
  "ROUND23":["35","25","27","32","31","29","36","23","23","31","28","24"],
  "ROUND24":["37","27","26","34","33","31","36","23","25","33","30","27"],
  "ROUND25":["39","29","28","36","32","33","36","25","25","32","33","30"],
  "ROUND26":["41","31","31","35","34","35","36","27","27","32","36","29"],
  "ROUND27":["41","33","31","35","36","34","38","27","30","32","36","31"],
  "ROUND28":["43","35","30","37","38","36","37","29","30","32","39","34"],
  "ROUND29":["45","37","30","39","40","38","39","29","33","31","42","33"],
  "ROUND30":["45","39","32","42","42","40","41","31","36","31","41","32"],
  "ROUND31":["47","41","34","44","44","42","41","33","36","33","43","34"],
  "ROUND32":["47","43","34","44","46","44","41","35","36","33","43","34"],
  "ROUND33":["49","43","34","46","48","46","40","34","39","35","45","37"],
  "ROUND34":["51","45","33","48","50","48","42","36","41","35","48","37"],
  "ROUND35":["51","47","36","50","52","48","44","38","41","35","47","39"],
  "ROUND36":["50","49","38","52","54","50","47","40","41","35","46","42"],
  "ROUND37":["53","51","38","54","54","52","47","40","41","37","46","41"],
  "ROUND38":["55","53","40","56","56","54","47","42","41","36","49","43"],
  "ROUND39":["57","55","42","58","56","56","47","44","41","39","48","43"],
  "ROUND40":["57","57","44","58","58","58","46","43","41","39","51","46"],
  "ROUND41":["57","56","46","60","61","60","48","43","44","42","50","45"],
  "ROUND42":["59","55","48","62","60","62","50","43","44","45","52","48"],
  "ROUND43":["62","55","48","64","62","65","52","45","44","44","51","48"],
  "ROUND44":["61","57","51","66","64","64","52","47","47","43","51","51"],
  "ROUND45":["63","60","53","68","66","66","51","47","46","46","51","53"],
  "ROUND46":["63","60","56","67","68","68","53","47","46","49","53","52"],
  "ROUND47":["65","60","56","70","70","68","55","49","45","49","55","54"],
  "ROUND48":["64","59","58","70","72","71","57","49","48","52","57","53"],
  "ROUND49":["66","62","58","72","72","73","59","49","50","51","59","53"],
  "ROUND50":["68","64","57","75","72","72","59","49","53","50","62","53"],
  "ROUND51":["68","66","59","77","72","75","61","51","53","50","61","55"],
  "ROUND52":["70","69","59","79","74","77","64","50","52","53","60","55"],
  "ROUND53":["72","71","61","81","76","77","66","50","52","53","63","54"],
  "ROUND54":["72","71","60","83","78","80","69","52","51","52","65","57"],
  "ROUND55":["74","73","62","85","80","80","71","54","53","52","67","59"],
  "ROUND56":["76","73","64","87","82","82","71","54","55","55","66","59"],
  "ROUND57":["78","72","64","89","82","84","73","54","55","57","68","62"],
  "ROUND58":["80","74","66","91","84","84","75","54","57","57","70","62"],
  "ROUND59":["80","74","68","93","84","83","74","57","60","57","73","61"],
  "ROUND60":["82","76","70","93","87","85","76","59","62","59","73","60"],
  "ROUND61":["85","76","72","95","89","87","78","61","61","62","72","60"],
  "ROUND62":["87","78","74","97","91","89","80","63","61","64","74","60"],
  "ROUND63":["86","77","76","99","93","91","82","65","61","64","77","63"],
  "ROUND64":["88","79","79","99","95","93","84","65","60","66","80","62"],
  "ROUND65":["90","81","81","101","97","93","84","67","60","65","83","62"],
  "ROUND66":["92","83","80","101","100","93","87","70","59","64","82","65"],
  "ROUND67":["94","85","82","103","100","95","87","72","62","63","84","67"],
  "ROUND68":["96","85","84","105","100","94","89","72","62","65","86","70"],
  "ROUND69":["98","85","86","107","100","96","91","74","61","65","89","70"],
  "ROUND70":["100","87","88","107","99","98","93","76","63","67","92","70"],
  "ROUND71":["102","89","90","107","99","98","95","75","63","69","94","73"],
  "ROUND72":["102","91","90","109","101","100","97","77","66","71","96","72"],
  "ROUND73":["104","94","92","111","103","102","97","79","68","71","95","74"],
  "ROUND74":["103","96","94","111","105","104","99","81","71","74","95","73"],
  "ROUND75":["105","96","96","111","107","107","101","83","70","76","98","72"],
  "ROUND76":["108","96","98","113","109","109","101","85","69","78","100","74"],
  "ROUND77":["110","98","97","115","111","109","103","87","71","78","103","76"],
  "ROUND78":["112","100","97","115","113","111","105","87","73","77","103","79"],
  "ROUND79":["114","102","99","117","115","110","105","87","73","79","103","82"],
  "ROUND80":["116","101","101","119","117","112","107","90","73","79","106","81"]
}
