{
  "ID":["0","1","2","3","4","5","6","7","8","9","10","11"],
  "ROUND1":["2","2","-1","2","2","0","-1","0","0","3","3","0"],
  "ROUND2":["2","4","1","4","1","-1","-1","3","0","5","6","0"],
  "ROUND3":["4","3","3","4","1","-1","-2","3","3","8","6","0"],
  "ROUND4":["3","5","5","3","0","-1","-2","6","3","8","9","3"],
  "ROUND5":["5","5","5","5","2","1","0","6","3","8","9","5"],
  "ROUND6":["5","7","7","7","2","1","2","6","3","8","9","5"],
  "ROUND7":["7","9","6","7","4","3","4","5","6","11","9","7"],
  "ROUND8":["9","8","8","9","6","3","4","4","9","10","12","10"],
  "ROUND9":["8","10","10","11","8","5","6","4","12","10","11","13"],
  "ROUND10":["10","10","10","13","10","7","8","4","12","10","11","15"],
  "ROUND11":["9","10","12","15","9","9","10","4","15","13","11","15"],
  "ROUND12":["9","12","11","14","11","11","12","7","15","16","11","15"],
  "ROUND13":["11","14","13","16","11","13","14","10","15","15","11","15"],
  "ROUND14":["11","16","15","18","11","15","16","10","17","15","11","15"],
  "ROUND15":["13","19","17","17","11","14","16","13","17","18","11","14"],
  "ROUND16":["15","21","16","17","13","13","18","16","20","18","10","17"],
  "ROUND17":["17","23","18","16","15","15","20","16","20","18","13","17"],
  "ROUND18":["19","23","18","18","15","15","20","16","20","18","13","17"],
  "ROUND19":["21","22","18","21","17","18","20","15","23","18","12","17"],
  "ROUND20":["21","22","18","23","19","18","23","15","23","17","12","17"],
  "ROUND21":["21","24","17","23","19","18","25","15","23","17","12","20"],
  "ROUND22":["23","24","17","25","21","20","24","15","23","20","12","20"],
  "ROUND23":["25","23","17","24","23","22","26","15","26","20","15","20"],
  "ROUND24":["27","25","17","24","22","22","26","15","29","20","15","20"],
  "ROUND25":["29","28","17","26","24","21","26","15","32","19","15","22"],
  "ROUND26":["31","30","17","29","26","21","28","15","31","18","15","25"],
  "ROUND27":["31","29","19","31","28","21","30","18","31","18","15","25"],
  "ROUND28":["31","31","19","33","28","23","32","18","31","18","15","25"],
  "ROUND29":["31","31","19","33","28","23","31","18","31","18","18","25"],
  "ROUND30":["31","31","19","35","30","22","30","18","31","21","18","28"],
  "ROUND31":["31","31","19","35","30","22","33","18","31","20","18","28"],
  "ROUND32":["31","30","21","35","32","24","35","17","31","23","21","28"],
  "ROUND33":["34","30","23","37","32","26","37","20","31","23","20","27"],
  "ROUND34":["36","32","25","37","32","28","40","20","31","22","19","30"],
  "ROUND35":["36","32","27","39","34","30","43","20","30","22","19","30"],
  "ROUND36":["35","35","27","41","34","32","43","19","30","22","19","33"],
  "ROUND37":["35","35","27","40","34","34","45","19","30","25","19","33"],
  "ROUND38":["37","35","27","40","36","36","47","19","30","25","19","33"],
  "ROUND39":["39","37","29","42","36","36","46","19","30","25","22","33"],
  "ROUND40":["42","39","29","44","38","38","46","18","29","28","21","36"],
  "ROUND41":["44","41","29","46","40","40","48","20","31","28","21","36"],
  "ROUND42":["46","41","31","48","42","40","48","20","31","28","21","36"],
  "ROUND43":["46","41","34","48","44","40","50","20","31","27","21","36"],
  "ROUND44":["49","43","36","48","44","42","52","19","31","27","21","36"],
  "ROUND45":["48","43","38","48","44","42","54","19","34","27","21","36"],
  "ROUND46":["50","43","38","47","46","44","56","22","34","27","21","36"],
  "ROUND47":["52","45","38","49","48","46","58","22","34","27","21","36"],
  "ROUND48":["52","47","38","49","50","48","60","21","34","30","21","36"],
  "ROUND49":["51","47","40","51","50","48","60","21","34","33","21","36"],
  "ROUND50":["51","47","42","51","52","48","59","21","34","36","21","36"],
  "ROUND51":["53","49","44","51","52","48","61","21","34","36","21","36"],
  "ROUND52":["55","49","44","53","54","48","63","21","37","36","21","35"],
  "ROUND53":["55","51","46","53","53","50","65","21","37","36","21","38"],
  "ROUND54":["55","51","48","53","53","52","65","21","37","36","21","38"],
  "ROUND55":["55","50","50","53","53","52","67","21","37","35","24","41"],
  "ROUND56":["57","52","50","55","55","52","67","21","37","35","24","41"],
  "ROUND57":["57","52","50","55","58","54","69","21","37","35","23","41"],
  "ROUND58":["56","54","53","55","60","54","69","24","36","35","23","41"],
  "ROUND59":["56","54","53","55","60","54","68","24","39","35","23","41"],
  "ROUND60":["58","54","55","58","60","54","68","24","39","35","22","41"],
  "ROUND61":["58","54","55","60","60","54","70","24","38","35","25","41"],
  "ROUND62":["60","56","57","62","60","54","70","24","38","35","25","41"],
  "ROUND63":["60","56","59","62","62","56","72","24","38","35","25","41"],
  "ROUND64":["60","58","62","62","64","56","72","23","38","38","24","41"],
  "ROUND65":["60","60","64","61","66","56","74","23","38","38","27","41"],
  "ROUND66":["63","60","66","63","66","56","74","23","37","38","27","41"],
  "ROUND67":["63","59","68","65","66","56","74","26","37","38","27","41"],
  "ROUND68":["65","59","67","67","66","56","74","26","37","41","27","41"],
  "ROUND69":["65","61","69","69","66","58","74","26","37","41","27","41"],
  "ROUND70":["67","63","71","71","68","60","74","26","37","41","27","41"],
  "ROUND71":["69","66","73","71","68","60","74","25","37","41","27","41"],
  "ROUND72":["69","69","72","73","68","62","73","28","40","40","27","41"],
  "ROUND73":["71","69","74","75","68","64","75","28","40","40","29","41"],
  "ROUND74":["70","71","74","77","70","66","75","28","43","40","29","41"],
  "ROUND75":["70","73","74","79","70","68","77","28","46","40","29","40"],
  "ROUND76":["70","75","76","82","72","70","77","27","46","39","32","40"],
  "ROUND77":["72","77","75","82","74","72","77","26","49","39","35","40"],
  "ROUND78":["72","79","78","82","74","75","79","25","51","38","37","40"],
  "ROUND79":["74","81","80","82","74","77","79","25","51","38","37","40"],
  "ROUND80":["74","83","82","84","73","79","79","28","50","38","40","40"]
}
