{
  "ID":["0","1","2","3","4","5","6","7","8","9","10","11"],
  "ROUND1":["-1","-1","-1","0","-1","-1","3","3","3","3","3","0"],
  "ROUND2":["-1","-1","-2","2","1","-2","6","2","6","3","6","0"],
  "ROUND3":["-2","1","0","4","1","0","6","5","6","3","6","0"],
  "ROUND4":["-2","3","0","3","0","2","6","5","6","3","9","3"],
  "ROUND5":["-3","5","2","5","2","2","6","5","6","6","9","3"],
  "ROUND6":["-3","4","2","4","4","4","6","8","9","6","9","3"],
  "ROUND7":["-4","6","2","4","6","4","6","8","9","6","9","6"],
  "ROUND8":["-4","8","2","6","5","6","8","8","9","6","12","6"],
  "ROUND9":["-1","7","2","6","4","6","11","7","9","6","15","6"],
  "ROUND10":["-2","9","1","8","6","8","11","10","9","6","15","9"],
  "ROUND11":["0","8","1","10","6","7","11","10","9","9","18","9"],
  "ROUND12":["-1","10","0","10","8","9","14","10","11","12","18","9"],
  "ROUND13":["-1","9","0","9","8","8","17","13","11","12","18","12"],
  "ROUND14":["1","11","2","11","8","8","17","13","11","12","18","12"],
  "ROUND15":["3","13","4","10","8","10","17","16","11","15","18","11"],
  "ROUND16":["3","13","6","9","10","9","20","16","11","15","18","14"],
  "ROUND17":["5","13","8","9","12","11","20","16","11","15","18","14"],
  "ROUND18":["7","13","8","9","14","11","20","16","11","15","18","14"],
  "ROUND19":["10","13","10","9","13","13","20","15","14","15","18","14"],
  "ROUND20":["12","13","9","9","15","16","20","18","14","15","17","14"],
  "ROUND21":["14","13","9","11","15","16","20","18","14","15","17","14"],
  "ROUND22":["14","13","9","13","17","16","20","18","14","15","17","14"],
  "ROUND23":["16","15","9","13","17","15","20","21","14","15","17","14"],
  "ROUND24":["18","17","11","15","16","14","20","21","14","18","20","14"],
  "ROUND25":["20","19","13","15","16","16","20","21","14","18","20","14"],
  "ROUND26":["20","21","15","15","16","19","19","21","13","18","23","14"],
  "ROUND27":["22","23","17","15","19","21","19","21","13","18","22","14"],
  "ROUND28":["24","25","17","15","19","24","19","21","13","18","21","14"],
  "ROUND29":["23","24","17","17","21","24","19","24","16","18","21","14"],
  "ROUND30":["25","24","17","17","23","24","19","24","16","18","21","14"],
  "ROUND31":["25","24","17","17","23","27","19","24","15","18","21","14"],
  "ROUND32":["25","26","17","19","25","29","19","24","15","18","21","14"],
  "ROUND33":["25","26","17","19","27","31","19","24","15","18","21","14"],
  "ROUND34":["27","26","19","21","29","33","19","24","17","18","21","14"],
  "ROUND35":["27","28","19","21","28","35","19","24","17","18","24","14"],
  "ROUND36":["29","28","19","23","28","35","19","24","17","18","24","14"],
  "ROUND37":["29","28","19","22","28","35","19","24","17","18","24","17"],
  "ROUND38":["31","30","19","24","28","37","19","24","17","18","24","17"],
  "ROUND39":["33","32","19","26","30","37","19","24","17","18","24","17"],
  "ROUND40":["33","32","19","28","32","37","19","24","17","18","24","17"],
  "ROUND41":["33","32","19","28","34","39","19","24","17","18","24","17"],
  "ROUND42":["33","32","18","28","34","38","19","24","20","18","27","17"],
  "ROUND43":["33","32","20","28","34","40","19","24","20","18","27","17"],
  "ROUND44":["35","34","22","30","37","40","19","24","20","18","27","16"],
  "ROUND45":["35","34","22","33","37","40","19","24","20","17","27","16"],
  "ROUND46":["35","36","22","33","37","42","19","24","20","17","27","16"],
  "ROUND47":["37","38","24","33","37","44","19","24","20","17","30","15"],
  "ROUND48":["37","40","26","35","39","44","19","24","20","17","30","15"],
  "ROUND49":["37","40","28","35","41","43","22","24","20","17","30","15"],
  "ROUND50":["37","40","28","38","41","43","22","24","20","17","29","15"],
  "ROUND51":["37","40","28","37","41","43","22","24","20","17","32","15"],
  "ROUND52":["37","40","30","39","41","43","22","24","20","17","32","15"],
  "ROUND53":["37","40","32","39","43","43","22","24","19","20","32","15"],
  "ROUND54":["37","42","34","39","45","45","22","24","19","20","32","15"],
  "ROUND55":["37","44","36","41","47","45","22","24","19","20","32","15"],
  "ROUND56":["37","44","36","41","47","45","22","24","19","20","32","15"],
  "ROUND57":["37","46","36","43","49","47","22","24","19","20","32","15"],
  "ROUND58":["39","48","36","43","51","49","22","24","19","20","32","15"],
  "ROUND59":["42","50","36","45","53","51","22","27","19","19","31","15"],
  "ROUND60":["42","52","36","47","55","53","22","27","19","19","31","15"],
  "ROUND61":["41","52","36","49","57","53","22","27","22","19","31","15"],
  "ROUND62":["43","52","36","49","57","53","22","27","22","19","33","15"],
  "ROUND63":["45","54","36","49","57","53","22","27","22","19","33","15"],
  "ROUND64":["44","56","36","51","59","55","22","27","22","19","36","15"],
  "ROUND65":["44","56","38","51","59","57","22","27","22","19","36","15"],
  "ROUND66":["44","56","38","51","59","57","22","27","22","19","36","15"],
  "ROUND67":["46","56","38","53","59","57","25","27","21","19","36","15"],
  "ROUND68":["46","58","40","53","59","57","25","27","21","19","36","15"],
  "ROUND69":["46","58","40","55","61","57","25","26","21","22","36","15"],
  "ROUND70":["48","60","40","58","63","59","25","26","20","22","36","15"],
  "ROUND71":["48","60","42","60","65","61","25","26","20","22","36","15"],
  "ROUND72":["50","60","42","60","65","63","25","26","20","22","36","15"],
  "ROUND73":["50","62","42","59","65","65","25","26","23","22","36","15"],
  "ROUND74":["50","64","44","62","65","65","25","26","22","22","36","15"],
  "ROUND75":["50","64","44","61","67","67","25","26","22","25","36","15"],
  "ROUND76":["52","66","44","63","69","66","25","26","22","25","39","15"],
  "ROUND77":["52","66","46","63","71","66","25","26","25","25","38","15"],
  "ROUND78":["52","68","46","63","74","68","25","26","24","25","38","15"],
  "ROUND79":["54","68","46","63","76","68","25","26","24","25","38","15"],
  "ROUND80":["54","70","46","66","78","68","25","26","24","24","38","15"]
}
