{
  "ID":["0","1","2","3","4","5","6","7","8","9","10","11"],
  "ROUND1":["2","0","0","2","0","0","0","0","0","0","0","0"],
  "ROUND2":["1","0","0","2","0","0","0","0","0","3","0","0"],
  "ROUND3":["3","-1","0","2","0","2","3","0","0","2","0","3"],
  "ROUND4":["3","-1","0","2","0","2","3","0","0","2","0","3"],
  "ROUND5":["2","-1","0","2","0","2","5","0","0","2","2","6"],
  "ROUND6":["2","-2","-1","2","0","2","7","3","3","2","4","6"],
  "ROUND7":["2","-2","-1","2","-1","2","7","3","5","4","4","9"],
  "ROUND8":["1","1","1","2","1","5","6","5","5","4","6","9"],
  "ROUND9":["1","0","4","2","1","5","6","5","5","4","6","9"],
  "ROUND10":["3","0","6","2","1","5","9","5","5","4","6","8"],
  "ROUND11":["3","0","5","2","1","5","12","5","5","4","6","8"],
  "ROUND12":["5","0","5","2","3","5","12","5","4","7","6","8"],
  "ROUND13":["8","-1","8","5","6","4","11","5","4","6","9","7"],
  "ROUND14":["7","-1","8","4","6","7","11","8","4","9","9","6"],
  "ROUND15":["9","-1","8","4","6","7","11","8","3","12","9","8"],
  "ROUND16":["11","1","8","4","6","10","14","8","2","11","9","8"],
  "ROUND17":["10","4","7","3","9","9","14","11","2","11","9","11"],
  "ROUND18":["9","4","7","2","12","9","17","14","2","10","9","11"],
  "ROUND19":["8","4","10","5","12","9","16","14","5","10","9","10"],
  "ROUND20":["8","4","10","5","12","9","16","14","5","10","9","10"],
  "ROUND21":["8","4","10","5","12","9","16","14","8","10","9","9"],
  "ROUND22":["8","3","10","4","12","9","19","17","8","10","9","9"],
  "ROUND23":["8","3","10","4","12","9","19","17","8","10","9","9"],
  "ROUND24":["8","3","10","4","12","9","19","17","8","10","9","9"],
  "ROUND25":["8","6","10","7","12","9","18","17","8","10","9","8"],
  "ROUND26":["7","5","10","10","12","9","18","17","11","10","9","8"],
  "ROUND27":["7","5","10","13","14","9","18","17","11","12","9","7"],
  "ROUND28":["7","8","10","13","13","12","18","17","10","12","9","7"],
  "ROUND29":["9","10","10","13","13","12","18","17","10","12","9","7"],
  "ROUND30":["11","9","9","15","13","15","18","20","10","12","9","7"],
  "ROUND31":["11","9","9","15","13","15","18","20","13","12","8","7"],
  "ROUND32":["11","9","9","15","13","15","18","20","16","12","8","6"],
  "ROUND33":["11","9","8","18","13","15","18","23","16","15","7","5"],
  "ROUND34":["11","9","8","17","13","18","18","22","16","15","10","5"],
  "ROUND35":["11","9","8","17","16","18","18","22","16","15","10","4"],
  "ROUND36":["11","9","8","17","15","17","18","22","19","15","13","4"],
  "ROUND37":["11","9","8","20","15","17","18","22","19","15","13","3"],
  "ROUND38":["11","9","11","20","14","19","18","22","21","15","13","3"],
  "ROUND39":["11","8","14","20","13","22","17","22","21","14","16","6"],
  "ROUND40":["11","8","14","19","13","22","17","22","21","14","19","6"],
  "ROUND41":["14","8","14","19","12","22","17","25","21","14","18","6"],
  "ROUND42":["13","11","14","19","12","25","16","25","21","14","18","6"],
  "ROUND43":["13","10","14","19","15","24","16","25","21","17","18","6"],
  "ROUND44":["12","10","14","18","15","27","19","28","21","16","18","6"],
  "ROUND45":["11","10","13","21","15","26","19","28","24","16","21","6"],
  "ROUND46":["11","10","13","24","15","26","22","28","24","16","20","5"],
  "ROUND47":["11","10","13","24","15","26","22","28","24","19","19","5"],
  "ROUND48":["11","10","13","24","15","26","22","31","23","19","19","5"],
  "ROUND49":["11","13","16","23","15","26","22","30","23","18","22","5"],
  "ROUND50":["13","16","16","23","15","26","22","29","23","18","24","5"],
  "ROUND51":["13","16","16","26","18","29","21","29","22","17","24","5"],
  "ROUND52":["12","16","16","26","21","29","21","29","22","17","24","5"],
  "ROUND53":["12","16","16","26","21","29","21","29","22","17","24","5"],
  "ROUND54":["15","16","15","26","21","29","20","29","21","20","27","5"],
  "ROUND55":["14","15","18","29","23","29","20","31","21","20","27","5"],
  "ROUND56":["14","15","21","29","23","29","20","31","24","19","26","5"],
  "ROUND57":["14","15","21","29","23","29","20","31","24","19","26","5"],
  "ROUND58":["14","15","21","29","23","29","20","30","24","19","29","5"],
  "ROUND59":["14","15","21","28","26","28","20","30","24","19","32","5"],
  "ROUND60":["14","18","23","28","28","27","22","29","26","19","32","8"],
  "ROUND61":["14","17","23","28","28","29","21","32","29","21","32","8"],
  "ROUND62":["13","16","26","31","28","28","21","31","29","24","35","8"],
  "ROUND63":["16","19","26","34","27","28","20","31","29","24","34","8"],
  "ROUND64":["16","19","26","34","27","28","20","30","29","24","34","11"],
  "ROUND65":["15","19","26","34","27","28","23","30","29","24","34","11"],
  "ROUND66":["18","21","28","34","26","28","23","30","28","27","34","11"],
  "ROUND67":["18","21","31","33","25","31","23","30","31","26","37","10"],
  "ROUND68":["18","21","34","33","25","31","25","30","31","28","36","10"],
  "ROUND69":["18","21","34","33","28","31","24","30","31","28","36","10"],
  "ROUND70":["18","21","37","35","28","33","24","30","31","27","36","10"],
  "ROUND71":["18","24","37","37","28","35","23","30","31","27","36","10"],
  "ROUND72":["21","24","37","37","28","35","23","30","30","27","36","10"],
  "ROUND73":["21","24","37","37","27","35","23","33","30","27","36","10"],
  "ROUND74":["21","27","36","37","27","35","26","36","30","26","35","10"],
  "ROUND75":["24","30","36","40","27","35","26","35","30","25","34","10"],
  "ROUND76":["24","30","36","40","30","35","25","35","30","25","37","9"],
  "ROUND77":["24","29","36","40","33","38","25","35","29","24","37","12"],
  "ROUND78":["23","28","39","39","36","37","28","38","28","24","40","12"],
  "ROUND79":["26","27","38","38","36","37","27","41","31","24","43","12"],
  "ROUND80":["25","27","38","38","36","37","27","41","34","24","43","12"]
}
