{
  "ID":["0","1","2","3","4","5","6","7","8","9","10","11"],
  "ROUND1":["-1","2","2","2","0","-1","3","2","0","3","2","2"],
  "ROUND2":["1","2","2","1","2","1","5","4","2","6","1","5"],
  "ROUND3":["0","2","1","3","2","0","8","6","5","9","4","4"],
  "ROUND4":["-1","4","3","5","4","2","8","8","7","12","4","6"],
  "ROUND5":["2","6","5","7","4","4","10","8","7","11","6","6"],
  "ROUND6":["4","8","5","7","6","6","12","11","9","11","6","5"],
  "ROUND7":["4","10","5","9","8","6","14","11","9","11","6","5"],
  "ROUND8":["6","12","7","11","10","8","17","13","11","10","6","5"],
  "ROUND9":["8","12","9","13","12","10","20","15","10","13","5","5"],
  "ROUND10":["8","12","11","15","14","12","20","14","10","12","8","8"],
  "ROUND11":["8","12","10","14","13","11","23","14","13","15","8","11"],
  "ROUND12":["7","11","10","13","13","10","23","17","16","18","11","11"],
  "ROUND13":["9","11","10","15","12","12","25","20","15","21","13","13"],
  "ROUND14":["11","13","10","14","12","11","28","23","17","20","15","16"],
  "ROUND15":["11","15","12","16","14","14","28","23","16","20","15","16"],
  "ROUND16":["11","14","14","18","16","16","30","26","16","20","15","18"],
  "ROUND17":["13","16","16","17","18","16","29","26","16","23","15","21"],
  "ROUND18":["16","18","15","16","18","19","31","25","19","22","18","21"],
  "ROUND19":["16","18","14","16","20","22","31","25","19","24","17","24"],
  "ROUND20":["18","17","14","16","22","22","31","25","19","26","20","26"],
  "ROUND21":["20","19","16","18","22","24","34","25","18","25","23","28"],
  "ROUND22":["19","21","16","20","22","24","36","27","21","25","22","31"],
  "ROUND23":["21","23","18","20","24","26","38","27","24","25","22","30"],
  "ROUND24":["23","26","20","20","23","25","38","27","27","28","21","30"],
  "ROUND25":["26","26","23","20","26","24","37","29","26","27","24","32"],
  "ROUND26":["28","26","23","20","28","26","37","29","28","27","24","32"],
  "ROUND27":["30","25","25","23","30","26","36","29","31","30","26","31"],
  "ROUND28":["30","25","27","26","32","28","36","29","33","29","26","31"],
  "ROUND29":["29","27","29","28","34","30","36","31","33","32","29","30"],
  "ROUND30":["31","27","28","30","36","32","38","34","36","31","31","30"],
  "ROUND31":["31","27","28","32","38","34","40","36","35","34","33","30"],
  "ROUND32":["31","29","31","32","38","36","39","36","34","34","36","30"],
  "ROUND33":["33","29","34","34","40","36","41","36","34","37","35","29"],
  "ROUND34":["35","29","33","34","39","38","44","39","36","36","38","31"],
  "ROUND35":["37","31","32","37","39","41","44","41","39","35","40","30"],
  "ROUND36":["39","33","35","39","39","43","47","40","38","35","40","30"],
  "ROUND37":["42","36","35","42","39","43","49","39","40","34","40","29"],
  "ROUND38":["44","35","35","44","39","45","52","38","43","34","42","29"],
  "ROUND39":["46","37","37","43","39","48","52","38","45","34","41","32"],
  "ROUND40":["46","37","36","45","41","50","55","38","45","34","43","32"],
  "ROUND41":["46","39","36","45","43","49","55","38","48","33","43","35"],
  "ROUND42":["48","41","38","45","46","51","58","37","48","33","43","34"],
  "ROUND43":["50","43","41","45","48","53","61","36","48","32","42","37"],
  "ROUND44":["49","46","43","45","48","55","60","38","51","34","42","37"],
  "ROUND45":["52","45","42","44","48","55","63","38","50","37","42","40"],
  "ROUND46":["54","45","44","46","48","57","62","40","49","40","45","42"],
  "ROUND47":["56","47","46","46","48","57","62","42","49","42","47","42"],
  "ROUND48":["55","49","49","48","51","57","61","45","48","45","47","41"],
  "ROUND49":["57","49","49","50","53","57","60","48","50","45","50","40"],
  "ROUND50":["57","51","51","53","55","59","60","48","52","45","49","42"],
  "ROUND51":["59","51","54","56","57","61","63","47","51","47","48","42"],
  "ROUND52":["61","54","54","55","59","61","66","50","54","46","47","41"],
  "ROUND53":["61","54","53","57","61","60","69","53","56","48","46","44"],
  "ROUND54":["64","56","53","56","60","60","69","52","59","50","49","44"],
  "ROUND55":["66","58","53","58","63","62","68","54","58","50","51","47"],
  "ROUND56":["68","60","55","58","62","64","71","57","57","50","51","47"],
  "ROUND57":["70","62","54","61","62","67","71","56","60","53","50","46"],
  "ROUND58":["72","64","54","60","64","67","73","58","63","53","52","46"],
  "ROUND59":["72","63","54","60","66","69","73","58","63","53","55","46"],
  "ROUND60":["74","65","56","62","68","71","72","58","63","53","58","46"],
  "ROUND61":["73","67","58","62","70","73","72","60","66","55","60","48"],
  "ROUND62":["73","69","61","61","70","75","71","60","69","55","63","47"],
  "ROUND63":["75","69","64","63","72","77","74","60","68","54","66","46"],
  "ROUND64":["77","69","67","65","74","80","73","62","70","56","66","45"],
  "ROUND65":["80","71","69","67","76","80","72","62","70","55","69","45"],
  "ROUND66":["82","73","69","69","78","80","74","62","70","57","72","44"],
  "ROUND67":["81","75","69","72","78","82","76","61","70","57","75","46"],
  "ROUND68":["83","77","71","74","80","82","76","64","69","59","75","46"],
  "ROUND69":["85","79","73","74","82","84","78","64","69","62","74","46"],
  "ROUND70":["87","79","72","76","84","84","80","64","72","64","74","48"],
  "ROUND71":["89","81","72","78","84","86","82","63","75","67","73","50"],
  "ROUND72":["91","81","74","80","84","88","82","62","75","66","76","53"],
  "ROUND73":["91","83","76","79","86","90","82","65","75","68","76","55"],
  "ROUND74":["93","85","75","79","88","92","82","68","78","70","75","57"],
  "ROUND75":["92","87","74","82","88","94","85","67","77","73","75","60"],
  "ROUND76":["91","87","77","84","87","93","85","69","80","72","78","63"],
  "ROUND77":["91","89","79","86","89","92","88","72","79","72","80","65"],
  "ROUND78":["94","91","78","88","89","94","87","75","79","74","83","64"],
  "ROUND79":["96","91","78","90","89","94","87","77","79","73","86","66"],
  "ROUND80":["96","93","80","89","91","97","89","80","78","73","86","66"]
}
