{
  "ID":["0","1","2","3","4","5","6","7","8","9","10","11"],
  "ROUND1":["-1","-1","-1","0","3","0","3","0","0","3","0","0"],
  "ROUND2":["1","-2","1","2","3","3","3","2","0","3","0","0"],
  "ROUND3":["0","-3","0","5","6","6","3","1","0","3","0","3"],
  "ROUND4":["-1","-4","-1","4","6","6","6","1","3","3","3","6"],
  "ROUND5":["-1","-2","1","4","6","8","6","3","3","3","3","6"],
  "ROUND6":["1","-3","1","7","6","7","6","3","3","3","5","9"],
  "ROUND7":["0","-3","1","7","6","6","5","6","6","6","4","12"],
  "ROUND8":["0","-3","3","7","6","6","5","6","6","6","6","12"],
  "ROUND9":["0","-4","2","6","6","6","8","9","9","6","6","12"],
  "ROUND10":["-1","-1","2","6","6","5","11","9","9","6","6","12"],
  "ROUND11":["-1","1","4","8","8","8","10","8","12","6","6","12"],
  "ROUND12":["-1","3","6","8","8","8","10","8","12","6","6","12"],
  "ROUND13":["-1","3","6","7","8","8","13","8","12","9","6","11"],
  "ROUND14":["-1","5","8","7","7","7","16","8","15","9","6","11"],
  "ROUND15":["-1","8","8","7","7","7","16","8","14","9","6","11"],
  "ROUND16":["-2","8","7","7","10","10","16","8","13","9","9","11"],
  "ROUND17":["0","10","10","7","9","13","16","8","13","8","9","11"],
  "ROUND18":["3","13","10","6","9","13","16","8","13","7","9","11"],
  "ROUND19":["3","12","9","9","12","13","16","11","13","7","8","11"],
  "ROUND20":["5","12","11","9","12","13","16","11","16","6","8","11"],
  "ROUND21":["4","12","14","9","12","12","16","11","19","5","11","11"],
  "ROUND22":["3","12","13","9","12","15","16","11","19","5","11","14"],
  "ROUND23":["5","11","15","9","12","15","19","14","19","5","11","13"],
  "ROUND24":["4","13","17","9","12","15","19","14","19","8","11","13"],
  "ROUND25":["3","13","17","9","12","15","22","14","22","8","11","12"],
  "ROUND26":["3","13","17","9","12","15","25","13","22","8","11","12"],
  "ROUND27":["3","16","17","8","12","15","25","13","22","8","11","12"],
  "ROUND28":["3","19","17","8","11","18","25","13","22","7","11","12"],
  "ROUND29":["3","19","17","8","11","18","25","13","22","7","11","12"],
  "ROUND30":["3","19","17","8","11","18","25","13","22","7","11","12"],
  "ROUND31":["6","19","17","8","11","18","24","13","22","7","11","12"],
  "ROUND32":["6","21","19","8","14","18","26","13","24","7","11","11"],
  "ROUND33":["6","23","19","8","13","18","26","13","24","9","11","14"],
  "ROUND34":["9","23","21","8","13","17","26","13","24","11","11","14"],
  "ROUND35":["12","23","21","8","13","17","26","13","24","10","14","13"],
  "ROUND36":["12","23","24","8","13","17","26","12","23","10","14","16"],
  "ROUND37":["14","25","26","10","13","19","28","14","25","10","14","16"],
  "ROUND38":["16","27","28","10","15","19","28","14","25","10","14","16"],
  "ROUND39":["16","26","31","13","14","18","31","17","24","10","13","19"],
  "ROUND40":["19","28","33","12","13","18","31","16","27","10","13","22"],
  "ROUND41":["18","28","32","12","13","18","31","19","27","13","13","22"],
  "ROUND42":["18","28","32","12","12","18","31","22","26","16","13","22"],
  "ROUND43":["17","28","32","15","12","18","30","22","26","16","13","25"],
  "ROUND44":["17","28","35","15","12","18","30","21","26","16","13","25"],
  "ROUND45":["17","28","35","15","12","18","30","21","26","16","13","25"],
  "ROUND46":["17","27","35","15","15","18","33","21","26","15","13","25"],
  "ROUND47":["17","29","37","15","15","18","33","20","26","15","13","28"],
  "ROUND48":["17","32","37","15","15","18","33","20","29","15","12","27"],
  "ROUND49":["17","34","39","14","15","18","33","23","29","15","12","27"],
  "ROUND50":["17","34","39","14","15","21","33","22","29","15","15","26"],
  "ROUND51":["17","37","38","14","14","24","32","22","29","14","18","29"],
  "ROUND52":["17","36","38","14","14","24","32","25","28","17","18","29"],
  "ROUND53":["17","38","40","14","17","24","32","24","28","17","18","29"],
  "ROUND54":["19","40","40","14","17","24","32","27","28","17","17","29"],
  "ROUND55":["19","42","40","14","17","24","32","27","28","17","17","31"],
  "ROUND56":["19","41","39","13","20","24","32","30","31","17","20","30"],
  "ROUND57":["19","40","42","13","20","23","35","30","31","17","20","30"],
  "ROUND58":["21","40","44","12","22","25","35","33","34","17","20","29"],
  "ROUND59":["21","40","44","12","22","25","35","33","34","17","20","29"],
  "ROUND60":["23","39","46","11","22","28","35","32","34","17","23","32"],
  "ROUND61":["23","42","45","11","22","27","35","31","37","20","22","35"],
  "ROUND62":["25","44","44","11","22","27","35","31","37","23","22","35"],
  "ROUND63":["27","44","46","11","22","30","35","31","37","23","22","34"],
  "ROUND64":["30","44","45","11","22","33","38","30","37","23","21","34"],
  "ROUND65":["30","44","48","10","25","33","38","30","37","22","21","34"],
  "ROUND66":["30","44","48","10","25","33","40","30","37","22","23","34"],
  "ROUND67":["29","44","48","9","25","36","40","33","37","22","23","34"],
  "ROUND68":["29","44","51","9","25","35","40","33","37","22","23","34"],
  "ROUND69":["28","44","51","9","25","38","40","32","36","22","26","37"],
  "ROUND70":["31","47","51","12","24","37","40","31","39","22","25","37"],
  "ROUND71":["31","47","51","12","24","40","40","31","39","21","25","37"],
  "ROUND72":["33","49","51","12","24","40","40","31","39","21","25","37"],
  "ROUND73":["33","51","50","14","26","42","40","31","39","24","25","37"],
  "ROUND74":["32","51","50","14","26","45","43","34","38","23","25","37"],
  "ROUND75":["32","50","53","14","26","45","43","34","41","23","24","37"],
  "ROUND76":["31","50","53","14","26","45","43","34","41","23","27","37"],
  "ROUND77":["31","50","52","14","26","45","43","37","40","23","27","40"],
  "ROUND78":["31","52","52","14","29","48","42","36","40","23","27","42"],
  "ROUND79":["31","52","52","14","32","48","45","35","40","23","26","42"],
  "ROUND80":["31","54","54","14","32","48","45","35","40","23","26","42"]
}
