{
  "ID":["0","1","2","3","4","5","6","7","8","9","10","11"],
  "ROUND1":["2","2","-1","2","2","-1","-1","3","0","0","3","3"],
  "ROUND2":["1","4","1","4","4","1","1","3","0","0","6","3"],
  "ROUND3":["3","6","3","6","3","3","3","3","0","0","9","3"],
  "ROUND4":["3","5","2","8","2","5","2","6","3","3","12","3"],
  "ROUND5":["3","5","4","10","2","7","4","6","3","3","12","3"],
  "ROUND6":["3","7","6","10","2","9","6","6","3","3","12","3"],
  "ROUND7":["2","6","6","12","2","11","6","6","6","6","12","3"],
  "ROUND8":["4","6","5","14","4","13","6","9","6","6","12","3"],
  "ROUND9":["6","6","7","16","3","15","5","9","9","6","12","6"],
  "ROUND10":["5","8","9","16","5","14","7","9","9","6","15","9"],
  "ROUND11":["5","10","8","15","4","13","9","12","12","9","18","9"],
  "ROUND12":["4","9","10","15","4","15","9","15","12","9","18","12"],
  "ROUND13":["4","9","10","17","6","14","9","15","12","9","18","15"],
  "ROUND14":["6","9","10","19","8","16","8","15","12","12","18","15"],
  "ROUND15":["8","9","10","19","8","16","10","15","12","12","18","15"],
  "ROUND16":["8","9","12","21","10","18","10","15","12","12","18","15"],
  "ROUND17":["10","11","12","20","9","20","12","18","12","15","18","15"],
  "ROUND18":["12","13","12","22","11","22","14","18","12","15","18","15"],
  "ROUND19":["14","13","12","24","11","22","13","18","12","15","18","18"],
  "ROUND20":["16","15","12","23","11","21","13","18","12","18","21","18"],
  "ROUND21":["15","15","12","25","13","21","13","18","12","21","21","18"],
  "ROUND22":["17","17","14","25","15","23","15","18","12","21","21","18"],
  "ROUND23":["17","19","14","27","15","23","15","18","12","21","21","18"],
  "ROUND24":["19","21","14","29","17","25","17","18","12","21","21","18"],
  "ROUND25":["19","23","14","31","17","27","19","18","12","21","21","18"],
  "ROUND26":["21","25","13","31","17","27","19","18","15","21","21","18"],
  "ROUND27":["21","27","13","31","19","27","19","18","15","21","21","18"],
  "ROUND28":["23","26","13","30","19","29","19","21","15","21","21","21"],
  "ROUND29":["23","26","15","30","21","31","21","21","15","21","21","21"],
  "ROUND30":["23","26","15","30","21","31","21","21","15","21","21","21"],
  "ROUND31":["23","28","15","29","23","33","23","21","18","21","21","21"],
  "ROUND32":["25","30","15","31","23","35","23","21","18","21","21","21"],
  "ROUND33":["27","30","15","31","25","35","23","21","18","21","21","21"],
  "ROUND34":["29","32","15","33","27","35","23","21","18","21","21","21"],
  "ROUND35":["29","32","17","35","29","35","25","21","18","21","21","21"],
  "ROUND36":["29","32","19","35","31","35","25","21","18","21","21","21"],
  "ROUND37":["31","32","21","35","31","35","25","21","18","21","21","21"],
  "ROUND38":["31","32","21","35","33","37","25","21","18","21","21","21"],
  "ROUND39":["31","34","21","37","35","37","27","21","18","21","21","21"],
  "ROUND40":["33","34","23","39","37","39","29","21","18","21","21","21"],
  "ROUND41":["33","36","25","41","37","39","31","21","18","21","21","21"],
  "ROUND42":["35","38","27","41","39","39","31","21","18","21","21","21"],
  "ROUND43":["35","38","29","41","39","39","33","21","18","21","21","21"],
  "ROUND44":["35","37","29","41","39","41","35","21","21","21","21","21"],
  "ROUND45":["35","37","29","41","39","43","37","21","21","21","21","21"],
  "ROUND46":["37","39","29","41","39","45","39","21","21","21","21","21"],
  "ROUND47":["37","41","29","41","41","47","41","21","21","21","21","21"],
  "ROUND48":["37","41","31","41","41","49","41","21","21","21","21","21"],
  "ROUND49":["39","41","31","43","41","49","41","21","21","21","21","21"],
  "ROUND50":["39","43","33","45","43","49","41","21","21","21","21","21"],
  "ROUND51":["41","43","33","45","43","49","43","21","21","21","21","21"],
  "ROUND52":["41","45","33","45","43","49","45","21","21","21","21","21"],
  "ROUND53":["43","45","35","45","43","51","47","21","21","21","21","21"],
  "ROUND54":["43","45","35","45","43","51","47","21","21","21","21","21"],
  "ROUND55":["45","47","37","45","43","51","49","21","21","21","21","21"],
  "ROUND56":["45","49","39","45","45","51","51","21","21","21","21","21"],
  "ROUND57":["45","51","41","45","45","51","51","21","21","21","21","21"],
  "ROUND58":["45","53","41","45","45","53","51","21","21","21","21","21"],
  "ROUND59":["47","55","41","45","47","55","51","21","21","21","21","21"],
  "ROUND60":["49","55","43","47","49","57","53","21","21","21","21","21"],
  "ROUND61":["51","55","45","49","51","57","53","21","21","21","21","21"],
  "ROUND62":["53","55","47","51","51","59","53","21","21","21","21","21"],
  "ROUND63":["53","55","49","53","53","59","55","21","21","21","21","21"],
  "ROUND64":["53","57","49","53","53","61","55","21","21","21","21","21"],
  "ROUND65":["53","59","51","53","55","61","57","21","21","21","21","21"],
  "ROUND66":["55","59","51","53","55","61","59","21","21","21","21","21"],
  "ROUND67":["57","61","51","55","55","63","59","21","21","21","21","21"],
  "ROUND68":["57","61","53","55","57","63","59","21","21","21","21","21"],
  "ROUND69":["59","63","55","55","59","65","61","21","21","21","21","21"],
  "ROUND70":["61","63","55","55","61","65","61","21","21","21","21","21"],
  "ROUND71":["61","63","55","55","61","67","63","21","21","21","21","21"],
  "ROUND72":["63","65","55","55","63","67","65","21","21","21","21","21"],
  "ROUND73":["63","67","57","55","63","69","67","21","21","21","21","21"],
  "ROUND74":["63","67","59","55","65","69","67","21","21","21","21","21"],
  "ROUND75":["63","69","61","57","67","71","69","21","21","21","21","21"],
  "ROUND76":["63","69","63","59","69","71","71","21","21","21","21","21"],
  "ROUND77":["63","71","65","59","69","71","71","21","21","21","21","21"],
  "ROUND78":["63","71","67","59","69","73","71","21","21","21","21","21"],
  "ROUND79":["65","73","67","61","69","75","71","21","21","21","21","21"],
  "ROUND80":["65","75","69","61","69","75","71","21","21","21","21","21"]
}
