{
  "ID":["0","1","2","3","4","5","6","7","8","9","10","11"],
  "ROUND1":["-1","-1","0","-1","2","0","2","3","3","-1","3","3"],
  "ROUND2":["-2","1","2","-1","1","-1","1","6","6","2","3","6"],
  "ROUND3":["0","3","2","1","1","-2","3","6","5","2","6","9"],
  "ROUND4":["-1","5","4","3","3","0","5","6","5","5","8","11"],
  "ROUND5":["1","4","6","5","5","2","7","6","7","7","8","14"],
  "ROUND6":["0","6","6","7","4","5","7","9","6","6","11","17"],
  "ROUND7":["2","8","8","7","6","5","9","11","5","8","13","20"],
  "ROUND8":["4","10","7","9","6","7","11","13","7","8","15","23"],
  "ROUND9":["6","10","6","11","8","9","13","13","7","11","15","25"],
  "ROUND10":["6","12","8","13","7","11","15","15","7","14","17","27"],
  "ROUND11":["6","14","10","15","9","13","17","17","7","13","20","29"],
  "ROUND12":["8","14","10","17","9","15","20","17","6","15","22","31"],
  "ROUND13":["7","16","12","17","11","17","20","20","8","15","22","33"],
  "ROUND14":["9","19","12","16","11","19","22","19","8","18","22","35"],
  "ROUND15":["12","18","15","16","13","19","24","22","7","17","22","35"],
  "ROUND16":["11","20","17","18","15","19","23","22","10","17","22","38"],
  "ROUND17":["11","20","20","20","17","21","25","24","9","20","24","37"],
  "ROUND18":["11","20","20","22","19","23","27","24","9","23","23","37"],
  "ROUND19":["11","22","20","24","18","25","29","26","12","23","25","37"],
  "ROUND20":["11","24","20","26","20","24","31","26","12","26","27","39"],
  "ROUND21":["14","27","22","28","20","24","33","26","11","28","27","38"],
  "ROUND22":["14","29","24","28","19","26","35","26","11","28","30","38"],
  "ROUND23":["16","28","26","30","19","26","35","26","13","28","30","41"],
  "ROUND24":["18","28","28","32","21","26","34","26","12","28","33","44"],
  "ROUND25":["20","31","27","32","23","25","34","29","15","28","33","43"],
  "ROUND26":["23","30","27","34","23","27","34","28","15","27","36","46"],
  "ROUND27":["25","32","29","36","25","26","33","30","15","30","39","46"],
  "ROUND28":["24","32","31","38","27","28","36","29","18","33","39","45"],
  "ROUND29":["24","34","33","40","30","30","35","32","18","32","39","45"],
  "ROUND30":["26","34","35","42","32","32","38","31","18","34","39","45"],
  "ROUND31":["26","34","34","44","34","35","37","34","21","33","38","48"],
  "ROUND32":["26","36","34","46","34","34","37","37","21","33","38","48"],
  "ROUND33":["28","36","37","48","36","37","39","40","21","32","37","47"],
  "ROUND34":["28","36","37","50","38","37","39","40","24","32","36","47"],
  "ROUND35":["30","36","36","52","41","37","39","40","27","32","36","46"],
  "ROUND36":["30","38","38","54","43","37","39","40","27","32","38","48"],
  "ROUND37":["30","41","38","56","45","37","39","39","27","32","40","50"],
  "ROUND38":["32","43","38","58","47","39","39","41","27","31","40","53"],
  "ROUND39":["35","45","40","60","50","41","42","41","26","30","40","52"],
  "ROUND40":["37","45","42","62","52","43","44","41","26","30","42","54"],
  "ROUND41":["37","47","44","64","51","45","44","41","26","30","42","57"],
  "ROUND42":["39","49","44","66","51","47","47","43","28","32","41","59"],
  "ROUND43":["39","51","46","66","53","49","46","45","31","32","43","59"],
  "ROUND44":["41","53","48","68","53","48","48","47","31","35","43","59"],
  "ROUND45":["43","53","50","70","55","50","48","47","31","35","43","61"],
  "ROUND46":["45","55","52","69","58","52","48","47","31","35","42","64"],
  "ROUND47":["47","57","52","69","58","55","50","47","31","35","44","63"],
  "ROUND48":["49","59","54","69","60","57","53","46","30","35","47","65"],
  "ROUND49":["51","59","54","71","59","59","55","49","33","34","47","65"],
  "ROUND50":["53","61","56","71","61","59","57","51","33","36","47","67"],
  "ROUND51":["55","63","56","73","63","61","56","51","33","36","49","70"],
  "ROUND52":["57","65","55","75","63","61","58","51","33","39","49","70"],
  "ROUND53":["60","67","57","75","66","61","58","51","32","39","49","69"],
  "ROUND54":["60","67","59","77","68","63","58","53","31","41","52","69"],
  "ROUND55":["60","67","61","76","68","62","60","56","34","41","51","72"],
  "ROUND56":["62","69","63","76","70","64","60","56","34","41","53","72"],
  "ROUND57":["65","68","65","76","73","66","60","56","33","44","52","72"],
  "ROUND58":["67","71","67","76","73","68","62","55","33","43","52","75"],
  "ROUND59":["66","71","70","79","72","70","64","55","32","42","55","78"],
  "ROUND60":["68","73","70","81","74","70","63","57","32","42","58","80"],
  "ROUND61":["67","75","72","83","76","72","65","57","32","42","58","83"],
  "ROUND62":["67","78","74","85","78","74","65","60","31","42","58","82"],
  "ROUND63":["69","80","74","87","77","77","67","60","31","45","58","81"],
  "ROUND64":["71","80","73","89","79","79","66","60","31","48","61","81"],
  "ROUND65":["73","82","75","89","81","81","68","60","31","48","64","80"],
  "ROUND66":["76","84","77","91","83","83","71","59","31","48","66","79"],
  "ROUND67":["79","86","77","93","83","82","73","61","31","48","65","82"],
  "ROUND68":["81","85","80","95","82","82","73","60","34","48","65","85"],
  "ROUND69":["81","87","82","97","82","82","75","60","36","50","65","85"],
  "ROUND70":["83","87","84","100","84","82","75","62","38","50","67","84"],
  "ROUND71":["85","89","84","102","86","84","78","64","37","50","70","83"],
  "ROUND72":["87","88","84","102","86","86","80","64","37","53","70","85"],
  "ROUND73":["89","90","86","104","88","88","80","64","37","52","73","85"],
  "ROUND74":["88","92","85","103","90","88","82","67","40","55","75","85"],
  "ROUND75":["88","94","85","102","90","90","82","67","43","55","75","85"],
  "ROUND76":["88","96","85","105","92","93","84","66","43","54","75","87"],
  "ROUND77":["88","98","87","107","94","95","83","68","42","54","78","90"],
  "ROUND78":["90","100","89","107","94","97","85","67","45","54","80","90"],
  "ROUND79":["90","102","89","110","96","97","88","67","45","53","80","89"],
  "ROUND80":["92","102","89","109","98","97","91","70","47","55","79","89"]
}
