{
  "ID":["0","1","2","3","4","5","6","7","8","9","10","11"],
  "ROUND1":["2","2","2","-1","-1","2","-1","3","3","3","0","0"],
  "ROUND2":["4","2","4","2","1","4","1","3","2","3","0","2"],
  "ROUND3":["4","1","6","1","0","4","3","3","5","3","3","5"],
  "ROUND4":["4","1","8","1","3","6","3","3","5","2","3","5"],
  "ROUND5":["6","1","8","0","5","6","5","6","5","2","3","7"],
  "ROUND6":["6","1","7","2","7","8","7","6","8","5","2","7"],
  "ROUND7":["5","3","10","1","7","10","6","6","11","4","5","10"],
  "ROUND8":["7","3","12","3","6","12","6","6","14","7","4","10"],
  "ROUND9":["7","3","14","5","8","11","6","6","17","7","6","10"],
  "ROUND10":["9","5","16","7","7","10","6","9","17","10","6","10"],
  "ROUND11":["11","4","16","7","7","12","6","9","20","9","6","13"],
  "ROUND12":["13","4","16","7","6","11","6","12","22","12","6","13"],
  "ROUND13":["12","6","18","9","8","13","6","11","25","12","9","15"],
  "ROUND14":["15","6","20","9","8","15","5","11","25","12","8","18"],
  "ROUND15":["15","8","22","8","10","17","5","11","25","12","11","18"],
  "ROUND16":["17","10","21","10","10","19","5","11","25","15","11","18"],
  "ROUND17":["19","12","20","9","12","21","8","11","28","18","11","17"],
  "ROUND18":["22","14","20","11","14","21","10","11","28","18","11","16"],
  "ROUND19":["24","13","22","11","16","23","10","14","28","17","14","16"],
  "ROUND20":["23","15","22","13","18","23","12","17","28","17","13","19"],
  "ROUND21":["25","15","21","15","18","25","14","17","28","17","16","19"],
  "ROUND22":["27","17","23","15","20","27","16","17","28","17","16","19"],
  "ROUND23":["26","19","23","15","20","27","18","17","28","20","16","19"],
  "ROUND24":["25","22","22","15","22","29","18","20","27","23","19","18"],
  "ROUND25":["27","21","24","17","24","31","20","22","30","23","19","20"],
  "ROUND26":["30","23","26","17","24","33","22","22","30","26","18","19"],
  "ROUND27":["32","22","28","19","26","35","24","25","30","29","17","19"],
  "ROUND28":["35","22","30","22","26","37","24","25","30","29","16","18"],
  "ROUND29":["37","24","33","24","28","37","26","25","32","28","15","21"],
  "ROUND30":["36","24","35","24","30","37","26","25","35","28","15","21"],
  "ROUND31":["36","27","37","24","30","40","28","24","35","27","15","21"],
  "ROUND32":["36","29","37","26","30","42","27","26","35","27","15","24"],
  "ROUND33":["38","29","37","28","32","41","29","26","35","26","18","27"],
  "ROUND34":["40","29","39","28","32","43","31","29","35","25","18","27"],
  "ROUND35":["39","31","41","30","32","46","33","29","35","25","21","26"],
  "ROUND36":["39","31","41","30","32","48","35","29","38","25","21","25"],
  "ROUND37":["41","31","43","30","34","50","37","31","38","25","21","25"],
  "ROUND38":["41","33","45","32","34","52","39","33","38","25","21","25"],
  "ROUND39":["43","33","45","34","33","54","41","33","38","25","21","28"],
  "ROUND40":["43","35","44","36","36","53","41","32","37","28","24","31"],
  "ROUND41":["43","34","44","38","38","52","41","32","37","31","24","34"],
  "ROUND42":["45","34","44","38","40","54","43","32","37","31","24","34"],
  "ROUND43":["47","36","47","38","42","54","45","32","37","30","24","34"],
  "ROUND44":["49","36","50","38","42","54","47","32","36","30","24","34"],
  "ROUND45":["51","38","50","41","44","56","47","35","36","29","24","33"],
  "ROUND46":["53","40","50","43","44","58","49","35","36","29","26","33"],
  "ROUND47":["53","39","49","45","46","58","49","35","39","29","29","33"],
  "ROUND48":["55","41","49","47","48","58","49","35","39","29","29","33"],
  "ROUND49":["57","41","51","47","51","60","51","35","39","29","28","33"],
  "ROUND50":["59","44","53","47","53","62","51","37","39","28","30","33"],
  "ROUND51":["61","46","56","49","52","62","53","37","38","27","33","36"],
  "ROUND52":["61","49","58","51","54","64","55","36","38","27","35","36"],
  "ROUND53":["60","51","60","53","54","67","57","36","40","29","34","39"],
  "ROUND54":["62","50","60","53","54","66","59","39","43","32","33","39"],
  "ROUND55":["64","50","60","56","54","68","59","38","43","32","33","39"],
  "ROUND56":["64","50","62","56","57","70","59","40","45","31","33","39"],
  "ROUND57":["67","52","61","58","59","70","61","39","45","34","32","42"],
  "ROUND58":["69","54","63","60","61","70","61","39","45","34","34","42"],
  "ROUND59":["68","54","63","59","64","72","63","42","47","37","33","44"],
  "ROUND60":["70","54","63","61","64","74","65","42","47","37","33","44"],
  "ROUND61":["72","53","65","63","63","74","67","45","47","37","36","44"],
  "ROUND62":["72","53","67","66","66","73","69","45","46","37","39","43"],
  "ROUND63":["74","53","67","65","68","75","72","48","46","37","41","42"],
  "ROUND64":["76","55","70","67","70","75","74","48","46","36","41","44"],
  "ROUND65":["78","58","72","67","70","77","76","48","46","36","40","44"],
  "ROUND66":["78","58","74","69","69","79","76","51","46","38","40","44"],
  "ROUND67":["80","60","76","69","72","79","78","51","46","38","40","43"],
  "ROUND68":["82","62","76","69","74","79","80","51","46","37","40","46"],
  "ROUND69":["82","64","76","71","73","82","82","51","45","40","42","46"],
  "ROUND70":["84","66","78","73","73","82","82","51","45","40","42","46"],
  "ROUND71":["87","68","80","75","72","85","84","51","48","39","42","45"],
  "ROUND72":["90","68","79","77","74","87","84","50","48","42","44","45"],
  "ROUND73":["92","68","78","77","74","87","86","53","48","42","43","48"],
  "ROUND74":["92","70","80","79","76","90","88","56","47","41","43","50"],
  "ROUND75":["94","72","82","81","76","92","90","56","50","41","43","49"],
  "ROUND76":["96","72","82","81","75","94","92","58","52","41","45","52"],
  "ROUND77":["99","74","84","83","78","94","94","57","51","41","48","51"],
  "ROUND78":["101","76","86","85","80","94","96","57","53","43","48","51"],
  "ROUND79":["100","78","88","87","83","94","99","56","53","46","47","53"],
  "ROUND80":["102","78","90","89","85","93","99","56","53","49","47","53"]
}
