{
  "ID":["0","1","2","3","4","5","6","7","8","9","10","11"],
  "ROUND1":["2","2","-1","2","2","2","2","-1","0","3","0","3"],
  "ROUND2":["2","1","1","1","4","4","4","1","3","6","2","3"],
  "ROUND3":["1","3","0","3","6","6","6","3","6","9","2","3"],
  "ROUND4":["3","5","2","5","8","8","6","5","6","9","2","5"],
  "ROUND5":["5","8","2","5","7","10","8","7","5","9","5","5"],
  "ROUND6":["7","7","4","5","9","12","10","9","5","9","5","8"],
  "ROUND7":["6","9","6","4","9","14","12","9","5","9","8","11"],
  "ROUND8":["6","11","8","4","11","16","14","8","8","11","8","11"],
  "ROUND9":["8","11","10","6","10","18","16","10","8","14","8","11"],
  "ROUND10":["8","10","10","5","10","20","18","9","11","14","11","14"],
  "ROUND11":["10","12","12","5","10","22","18","9","11","14","11","14"],
  "ROUND12":["9","14","12","5","12","21","20","11","14","14","14","14"],
  "ROUND13":["9","14","11","5","14","23","22","13","14","14","17","14"],
  "ROUND14":["9","14","13","7","13","23","22","13","14","14","17","17"],
  "ROUND15":["11","16","15","6","15","23","21","13","17","14","17","20"],
  "ROUND16":["13","18","17","8","17","22","21","15","17","14","17","23"],
  "ROUND17":["13","18","19","10","19","21","21","17","17","17","17","23"],
  "ROUND18":["15","20","19","12","19","23","21","17","17","17","17","23"],
  "ROUND19":["17","22","19","12","21","25","20","17","20","16","17","26"],
  "ROUND20":["19","24","21","12","23","25","20","19","20","16","19","26"],
  "ROUND21":["19","26","23","14","25","27","20","21","20","16","19","26"],
  "ROUND22":["18","25","25","14","27","27","20","21","23","16","22","26"],
  "ROUND23":["20","25","25","14","29","29","22","21","23","16","22","26"],
  "ROUND24":["22","27","27","16","28","31","24","21","26","16","22","26"],
  "ROUND25":["22","29","29","18","28","31","26","21","26","16","22","26"],
  "ROUND26":["22","29","31","20","28","31","28","23","26","16","22","26"],
  "ROUND27":["24","31","33","20","30","33","28","25","26","16","22","26"],
  "ROUND28":["26","33","35","22","32","32","30","27","26","18","25","26"],
  "ROUND29":["28","33","34","24","34","34","30","27","26","21","25","26"],
  "ROUND30":["28","35","36","24","34","36","30","29","26","21","25","26"],
  "ROUND31":["28","37","38","26","36","38","32","32","25","21","25","26"],
  "ROUND32":["28","39","41","26","38","38","31","31","24","21","28","29"],
  "ROUND33":["28","41","40","28","40","40","33","33","27","21","28","29"],
  "ROUND34":["30","44","40","30","42","40","33","35","26","21","28","29"],
  "ROUND35":["30","46","42","30","44","42","35","37","26","21","28","29"],
  "ROUND36":["32","46","44","30","46","44","37","39","26","21","28","29"],
  "ROUND37":["34","48","46","32","48","44","40","41","25","21","28","29"],
  "ROUND38":["34","47","48","32","48","46","43","41","25","24","27","29"],
  "ROUND39":["36","47","48","34","50","48","42","41","25","24","30","29"],
  "ROUND40":["36","47","50","36","50","48","44","43","25","24","30","29"],
  "ROUND41":["38","49","52","36","50","50","46","45","25","24","30","29"],
  "ROUND42":["38","49","52","36","52","50","46","47","25","24","30","29"],
  "ROUND43":["40","49","52","38","54","52","48","49","25","24","30","29"],
  "ROUND44":["42","49","52","40","54","54","50","52","25","24","30","28"],
  "ROUND45":["42","49","54","40","56","56","49","54","28","24","30","28"],
  "ROUND46":["42","49","57","42","59","58","51","56","28","23","29","28"],
  "ROUND47":["42","49","57","45","62","60","53","55","27","22","29","31"],
  "ROUND48":["44","51","59","45","62","60","55","55","27","22","29","31"],
  "ROUND49":["46","51","59","47","62","62","57","55","27","22","29","31"],
  "ROUND50":["48","53","61","46","62","64","57","58","30","22","28","31"],
  "ROUND51":["50","55","63","48","64","64","57","60","30","22","28","31"],
  "ROUND52":["52","57","63","50","66","64","59","62","30","22","28","31"],
  "ROUND53":["54","59","63","52","66","66","61","64","30","22","28","31"],
  "ROUND54":["54","59","65","54","65","68","61","66","30","25","28","31"],
  "ROUND55":["56","61","67","56","65","70","61","68","30","25","28","31"],
  "ROUND56":["58","63","69","58","65","70","63","70","30","25","28","31"],
  "ROUND57":["60","63","71","60","65","72","65","72","30","25","28","31"],
  "ROUND58":["62","63","71","60","65","72","65","74","30","25","28","31"],
  "ROUND59":["62","63","73","62","67","74","67","76","30","25","28","31"],
  "ROUND60":["64","63","75","64","69","76","67","78","30","24","31","31"],
  "ROUND61":["66","63","74","66","71","76","67","80","30","27","31","31"],
  "ROUND62":["68","62","74","66","73","78","69","80","33","27","31","31"],
  "ROUND63":["70","62","76","66","75","78","71","80","33","27","31","31"],
  "ROUND64":["72","64","78","68","75","78","70","80","33","30","31","31"],
  "ROUND65":["74","66","80","70","75","78","70","80","33","30","31","31"],
  "ROUND66":["74","66","82","72","75","80","70","82","33","30","31","31"],
  "ROUND67":["76","68","82","72","75","80","70","81","33","30","34","31"],
  "ROUND68":["76","70","84","72","75","80","73","81","32","30","34","31"],
  "ROUND69":["76","72","84","74","75","82","75","81","32","30","34","31"],
  "ROUND70":["78","72","84","76","75","82","77","83","32","30","34","31"],
  "ROUND71":["78","74","84","78","77","82","79","83","32","30","34","31"],
  "ROUND72":["80","77","84","80","79","82","81","83","32","30","34","30"],
  "ROUND73":["80","77","86","80","81","82","81","83","32","30","34","30"],
  "ROUND74":["82","79","88","82","83","82","80","85","35","30","34","30"],
  "ROUND75":["84","81","91","82","83","84","82","87","34","30","34","32"],
  "ROUND76":["84","83","93","84","83","84","84","87","34","30","34","32"],
  "ROUND77":["84","83","93","84","85","86","86","89","34","30","34","32"],
  "ROUND78":["86","83","92","86","87","88","88","91","37","30","34","32"],
  "ROUND79":["86","83","94","88","89","88","90","90","40","30","37","31"],
  "ROUND80":["88","83","96","90","91","88","92","92","40","30","37","31"]
}
