{
  "ID":["0","1","2","3","4","5","6","7","8","9","10","11"],
  "ROUND1":["0","-1","0","0","0","0","0","0","0","0","0","3"],
  "ROUND2":["-1","-1","0","0","0","3","0","0","0","0","0","3"],
  "ROUND3":["-2","-2","0","0","0","3","0","0","3","3","0","3"],
  "ROUND4":["-3","-2","3","0","0","3","0","0","3","3","0","3"],
  "ROUND5":["-4","-3","3","0","0","3","3","0","3","3","0","6"],
  "ROUND6":["-4","-4","6","0","0","3","3","0","3","3","0","6"],
  "ROUND7":["-4","-4","6","0","0","3","3","0","3","3","0","6"],
  "ROUND8":["-5","-5","6","0","0","3","3","3","3","3","3","6"],
  "ROUND9":["-6","-5","6","0","0","3","3","3","3","6","3","6"],
  "ROUND10":["-4","-3","6","0","0","3","3","3","3","6","3","6"],
  "ROUND11":["-4","-4","6","0","3","3","3","3","3","6","3","6"],
  "ROUND12":["-4","-4","6","0","3","3","3","3","3","6","3","6"],
  "ROUND13":["-2","-2","6","0","3","3","3","3","3","6","3","6"],
  "ROUND14":["-3","-2","6","0","3","3","6","3","3","6","3","6"],
  "ROUND15":["-3","-2","6","0","3","3","6","3","3","6","3","6"],
  "ROUND16":["-3","-2","6","0","3","3","6","3","3","6","3","6"],
  "ROUND17":["-3","-2","6","0","3","3","6","3","3","6","3","6"],
  "ROUND18":["-4","-3","6","3","3","3","6","3","6","6","3","6"],
  "ROUND19":["-4","-3","6","3","3","3","6","3","6","6","3","6"],
  "ROUND20":["-4","-3","6","3","3","3","6","3","6","6","3","6"],
  "ROUND21":["-4","-4","6","3","3","3","6","6","6","6","3","6"],
  "ROUND22":["-4","-4","6","3","3","3","6","6","6","6","3","6"],
  "ROUND23":["-4","-5","6","3","3","6","6","6","6","6","3","6"],
  "ROUND24":["-4","-5","6","3","3","6","6","6","6","6","3","6"],
  "ROUND25":["-5","-5","6","3","6","6","6","6","6","6","3","6"],
  "ROUND26":["-5","-5","6","3","6","6","6","6","6","6","3","6"],
  "ROUND27":["-5","-5","6","3","6","6","6","6","6","6","3","6"],
  "ROUND28":["-5","-5","6","3","6","6","6","6","6","6","3","6"],
  "ROUND29":["-5","-5","6","3","6","6","6","6","6","6","3","6"],
  "ROUND30":["-5","-5","6","3","6","6","6","6","6","6","3","6"],
  "ROUND31":["-5","-5","6","3","6","6","6","6","6","6","3","6"],
  "ROUND32":["-6","-5","6","3","6","6","6","6","6","6","6","6"],
  "ROUND33":["-6","-5","6","3","6","6","6","6","6","6","6","6"],
  "ROUND34":["-6","-5","6","3","6","6","6","6","6","6","6","6"],
  "ROUND35":["-6","-5","6","3","6","6","6","6","6","6","6","6"],
  "ROUND36":["-6","-5","6","3","6","6","6","6","6","6","6","6"],
  "ROUND37":["-6","-5","6","3","6","6","6","6","6","6","6","6"],
  "ROUND38":["-6","-5","6","3","6","6","6","6","6","6","6","6"],
  "ROUND39":["-6","-5","6","3","6","6","6","6","6","6","6","6"],
  "ROUND40":["-6","-5","6","3","6","6","6","6","6","6","6","6"],
  "ROUND41":["-6","-5","6","3","6","6","6","6","6","6","6","6"],
  "ROUND42":["-6","-5","6","3","6","6","6","6","6","6","6","6"],
  "ROUND43":["-6","-5","6","3","6","6","6","6","6","6","6","6"],
  "ROUND44":["-6","-5","6","3","6","6","6","6","6","6","6","6"],
  "ROUND45":["-6","-5","6","3","6","6","6","6","6","6","6","6"],
  "ROUND46":["-6","-6","6","6","6","6","6","6","6","6","6","6"],
  "ROUND47":["-6","-6","6","6","6","6","6","6","6","6","6","6"],
  "ROUND48":["-6","-6","6","6","6","6","6","6","6","6","6","6"],
  "ROUND49":["-6","-6","6","6","6","6","6","6","6","6","6","6"],
  "ROUND50":["-6","-6","6","6","6","6","6","6","6","6","6","6"],
  "ROUND51":["-6","-6","6","6","6","6","6","6","6","6","6","6"],
  "ROUND52":["-6","-6","6","6","6","6","6","6","6","6","6","6"],
  "ROUND53":["-6","-6","6","6","6","6","6","6","6","6","6","6"],
  "ROUND54":["-6","-6","6","6","6","6","6","6","6","6","6","6"],
  "ROUND55":["-6","-6","6","6","6","6","6","6","6","6","6","6"],
  "ROUND56":["-6","-6","6","6","6","6","6","6","6","6","6","6"],
  "ROUND57":["-6","-6","6","6","6","6","6","6","6","6","6","6"],
  "ROUND58":["-6","-6","6","6","6","6","6","6","6","6","6","6"],
  "ROUND59":["-6","-6","6","6","6","6","6","6","6","6","6","6"],
  "ROUND60":["-6","-6","6","6","6","6","6","6","6","6","6","6"],
  "ROUND61":["-6","-6","6","6","6","6","6","6","6","6","6","6"],
  "ROUND62":["-6","-6","6","6","6","6","6","6","6","6","6","6"],
  "ROUND63":["-6","-6","6","6","6","6","6","6","6","6","6","6"],
  "ROUND64":["-6","-6","6","6","6","6","6","6","6","6","6","6"],
  "ROUND65":["-6","-6","6","6","6","6","6","6","6","6","6","6"],
  "ROUND66":["-6","-6","6","6","6","6","6","6","6","6","6","6"],
  "ROUND67":["-6","-6","6","6","6","6","6","6","6","6","6","6"],
  "ROUND68":["-6","-6","6","6","6","6","6","6","6","6","6","6"],
  "ROUND69":["-6","-6","6","6","6","6","6","6","6","6","6","6"],
  "ROUND70":["-6","-6","6","6","6","6","6","6","6","6","6","6"],
  "ROUND71":["-6","-6","6","6","6","6","6","6","6","6","6","6"],
  "ROUND72":["-4","-4","6","6","6","6","6","6","6","6","6","6"],
  "ROUND73":["-4","-4","6","6","6","6","6","6","6","6","6","6"],
  "ROUND74":["-4","-4","6","6","6","6","6","6","6","6","6","6"],
  "ROUND75":["-4","-4","6","6","6","6","6","6","6","6","6","6"],
  "ROUND76":["-4","-4","6","6","6","6","6","6","6","6","6","6"],
  "ROUND77":["-4","-4","6","6","6","6","6","6","6","6","6","6"],
  "ROUND78":["-4","-4","6","6","6","6","6","6","6","6","6","6"],
  "ROUND79":["-4","-4","6","6","6","6","6","6","6","6","6","6"],
  "ROUND80":["-4","-4","6","6","6","6","6","6","6","6","6","6"]
}
