{
  "ID":["0","1","2","3","4","5","6","7","8","9","10","11"],
  "ROUND1":["2","0","-1","0","0","-1","0","3","3","2","0","0"],
  "ROUND2":["1","-1","-1","2","2","2","3","5","6","1","0","2"],
  "ROUND3":["0","-2","1","2","4","5","3","5","9","3","0","4"],
  "ROUND4":["3","0","3","1","4","4","5","8","8","6","0","6"],
  "ROUND5":["3","0","2","4","7","4","4","7","11","9","-1","6"],
  "ROUND6":["5","2","2","7","6","7","3","6","14","9","2","5"],
  "ROUND7":["5","4","4","6","8","10","5","8","16","8","5","5"],
  "ROUND8":["7","6","3","9","10","12","4","10","16","10","8","5"],
  "ROUND9":["6","8","5","12","9","14","7","10","19","9","8","7"],
  "ROUND10":["8","7","4","15","9","17","9","10","18","11","10","10"],
  "ROUND11":["7","7","4","15","9","20","8","10","21","11","10","10"],
  "ROUND12":["10","7","4","15","11","20","7","13","21","10","10","12"],
  "ROUND13":["12","9","6","17","13","20","9","13","21","10","10","12"],
  "ROUND14":["14","11","6","19","15","20","9","13","21","10","10","12"],
  "ROUND15":["13","13","8","22","15","19","8","13","24","13","10","12"],
  "ROUND16":["13","12","8","21","18","19","8","16","23","16","10","12"],
  "ROUND17":["13","12","10","23","20","19","10","16","23","18","12","12"],
  "ROUND18":["13","12","12","26","20","19","9","16","26","18","11","14"],
  "ROUND19":["15","14","11","29","19","21","11","19","26","20","13","14"],
  "ROUND20":["15","16","13","29","21","23","11","22","25","20","13","14"],
  "ROUND21":["15","16","16","28","21","26","10","21","25","20","16","14"],
  "ROUND22":["14","15","16","31","21","25","13","24","25","22","16","16"],
  "ROUND23":["14","14","16","33","21","24","16","23","27","22","19","19"],
  "ROUND24":["14","14","19","33","21","24","16","26","26","22","18","19"],
  "ROUND25":["14","14","19","35","23","24","18","26","26","22","20","19"],
  "ROUND26":["16","14","21","38","22","24","17","28","26","24","23","19"],
  "ROUND27":["18","14","23","38","21","26","19","30","28","27","23","19"],
  "ROUND28":["20","16","23","40","23","26","22","33","27","26","23","19"],
  "ROUND29":["19","19","22","43","22","26","21","33","30","29","22","22"],
  "ROUND30":["21","21","22","43","22","28","23","33","32","31","24","24"],
  "ROUND31":["23","23","24","42","22","28","26","35","32","31","23","27"],
  "ROUND32":["25","22","26","42","21","28","26","34","35","34","23","30"],
  "ROUND33":["27","22","28","42","23","28","25","34","38","34","23","32"],
  "ROUND34":["26","25","30","41","26","27","28","37","38","33","25","32"],
  "ROUND35":["29","25","32","43","25","27","28","39","40","36","25","31"],
  "ROUND36":["29","24","31","43","25","26","30","42","40","39","27","34"],
  "ROUND37":["29","26","34","43","24","29","32","42","40","41","29","33"],
  "ROUND38":["31","29","36","43","23","29","31","41","40","44","29","36"],
  "ROUND39":["33","28","36","45","23","32","31","44","40","43","31","38"],
  "ROUND40":["33","31","39","48","23","31","33","44","40","42","33","37"],
  "ROUND41":["35","31","39","50","25","30","36","44","40","41","36","39"],
  "ROUND42":["37","31","38","52","27","30","39","44","40","41","36","41"],
  "ROUND43":["37","33","40","52","26","30","42","44","43","44","35","40"],
  "ROUND44":["37","32","39","55","28","33","44","44","43","47","34","40"],
  "ROUND45":["39","35","38","54","28","36","46","44","46","46","37","39"],
  "ROUND46":["41","37","38","53","31","39","46","43","46","46","37","39"],
  "ROUND47":["43","40","40","55","31","39","48","43","45","46","39","41"],
  "ROUND48":["43","40","40","55","31","38","48","43","48","46","38","44"],
  "ROUND49":["42","43","43","55","30","37","51","42","48","46","38","47"],
  "ROUND50":["44","45","43","55","32","39","53","41","50","48","40","50"],
  "ROUND51":["46","48","45","55","32","39","55","43","50","50","42","49"],
  "ROUND52":["48","50","47","57","35","41","57","45","50","52","42","48"],
  "ROUND53":["50","52","47","59","37","44","56","45","50","54","42","50"],
  "ROUND54":["52","52","49","62","36","44","55","48","53","54","41","50"],
  "ROUND55":["52","51","48","65","39","44","54","48","56","53","41","53"],
  "ROUND56":["52","50","48","67","42","43","57","48","58","53","41","53"],
  "ROUND57":["52","52","50","67","45","46","57","47","58","52","44","52"],
  "ROUND58":["52","52","53","67","45","45","60","49","58","51","44","54"],
  "ROUND59":["54","54","52","69","47","48","60","51","61","53","44","53"],
  "ROUND60":["53","54","55","68","50","48","59","50","60","56","47","56"],
  "ROUND61":["53","53","57","70","49","50","62","52","60","56","50","56"],
  "ROUND62":["56","56","57","70","49","50","62","51","62","55","50","58"],
  "ROUND63":["59","59","57","70","52","49","64","53","61","54","50","58"],
  "ROUND64":["59","61","59","69","55","48","66","56","60","54","53","60"],
  "ROUND65":["61","64","61","69","57","48","68","59","59","53","52","63"],
  "ROUND66":["61","63","61","72","57","51","68","62","59","53","51","62"],
  "ROUND67":["60","63","64","72","56","54","67","65","59","56","50","62"],
  "ROUND68":["63","63","66","72","56","57","70","64","58","56","52","61"],
  "ROUND69":["65","65","66","72","56","57","70","66","58","55","54","64"],
  "ROUND70":["65","67","68","72","59","56","72","66","58","55","56","64"],
  "ROUND71":["68","67","70","71","58","59","72","69","58","55","55","66"],
  "ROUND72":["68","66","72","74","61","58","72","71","60","55","57","66"],
  "ROUND73":["68","69","71","74","60","61","72","74","59","55","56","69"],
  "ROUND74":["68","71","73","77","60","61","71","74","58","58","58","71"],
  "ROUND75":["70","73","75","79","62","63","71","74","60","58","58","73"],
  "ROUND76":["70","73","75","79","64","63","71","74","60","60","58","73"],
  "ROUND77":["73","72","78","82","63","62","74","74","59","63","58","72"],
  "ROUND78":["75","74","78","82","66","61","74","74","61","63","58","74"],
  "ROUND79":["74","73","81","82","65","61","77","73","61","66","58","77"],
  "ROUND80":["76","76","83","81","64","60","76","76","64","66","58","80"]
}
