{
  "ID":["0","1","2","3","4","5","6","7","8","9","10","11"],
  "ROUND1":["2","2","2","2","-1","-1","2","2","0","3","0","3"],
  "ROUND2":["1","2","1","4","1","1","4","4","2","6","3","3"],
  "ROUND3":["3","2","3","4","3","3","6","6","4","8","6","2"],
  "ROUND4":["2","4","5","6","5","3","8","6","6","8","6","5"],
  "ROUND5":["4","3","5","8","7","3","10","5","5","11","9","8"],
  "ROUND6":["4","5","4","8","9","5","9","7","4","14","12","11"],
  "ROUND7":["6","4","6","7","9","5","8","9","6","17","15","14"],
  "ROUND8":["6","6","8","7","9","7","7","9","8","17","18","14"],
  "ROUND9":["8","8","10","7","11","9","9","8","10","17","21","16"],
  "ROUND10":["7","10","10","9","13","11","11","8","12","20","21","16"],
  "ROUND11":["9","12","9","11","15","13","13","10","14","20","24","16"],
  "ROUND12":["11","14","9","11","17","15","15","12","16","22","24","16"],
  "ROUND13":["11","14","11","13","19","15","17","14","16","22","26","16"],
  "ROUND14":["11","16","11","15","21","17","17","13","16","25","26","16"],
  "ROUND15":["11","18","11","17","23","19","19","13","18","25","26","16"],
  "ROUND16":["13","20","11","19","23","19","21","15","20","25","26","16"],
  "ROUND17":["15","19","13","21","25","21","23","17","22","25","26","19"],
  "ROUND18":["15","19","15","20","27","21","23","19","24","25","26","22"],
  "ROUND19":["15","21","15","22","29","23","25","19","26","25","26","22"],
  "ROUND20":["15","24","17","24","31","23","27","19","28","24","26","24"],
  "ROUND21":["15","24","19","24","33","23","29","21","28","24","26","24"],
  "ROUND22":["17","26","21","24","35","25","31","24","28","23","26","24"],
  "ROUND23":["19","25","23","24","34","27","31","26","28","26","26","27"],
  "ROUND24":["19","25","25","23","36","29","31","28","28","29","26","27"],
  "ROUND25":["19","25","25","23","38","28","33","30","30","29","29","27"],
  "ROUND26":["19","27","27","23","40","28","35","29","30","32","29","27"],
  "ROUND27":["21","27","27","23","42","31","35","31","32","32","28","27"],
  "ROUND28":["21","29","29","25","42","33","37","31","34","32","28","27"],
  "ROUND29":["23","29","29","27","42","35","37","31","36","32","28","27"],
  "ROUND30":["25","29","31","29","44","37","39","33","38","32","28","27"],
  "ROUND31":["25","31","31","31","44","37","41","33","40","32","28","27"],
  "ROUND32":["27","33","31","31","44","39","43","35","42","32","28","27"],
  "ROUND33":["29","33","33","33","46","38","43","35","42","35","28","27"],
  "ROUND34":["29","33","35","35","45","40","45","35","42","35","31","27"],
  "ROUND35":["29","33","35","37","47","42","47","35","42","35","31","27"],
  "ROUND36":["29","35","37","39","49","44","49","35","42","35","31","27"],
  "ROUND37":["29","37","37","41","52","46","49","37","41","35","30","30"],
  "ROUND38":["31","37","39","43","54","48","49","39","41","35","30","30"],
  "ROUND39":["33","37","39","45","54","50","51","41","43","35","30","30"],
  "ROUND40":["33","39","41","47","54","52","51","41","43","35","30","30"],
  "ROUND41":["35","41","43","49","56","52","53","43","45","35","30","30"],
  "ROUND42":["35","43","45","51","58","54","55","45","47","35","30","30"],
  "ROUND43":["37","45","47","53","60","56","57","45","49","35","30","30"],
  "ROUND44":["39","45","49","55","60","58","59","47","49","35","30","30"],
  "ROUND45":["41","47","49","57","62","58","59","49","51","38","30","29"],
  "ROUND46":["41","47","51","57","62","60","59","51","53","38","30","29"],
  "ROUND47":["43","49","53","57","64","60","59","53","55","38","30","29"],
  "ROUND48":["43","49","53","59","63","62","59","55","57","38","33","29"],
  "ROUND49":["43","49","55","59","65","64","61","57","59","38","33","29"],
  "ROUND50":["45","51","55","61","65","63","63","59","61","38","36","29"],
  "ROUND51":["47","53","55","61","67","63","65","62","64","37","36","28"],
  "ROUND52":["49","55","57","61","67","63","67","64","66","37","36","28"],
  "ROUND53":["51","57","57","61","69","65","69","64","68","37","36","28"],
  "ROUND54":["53","57","57","61","71","67","71","66","70","37","36","28"],
  "ROUND55":["55","57","57","63","71","69","73","68","72","37","35","31"],
  "ROUND56":["55","57","59","65","71","71","73","67","74","40","35","31"],
  "ROUND57":["55","59","59","67","71","71","75","67","76","40","35","31"],
  "ROUND58":["57","61","61","69","71","73","77","69","78","40","35","31"],
  "ROUND59":["57","63","63","71","73","75","77","71","78","40","35","31"],
  "ROUND60":["57","65","63","73","75","77","79","71","80","40","35","31"],
  "ROUND61":["57","67","66","73","77","79","79","73","80","40","34","31"],
  "ROUND62":["59","69","68","75","79","81","81","75","80","40","34","31"],
  "ROUND63":["59","71","68","77","79","83","81","77","80","40","34","31"],
  "ROUND64":["61","73","68","79","81","86","83","79","79","40","33","34"],
  "ROUND65":["61","73","70","81","81","86","85","81","79","40","33","34"],
  "ROUND66":["63","75","69","83","81","86","87","83","81","40","36","34"],
  "ROUND67":["65","75","71","83","83","85","87","83","83","40","39","34"],
  "ROUND68":["67","77","71","85","83","87","89","83","85","40","39","34"],
  "ROUND69":["69","79","71","85","83","89","89","85","85","40","39","34"],
  "ROUND70":["71","79","71","87","83","91","89","85","87","40","39","34"],
  "ROUND71":["73","79","73","89","85","93","91","85","87","40","39","34"],
  "ROUND72":["73","79","73","91","87","93","91","87","89","40","39","34"],
  "ROUND73":["75","81","75","93","89","95","91","89","91","40","39","34"],
  "ROUND74":["77","81","77","93","89","97","93","91","93","40","39","34"],
  "ROUND75":["77","81","77","95","91","99","95","93","95","40","39","34"],
  "ROUND76":["77","83","79","95","93","101","97","95","95","40","39","34"],
  "ROUND77":["79","85","81","97","95","101","99","97","97","40","39","34"],
  "ROUND78":["79","87","83","99","97","101","101","97","99","40","39","34"],
  "ROUND79":["81","89","83","101","99","101","103","97","101","40","39","34"],
  "ROUND80":["81","89","83","101","99","103","105","99","103","40","39","34"]
}
