{
  "ID":["0","1","2","3","4","5","6","7","8","9","10","11"],
  "ROUND1":["0","-1","-1","0","3","0","0","0","0","0","0","3"],
  "ROUND2":["0","1","1","0","3","0","0","0","0","0","0","3"],
  "ROUND3":["0","1","0","3","3","3","-1","0","0","-1","0","6"],
  "ROUND4":["0","1","-1","3","3","3","-1","3","0","-1","0","6"],
  "ROUND5":["-1","1","-1","3","3","3","-1","3","0","-1","3","6"],
  "ROUND6":["-2","0","-2","6","3","6","-1","3","0","-1","6","6"],
  "ROUND7":["-3","-1","-2","6","3","6","-1","3","3","-1","6","9"],
  "ROUND8":["-3","-2","-2","9","3","6","-1","3","3","-1","6","9"],
  "ROUND9":["-4","-2","-2","12","3","6","-1","6","2","-1","6","9"],
  "ROUND10":["-1","-2","-2","12","3","6","-1","6","2","-1","5","9"],
  "ROUND11":["1","-3","1","11","3","6","2","6","5","1","5","8"],
  "ROUND12":["0","-3","1","14","3","5","2","6","4","1","8","11"],
  "ROUND13":["-1","-3","0","14","6","5","2","6","4","1","11","11"],
  "ROUND14":["-2","-3","3","13","6","8","2","6","7","1","10","11"],
  "ROUND15":["0","-3","5","13","6","8","1","6","7","1","13","11"],
  "ROUND16":["0","-3","4","13","6","8","1","6","10","1","13","11"],
  "ROUND17":["-1","-3","4","13","6","8","1","5","10","4","13","14"],
  "ROUND18":["-2","-4","4","12","6","11","4","8","10","4","13","14"],
  "ROUND19":["-2","-4","3","12","5","11","7","11","10","4","13","14"],
  "ROUND20":["0","-4","5","12","5","11","7","11","10","4","13","14"],
  "ROUND21":["0","-4","5","15","5","11","7","10","10","4","13","14"],
  "ROUND22":["0","-4","4","15","5","14","7","9","10","7","13","14"],
  "ROUND23":["0","-4","4","15","5","14","7","9","10","7","13","14"],
  "ROUND24":["3","-4","4","14","5","14","7","9","10","7","13","14"],
  "ROUND25":["3","-5","4","14","5","14","6","9","10","10","16","14"],
  "ROUND26":["3","-3","6","14","5","14","6","9","10","10","16","14"],
  "ROUND27":["3","-3","6","14","5","14","6","9","10","10","16","14"],
  "ROUND28":["3","-3","6","14","5","13","6","12","10","10","16","14"],
  "ROUND29":["3","-3","6","14","5","13","6","12","10","10","16","14"],
  "ROUND30":["3","-3","6","14","8","13","5","11","10","10","16","17"],
  "ROUND31":["3","-4","6","14","8","13","5","11","10","13","16","17"],
  "ROUND32":["3","-4","6","14","8","13","5","11","10","13","16","17"],
  "ROUND33":["2","-4","9","14","11","13","5","11","10","13","15","17"],
  "ROUND34":["5","-4","8","17","11","12","5","11","10","13","14","20"],
  "ROUND35":["8","-4","7","17","10","12","5","10","13","13","17","20"],
  "ROUND36":["7","-4","7","20","10","15","5","10","13","13","17","19"],
  "ROUND37":["7","-5","7","20","10","15","8","10","13","12","20","19"],
  "ROUND38":["9","-5","9","20","10","15","8","10","13","12","20","19"],
  "ROUND39":["9","-5","8","20","10","15","8","10","13","15","20","19"],
  "ROUND40":["9","-5","8","20","10","15","8","10","13","15","20","19"],
  "ROUND41":["9","-5","11","20","10","14","8","10","13","15","20","19"],
  "ROUND42":["9","-3","13","20","13","14","8","9","13","15","20","19"],
  "ROUND43":["8","0","13","19","13","13","8","12","16","15","20","19"],
  "ROUND44":["7","0","12","22","12","12","8","12","16","18","23","22"],
  "ROUND45":["9","0","14","22","12","12","8","12","16","18","23","22"],
  "ROUND46":["9","0","14","21","12","12","11","12","16","18","23","22"],
  "ROUND47":["9","0","14","21","12","12","11","12","16","18","23","22"],
  "ROUND48":["9","0","13","20","15","15","11","12","16","18","23","22"],
  "ROUND49":["9","-1","16","23","15","15","11","12","15","18","23","22"],
  "ROUND50":["9","-1","16","23","15","15","11","12","15","18","23","22"],
  "ROUND51":["9","-1","19","23","15","15","11","11","15","18","23","22"],
  "ROUND52":["9","1","21","22","15","15","11","11","15","18","26","22"],
  "ROUND53":["9","1","21","22","15","15","11","11","15","18","26","22"],
  "ROUND54":["9","1","21","22","14","15","11","11","15","18","29","22"],
  "ROUND55":["9","1","21","22","14","15","11","11","15","18","29","22"],
  "ROUND56":["9","1","21","22","14","15","11","11","15","18","29","22"],
  "ROUND57":["9","1","21","22","14","15","11","11","15","18","29","22"],
  "ROUND58":["9","3","23","22","17","15","11","11","15","18","29","21"],
  "ROUND59":["9","3","23","22","16","18","11","11","15","18","29","21"],
  "ROUND60":["9","3","22","22","16","18","11","14","15","21","28","21"],
  "ROUND61":["9","5","24","22","16","18","11","14","15","21","28","21"],
  "ROUND62":["11","7","27","21","16","18","11","14","15","21","28","21"],
  "ROUND63":["11","7","27","21","16","18","11","14","15","21","28","21"],
  "ROUND64":["13","9","27","20","16","18","11","14","15","21","31","21"],
  "ROUND65":["13","9","27","20","16","18","11","14","15","21","31","21"],
  "ROUND66":["13","9","27","20","16","18","11","14","15","21","30","24"],
  "ROUND67":["13","9","26","23","16","17","11","17","15","21","30","24"],
  "ROUND68":["13","9","26","23","16","17","11","20","15","21","29","24"],
  "ROUND69":["13","9","26","23","16","17","11","20","15","21","29","24"],
  "ROUND70":["13","9","26","23","16","17","11","20","15","21","29","24"],
  "ROUND71":["13","9","26","23","16","17","11","20","15","21","29","24"],
  "ROUND72":["15","9","28","23","16","16","11","20","18","21","28","27"],
  "ROUND73":["15","9","28","23","16","16","11","20","18","21","28","27"],
  "ROUND74":["15","9","28","23","16","16","11","20","18","21","28","27"],
  "ROUND75":["18","12","28","23","15","15","11","20","21","21","28","26"],
  "ROUND76":["18","12","28","23","15","15","11","20","21","21","28","26"],
  "ROUND77":["18","12","28","23","15","15","11","20","21","21","28","26"],
  "ROUND78":["18","12","28","23","15","15","11","20","21","21","28","26"],
  "ROUND79":["18","12","28","23","15","15","11","20","21","21","28","26"],
  "ROUND80":["18","12","28","23","15","14","11","20","21","21","28","29"]
}
