{
  "ID":["0","1","2","3","4","5","6","7","8","9","10","11"],
  "ROUND1":["2","3","0","-1","3","2","-1","0","0","-1","0","3"],
  "ROUND2":["2","6","-1","1","3","2","1","-1","-1","-1","3","6"],
  "ROUND3":["1","6","1","1","5","4","4","-1","-1","-1","5","6"],
  "ROUND4":["3","6","1","1","5","4","4","-1","1","-1","5","6"],
  "ROUND5":["2","9","1","4","8","4","4","-2","1","-1","4","6"],
  "ROUND6":["1","11","1","4","10","7","4","-2","0","2","3","9"],
  "ROUND7":["3","11","0","6","10","10","4","0","0","2","5","9"],
  "ROUND8":["6","11","0","5","10","10","4","0","0","1","8","9"],
  "ROUND9":["5","11","0","5","10","9","7","-1","3","4","11","8"],
  "ROUND10":["5","14","-1","5","10","9","7","-1","3","4","11","8"],
  "ROUND11":["5","16","2","4","13","11","7","-2","3","4","11","8"],
  "ROUND12":["4","15","2","4","13","14","9","1","3","6","14","7"],
  "ROUND13":["4","15","1","4","12","14","9","4","3","9","14","7"],
  "ROUND14":["4","15","0","4","15","13","9","7","6","9","13","7"],
  "ROUND15":["4","15","0","4","15","15","11","9","6","9","15","7"],
  "ROUND16":["7","15","3","4","15","15","11","9","6","8","14","7"],
  "ROUND17":["6","15","3","7","15","18","11","12","5","8","14","6"],
  "ROUND18":["5","15","6","7","18","17","11","12","5","8","14","6"],
  "ROUND19":["4","15","6","7","18","17","11","15","5","7","17","6"],
  "ROUND20":["4","18","6","10","18","16","11","14","4","7","20","6"],
  "ROUND21":["3","20","8","10","18","19","11","14","4","7","20","6"],
  "ROUND22":["2","23","11","10","17","22","10","14","7","6","20","6"],
  "ROUND23":["1","25","13","10","17","22","10","14","7","9","20","6"],
  "ROUND24":["1","25","13","9","17","22","12","17","7","11","22","8"],
  "ROUND25":["1","24","16","9","17","25","11","17","6","10","25","11"],
  "ROUND26":["4","24","15","12","20","28","10","16","9","9","25","10"],
  "ROUND27":["4","23","15","12","23","28","10","16","11","11","25","10"],
  "ROUND28":["6","26","17","12","23","28","10","18","10","10","28","12"],
  "ROUND29":["6","26","17","12","23","28","10","18","13","9","28","12"],
  "ROUND30":["6","26","19","11","23","28","12","18","16","9","28","12"],
  "ROUND31":["6","28","22","10","23","28","15","20","15","12","27","12"],
  "ROUND32":["9","31","22","10","23","28","14","19","15","12","30","11"],
  "ROUND33":["12","31","22","12","23","30","14","19","15","12","30","10"],
  "ROUND34":["11","31","25","12","22","30","14","19","15","12","33","10"],
  "ROUND35":["11","30","28","11","22","30","17","19","14","15","33","10"],
  "ROUND36":["11","30","31","11","22","30","17","19","13","15","32","13"],
  "ROUND37":["13","30","31","11","22","33","16","19","13","17","31","16"],
  "ROUND38":["13","32","33","11","22","33","16","19","13","17","34","15"],
  "ROUND39":["16","32","33","13","22","33","19","18","15","17","34","14"],
  "ROUND40":["19","32","32","13","22","33","19","18","15","17","34","14"],
  "ROUND41":["18","32","32","16","21","32","19","21","14","20","37","14"],
  "ROUND42":["21","35","32","16","21","32","19","21","13","20","36","14"],
  "ROUND43":["23","34","34","18","21","32","19","24","12","20","38","17"],
  "ROUND44":["22","34","34","18","24","32","22","23","12","20","38","17"],
  "ROUND45":["22","34","34","18","24","35","22","23","12","20","38","16"],
  "ROUND46":["21","34","34","18","24","35","22","23","12","23","37","19"],
  "ROUND47":["21","33","34","18","24","37","22","23","12","26","37","21"],
  "ROUND48":["21","33","34","17","23","40","22","23","15","26","37","21"],
  "ROUND49":["21","36","34","20","22","43","25","25","14","28","36","20"],
  "ROUND50":["21","36","34","20","22","46","24","25","14","28","36","20"],
  "ROUND51":["21","36","34","20","22","46","24","25","14","28","36","20"],
  "ROUND52":["21","36","33","20","22","46","27","28","14","27","36","20"],
  "ROUND53":["21","38","33","22","22","46","27","28","14","27","36","20"],
  "ROUND54":["21","38","36","22","22","45","27","31","14","27","36","19"],
  "ROUND55":["21","38","36","21","21","45","30","34","14","26","39","19"],
  "ROUND56":["21","38","36","21","23","44","30","34","16","26","39","22"],
  "ROUND57":["21","38","35","21","22","47","29","33","16","29","42","25"],
  "ROUND58":["20","41","34","21","22","47","29","32","19","29","42","28"],
  "ROUND59":["20","40","34","21","22","47","32","32","19","31","42","30"],
  "ROUND60":["20","40","37","24","25","46","32","31","19","31","42","29"],
  "ROUND61":["23","42","37","23","25","45","35","31","22","30","42","31"],
  "ROUND62":["22","42","40","22","25","47","37","30","24","32","45","34"],
  "ROUND63":["21","44","43","24","25","47","37","30","23","35","45","34"],
  "ROUND64":["24","43","43","24","25","47","40","32","22","37","45","34"],
  "ROUND65":["23","43","42","27","25","47","43","32","22","40","44","34"],
  "ROUND66":["23","46","42","27","25","47","42","31","24","42","44","37"],
  "ROUND67":["23","46","42","29","25","47","42","33","24","42","44","37"],
  "ROUND68":["23","49","42","29","25","46","41","33","24","45","44","37"],
  "ROUND69":["23","49","44","29","28","46","40","33","26","45","47","36"],
  "ROUND70":["25","49","46","29","28","46","39","33","26","47","50","38"],
  "ROUND71":["25","49","45","28","31","46","39","32","26","50","50","41"],
  "ROUND72":["25","49","45","27","31","46","38","35","26","53","50","41"],
  "ROUND73":["28","52","47","27","31","45","38","37","29","52","50","40"],
  "ROUND74":["28","51","50","27","31","45","38","37","29","52","50","40"],
  "ROUND75":["27","50","50","27","34","48","37","40","28","52","50","43"],
  "ROUND76":["27","53","53","26","34","47","37","40","28","52","50","43"],
  "ROUND77":["27","56","53","25","34","47","40","40","27","55","50","42"],
  "ROUND78":["27","58","53","25","34","47","40","40","27","57","49","45"],
  "ROUND79":["27","58","53","25","37","46","40","39","27","57","49","48"],
  "ROUND80":["30","58","53","24","37","46","43","39","27","56","49","48"]
}
