{
  "ID":["0","1","2","3","4","5","6","7","8","9","10","11"],
  "ROUND1":["0","2","3","0","2","-1","2","-1","0","2","3","0"],
  "ROUND2":["-1","2","6","-1","2","1","5","-2","2","4","5","3"],
  "ROUND3":["-2","1","6","-1","4","3","7","1","2","7","7","3"],
  "ROUND4":["0","4","6","-1","3","5","10","0","4","10","9","2"],
  "ROUND5":["-1","4","5","2","3","4","12","0","4","12","12","5"],
  "ROUND6":["-1","6","4","4","6","3","11","2","7","14","12","8"],
  "ROUND7":["-1","8","6","7","8","5","13","5","6","16","12","7"],
  "ROUND8":["1","11","8","9","8","8","12","4","6","18","12","7"],
  "ROUND9":["0","14","7","8","8","11","11","7","6","21","14","9"],
  "ROUND10":["0","13","7","10","11","10","11","9","5","24","17","9"],
  "ROUND11":["-1","13","7","13","11","10","14","11","4","27","19","8"],
  "ROUND12":["2","12","6","15","13","10","14","14","7","27","18","8"],
  "ROUND13":["5","11","8","17","16","10","13","17","9","29","18","7"],
  "ROUND14":["5","10","10","17","18","13","13","16","9","32","18","7"],
  "ROUND15":["7","10","13","20","17","13","12","16","11","32","21","6"],
  "ROUND16":["7","9","15","19","19","13","14","16","11","35","24","8"],
  "ROUND17":["6","9","18","22","19","16","13","15","11","38","24","7"],
  "ROUND18":["9","11","21","22","19","18","15","14","11","37","26","7"],
  "ROUND19":["12","11","24","22","19","18","15","13","14","36","25","7"],
  "ROUND20":["15","13","26","21","21","20","15","12","17","38","27","7"],
  "ROUND21":["15","13","29","21","21","19","15","11","20","41","27","6"],
  "ROUND22":["17","13","28","23","20","21","14","14","22","41","30","9"],
  "ROUND23":["19","15","28","26","20","21","16","14","21","44","29","11"],
  "ROUND24":["18","14","30","26","22","23","16","16","24","46","32","13"],
  "ROUND25":["20","16","32","28","22","22","16","15","24","49","32","16"],
  "ROUND26":["20","16","32","31","25","21","18","14","24","49","34","16"],
  "ROUND27":["19","15","32","33","24","21","21","16","27","52","37","15"],
  "ROUND28":["21","15","34","35","24","23","23","16","29","54","39","15"],
  "ROUND29":["20","15","37","38","23","23","26","15","32","53","42","14"],
  "ROUND30":["22","14","40","40","25","22","29","15","32","56","41","16"],
  "ROUND31":["22","16","40","39","24","25","32","15","32","58","40","19"],
  "ROUND32":["21","16","40","39","27","25","35","18","31","57","42","21"],
  "ROUND33":["23","16","39","38","30","27","38","18","31","60","41","21"],
  "ROUND34":["25","19","39","40","33","26","40","21","30","59","43","21"],
  "ROUND35":["25","19","38","43","36","26","42","24","29","58","45","21"],
  "ROUND36":["27","19","37","43","38","28","41","27","32","60","47","23"],
  "ROUND37":["27","21","37","45","40","30","41","30","32","59","46","26"],
  "ROUND38":["27","23","39","45","40","32","43","32","34","61","48","26"],
  "ROUND39":["29","25","38","45","39","31","43","35","34","64","51","26"],
  "ROUND40":["31","27","38","45","39","33","46","35","34","63","53","26"],
  "ROUND41":["34","26","38","45","39","32","46","38","33","66","55","28"],
  "ROUND42":["33","26","37","48","42","35","45","38","32","66","55","31"],
  "ROUND43":["33","26","36","50","41","35","45","38","32","69","58","33"],
  "ROUND44":["35","28","38","50","41","34","47","40","34","72","60","35"],
  "ROUND45":["38","27","37","49","44","34","46","43","34","75","60","35"],
  "ROUND46":["38","29","37","48","47","37","48","45","36","74","59","38"],
  "ROUND47":["38","31","37","51","50","37","50","45","38","76","58","37"],
  "ROUND48":["37","34","40","51","49","37","50","45","41","75","57","40"],
  "ROUND49":["36","33","43","50","52","36","53","44","44","78","57","40"],
  "ROUND50":["39","32","45","52","52","36","55","46","47","78","56","40"],
  "ROUND51":["41","34","48","55","52","36","55","48","47","80","55","39"],
  "ROUND52":["41","34","47","55","54","36","57","51","50","80","54","39"],
  "ROUND53":["41","34","49","55","56","36","57","51","50","83","53","39"],
  "ROUND54":["43","34","51","57","56","35","56","53","53","83","56","39"],
  "ROUND55":["42","34","53","59","59","34","58","55","52","83","59","42"],
  "ROUND56":["44","37","53","59","58","36","60","54","54","83","62","42"],
  "ROUND57":["47","37","52","62","57","36","63","54","54","83","61","42"],
  "ROUND58":["46","40","51","61","60","39","65","54","53","83","64","44"],
  "ROUND59":["45","43","50","60","60","42","68","54","56","82","63","47"],
  "ROUND60":["45","45","53","63","59","41","67","56","56","85","63","47"],
  "ROUND61":["44","48","53","66","59","41","69","55","55","85","66","49"],
  "ROUND62":["44","51","55","66","61","41","68","55","57","87","69","48"],
  "ROUND63":["47","53","58","66","61","43","67","54","59","89","69","48"],
  "ROUND64":["47","53","58","69","63","46","69","53","58","89","72","47"],
  "ROUND65":["47","56","58","69","63","48","71","53","57","91","74","47"],
  "ROUND66":["47","56","61","71","62","47","73","53","59","93","77","47"],
  "ROUND67":["50","55","63","73","64","47","73","55","61","92","80","49"],
  "ROUND68":["50","57","62","75","66","49","76","54","63","92","82","52"],
  "ROUND69":["50","57","61","75","69","49","79","53","62","95","81","55"],
  "ROUND70":["52","57","63","74","68","52","79","52","65","95","81","58"],
  "ROUND71":["52","57","63","76","70","54","81","55","65","95","80","58"],
  "ROUND72":["55","56","66","75","70","53","81","57","64","97","83","61"],
  "ROUND73":["55","56","68","75","69","56","83","59","63","100","83","63"],
  "ROUND74":["55","55","68","77","72","56","85","61","65","102","85","63"],
  "ROUND75":["57","55","68","80","75","59","84","60","65","102","87","62"],
  "ROUND76":["59","57","70","82","77","59","86","62","67","104","89","62"],
  "ROUND77":["58","60","69","84","79","59","86","61","66","107","92","65"],
  "ROUND78":["58","60","71","86","79","61","85","63","69","109","94","65"],
  "ROUND79":["58","60","71","88","82","61","84","65","72","109","94","64"],
  "ROUND80":["58","62","73","90","81","60","86","68","75","112","94","63"]
}
