{
  "ID":["0","1","2","3","4","5","6","7","8","9","10","11"],
  "ROUND1":["-1","-1","-1","3","0","0","0","0","3","0","3","0"],
  "ROUND2":["-2","-2","-2","6","0","0","3","0","3","0","6","0"],
  "ROUND3":["-3","0","0","6","0","0","3","0","3","0","6","3"],
  "ROUND4":["-3","0","-1","6","0","0","3","3","3","0","6","3"],
  "ROUND5":["-3","0","-2","6","0","3","3","3","3","0","6","3"],
  "ROUND6":["-3","-1","-2","6","0","6","3","3","3","0","6","3"],
  "ROUND7":["-3","-2","-3","6","0","6","3","3","3","3","6","6"],
  "ROUND8":["-4","-3","-4","9","3","6","3","3","3","3","9","6"],
  "ROUND9":["-2","-3","-2","9","3","6","3","3","3","3","9","6"],
  "ROUND10":["-2","-3","-2","9","3","6","3","3","3","3","9","6"],
  "ROUND11":["-3","-3","-2","9","3","6","3","6","3","3","9","6"],
  "ROUND12":["-3","-1","0","9","3","6","3","6","3","3","9","6"],
  "ROUND13":["-3","-2","0","9","3","6","3","6","3","3","9","9"],
  "ROUND14":["-4","-2","-1","9","3","6","6","6","6","3","9","9"],
  "ROUND15":["-4","-2","-1","9","3","6","6","6","6","3","9","9"],
  "ROUND16":["-2","0","-1","9","3","6","6","6","6","3","9","9"],
  "ROUND17":["-2","2","1","9","3","6","6","6","6","3","9","9"],
  "ROUND18":["-3","1","0","9","6","9","6","6","9","3","9","9"],
  "ROUND19":["-3","1","-1","9","6","9","6","6","9","6","9","9"],
  "ROUND20":["-1","1","1","9","6","9","6","6","9","6","9","9"],
  "ROUND21":["-1","1","1","9","6","9","6","6","9","6","9","9"],
  "ROUND22":["-1","1","1","9","6","9","6","6","9","6","9","9"],
  "ROUND23":["-1","0","1","9","6","9","9","6","9","6","9","9"],
  "ROUND24":["1","0","3","9","6","9","9","6","9","6","9","9"],
  "ROUND25":["3","2","3","9","6","9","9","6","9","6","9","9"],
  "ROUND26":["2","1","3","9","6","9","9","9","9","9","9","9"],
  "ROUND27":["2","1","3","9","6","9","9","9","9","9","9","9"],
  "ROUND28":["4","1","5","9","6","9","9","9","9","9","9","9"],
  "ROUND29":["6","1","7","9","6","9","9","9","9","9","9","9"],
  "ROUND30":["6","1","7","9","6","9","9","9","9","9","9","9"],
  "ROUND31":["6","3","9","9","6","9","9","9","9","9","9","9"],
  "ROUND32":["6","3","9","9","6","9","9","9","9","9","9","9"],
  "ROUND33":["6","3","9","9","6","9","9","9","9","9","9","9"],
  "ROUND34":["6","3","9","9","6","9","9","9","9","9","9","9"],
  "ROUND35":["5","3","9","9","9","9","9","9","9","9","9","9"],
  "ROUND36":["5","3","9","9","9","9","9","9","9","9","9","9"],
  "ROUND37":["5","3","9","9","9","9","9","9","9","9","9","9"],
  "ROUND38":["5","3","9","9","9","9","9","9","9","9","9","9"],
  "ROUND39":["5","3","9","9","9","9","9","9","9","9","9","9"],
  "ROUND40":["5","3","9","9","9","9","9","9","9","9","9","9"],
  "ROUND41":["5","3","9","9","9","9","9","9","9","9","9","9"],
  "ROUND42":["5","3","9","9","9","9","9","9","9","9","9","9"],
  "ROUND43":["5","3","9","9","9","9","9","9","9","9","9","9"],
  "ROUND44":["5","3","9","9","9","9","9","9","9","9","9","9"],
  "ROUND45":["5","3","9","9","9","9","9","9","9","9","9","9"],
  "ROUND46":["7","3","11","9","9","9","9","9","9","9","9","9"],
  "ROUND47":["9","3","13","9","9","9","9","9","9","9","9","9"],
  "ROUND48":["9","3","13","9","9","9","9","9","9","9","9","9"],
  "ROUND49":["9","5","15","9","9","9","9","9","9","9","9","9"],
  "ROUND50":["9","5","15","9","9","9","9","9","9","9","9","9"],
  "ROUND51":["9","5","15","9","9","9","9","9","9","9","9","9"],
  "ROUND52":["9","5","15","9","9","9","9","9","9","9","9","9"],
  "ROUND53":["11","7","15","9","9","9","9","9","9","9","9","9"],
  "ROUND54":["11","9","17","9","9","9","9","9","9","9","9","9"],
  "ROUND55":["11","9","17","9","9","9","9","9","9","9","9","9"],
  "ROUND56":["11","9","17","9","9","9","9","9","9","9","9","9"],
  "ROUND57":["11","9","17","9","9","9","9","9","9","9","9","9"],
  "ROUND58":["11","9","17","9","9","9","9","9","9","9","9","9"],
  "ROUND59":["11","9","17","9","9","9","9","9","9","9","9","9"],
  "ROUND60":["11","9","17","9","9","9","9","9","9","9","9","9"],
  "ROUND61":["11","9","17","9","9","9","9","9","9","9","9","9"],
  "ROUND62":["11","9","17","9","9","9","9","9","9","9","9","9"],
  "ROUND63":["13","9","19","9","9","9","9","9","9","9","9","9"],
  "ROUND64":["13","9","19","9","9","9","9","9","9","9","9","9"],
  "ROUND65":["13","9","19","9","9","9","9","9","9","9","9","9"],
  "ROUND66":["13","9","19","9","9","9","9","9","9","9","9","9"],
  "ROUND67":["13","9","19","9","9","9","9","9","9","9","9","9"],
  "ROUND68":["13","9","19","9","9","9","9","9","9","9","9","9"],
  "ROUND69":["13","9","19","9","9","9","9","9","9","9","9","9"],
  "ROUND70":["13","9","19","9","9","9","9","9","9","9","9","9"],
  "ROUND71":["13","9","19","9","9","9","9","9","9","9","9","9"],
  "ROUND72":["13","9","19","9","9","9","9","9","9","9","9","9"],
  "ROUND73":["13","9","19","9","9","9","9","9","9","9","9","9"],
  "ROUND74":["13","11","21","9","9","9","9","9","9","9","9","9"],
  "ROUND75":["15","11","23","9","9","9","9","9","9","9","9","9"],
  "ROUND76":["15","11","23","9","9","9","9","9","9","9","9","9"],
  "ROUND77":["15","11","23","9","9","9","9","9","9","9","9","9"],
  "ROUND78":["15","13","25","9","9","9","9","9","9","9","9","9"],
  "ROUND79":["15","13","25","9","9","9","9","9","9","9","9","9"],
  "ROUND80":["15","15","27","9","9","9","9","9","9","9","9","9"]
}
