{
  "ID":["0","1","2","3","4","5","6","7","8","9","10","11"],
  "ROUND1":["-1","3","0","0","0","0","0","0","0","0","0","0"],
  "ROUND2":["-2","3","0","0","0","0","0","0","0","0","3","0"],
  "ROUND3":["-3","3","0","3","0","0","0","0","0","0","3","0"],
  "ROUND4":["-4","3","3","3","0","0","0","0","0","0","3","0"],
  "ROUND5":["-4","3","3","3","0","0","0","0","0","0","3","0"],
  "ROUND6":["-5","3","3","3","0","0","3","0","0","0","3","0"],
  "ROUND7":["-6","3","3","3","3","0","3","0","0","0","3","0"],
  "ROUND8":["-6","3","3","3","3","0","3","0","0","0","3","0"],
  "ROUND9":["-6","3","3","3","3","0","3","0","0","0","3","0"],
  "ROUND10":["-6","3","3","3","3","0","3","0","0","0","3","0"],
  "ROUND11":["-6","3","3","3","3","0","3","0","0","0","3","0"],
  "ROUND12":["-7","3","3","3","3","0","3","3","0","0","3","0"],
  "ROUND13":["-7","3","3","3","3","0","3","3","0","0","3","0"],
  "ROUND14":["-8","3","3","3","3","0","3","3","0","3","3","0"],
  "ROUND15":["-9","3","3","3","3","3","3","3","0","3","3","0"],
  "ROUND16":["-9","3","3","3","3","3","3","3","0","3","3","0"],
  "ROUND17":["-9","3","3","3","3","3","3","3","0","3","3","0"],
  "ROUND18":["-9","3","3","3","3","3","3","3","0","3","3","0"],
  "ROUND19":["-9","3","3","3","3","3","3","3","0","3","3","0"],
  "ROUND20":["-9","3","3","3","3","3","3","3","0","3","3","0"],
  "ROUND21":["-9","3","3","3","3","3","3","3","0","3","3","0"],
  "ROUND22":["-9","3","3","3","3","3","3","3","0","3","3","0"],
  "ROUND23":["-9","3","3","3","3","3","3","3","0","3","3","0"],
  "ROUND24":["-9","3","3","3","3","3","3","3","0","3","3","0"],
  "ROUND25":["-9","3","3","3","3","3","3","3","0","3","3","0"],
  "ROUND26":["-9","3","3","3","3","3","3","3","0","3","3","0"],
  "ROUND27":["-10","3","3","3","3","3","3","3","0","3","3","3"],
  "ROUND28":["-10","3","3","3","3","3","3","3","0","3","3","3"],
  "ROUND29":["-10","3","3","3","3","3","3","3","0","3","3","3"],
  "ROUND30":["-11","3","3","3","3","3","3","3","3","3","3","3"],
  "ROUND31":["-11","3","3","3","3","3","3","3","3","3","3","3"],
  "ROUND32":["-11","3","3","3","3","3","3","3","3","3","3","3"],
  "ROUND33":["-11","3","3","3","3","3","3","3","3","3","3","3"],
  "ROUND34":["-11","3","3","3","3","3","3","3","3","3","3","3"],
  "ROUND35":["-11","3","3","3","3","3","3","3","3","3","3","3"],
  "ROUND36":["-11","3","3","3","3","3","3","3","3","3","3","3"],
  "ROUND37":["-11","3","3","3","3","3","3","3","3","3","3","3"],
  "ROUND38":["-11","3","3","3","3","3","3","3","3","3","3","3"],
  "ROUND39":["-11","3","3","3","3","3","3","3","3","3","3","3"],
  "ROUND40":["-11","3","3","3","3","3","3","3","3","3","3","3"],
  "ROUND41":["-11","3","3","3","3","3","3","3","3","3","3","3"],
  "ROUND42":["-11","3","3","3","3","3","3","3","3","3","3","3"],
  "ROUND43":["-11","3","3","3","3","3","3","3","3","3","3","3"],
  "ROUND44":["-11","3","3","3","3","3","3","3","3","3","3","3"],
  "ROUND45":["-11","3","3","3","3","3","3","3","3","3","3","3"],
  "ROUND46":["-11","3","3","3","3","3","3","3","3","3","3","3"],
  "ROUND47":["-11","3","3","3","3","3","3","3","3","3","3","3"],
  "ROUND48":["-11","3","3","3","3","3","3","3","3","3","3","3"],
  "ROUND49":["-11","3","3","3","3","3","3","3","3","3","3","3"],
  "ROUND50":["-11","3","3","3","3","3","3","3","3","3","3","3"],
  "ROUND51":["-11","3","3","3","3","3","3","3","3","3","3","3"],
  "ROUND52":["-11","3","3","3","3","3","3","3","3","3","3","3"],
  "ROUND53":["-11","3","3","3","3","3","3","3","3","3","3","3"],
  "ROUND54":["-11","3","3","3","3","3","3","3","3","3","3","3"],
  "ROUND55":["-11","3","3","3","3","3","3","3","3","3","3","3"],
  "ROUND56":["-11","3","3","3","3","3","3","3","3","3","3","3"],
  "ROUND57":["-11","3","3","3","3","3","3","3","3","3","3","3"],
  "ROUND58":["-11","3","3","3","3","3","3","3","3","3","3","3"],
  "ROUND59":["-11","3","3","3","3","3","3","3","3","3","3","3"],
  "ROUND60":["-11","3","3","3","3","3","3","3","3","3","3","3"],
  "ROUND61":["-11","3","3","3","3","3","3","3","3","3","3","3"],
  "ROUND62":["-11","3","3","3","3","3","3","3","3","3","3","3"],
  "ROUND63":["-11","3","3","3","3","3","3","3","3","3","3","3"],
  "ROUND64":["-11","3","3","3","3","3","3","3","3","3","3","3"],
  "ROUND65":["-11","3","3","3","3","3","3","3","3","3","3","3"],
  "ROUND66":["-11","3","3","3","3","3","3","3","3","3","3","3"],
  "ROUND67":["-11","3","3","3","3","3","3","3","3","3","3","3"],
  "ROUND68":["-11","3","3","3","3","3","3","3","3","3","3","3"],
  "ROUND69":["-11","3","3","3","3","3","3","3","3","3","3","3"],
  "ROUND70":["-11","3","3","3","3","3","3","3","3","3","3","3"],
  "ROUND71":["-11","3","3","3","3","3","3","3","3","3","3","3"],
  "ROUND72":["-11","3","3","3","3","3","3","3","3","3","3","3"],
  "ROUND73":["-11","3","3","3","3","3","3","3","3","3","3","3"],
  "ROUND74":["-11","3","3","3","3","3","3","3","3","3","3","3"],
  "ROUND75":["-11","3","3","3","3","3","3","3","3","3","3","3"],
  "ROUND76":["-11","3","3","3","3","3","3","3","3","3","3","3"],
  "ROUND77":["-11","3","3","3","3","3","3","3","3","3","3","3"],
  "ROUND78":["-11","3","3","3","3","3","3","3","3","3","3","3"],
  "ROUND79":["-11","3","3","3","3","3","3","3","3","3","3","3"],
  "ROUND80":["-11","3","3","3","3","3","3","3","3","3","3","3"]
}
