{
  "ID":["0","1","2","3","4","5","6","7","8","9","10","11"],
  "ROUND1":["2","2","2","0","2","2","-1","3","2","2","2","0"],
  "ROUND2":["1","4","2","2","2","2","-2","6","2","5","4","2"],
  "ROUND3":["3","6","4","5","2","1","-3","9","4","7","4","4"],
  "ROUND4":["5","6","3","7","4","3","-1","11","7","9","4","6"],
  "ROUND5":["7","5","5","6","3","6","-1","13","10","12","6","6"],
  "ROUND6":["9","5","5","8","5","8","2","12","12","14","6","6"],
  "ROUND7":["11","8","7","10","7","10","4","14","11","14","8","6"],
  "ROUND8":["13","8","9","12","10","9","6","13","13","17","8","8"],
  "ROUND9":["15","10","11","14","10","11","8","15","16","19","7","8"],
  "ROUND10":["17","10","10","13","10","13","10","18","19","21","9","10"],
  "ROUND11":["19","12","12","12","12","15","10","20","21","21","11","13"],
  "ROUND12":["22","14","14","15","14","17","10","20","20","20","13","15"],
  "ROUND13":["24","13","16","17","17","17","13","19","22","22","13","17"],
  "ROUND14":["23","13","15","19","19","19","16","22","25","21","15","17"],
  "ROUND15":["25","15","17","21","18","21","16","21","25","23","18","20"],
  "ROUND16":["25","15","19","23","20","23","18","23","27","25","20","22"],
  "ROUND17":["28","15","21","25","19","25","17","23","29","27","22","25"],
  "ROUND18":["28","15","23","27","22","27","20","22","28","29","24","27"],
  "ROUND19":["30","15","22","29","25","26","20","24","30","31","27","29"],
  "ROUND20":["32","18","22","31","24","28","22","26","32","33","27","31"],
  "ROUND21":["34","20","22","31","23","30","24","28","34","35","30","33"],
  "ROUND22":["36","20","25","30","26","32","24","30","33","37","29","36"],
  "ROUND23":["35","22","27","33","28","34","24","30","33","39","31","36"],
  "ROUND24":["37","21","26","33","30","37","26","30","35","41","34","38"],
  "ROUND25":["39","20","28","33","32","37","28","32","37","43","36","41"],
  "ROUND26":["41","20","28","33","34","39","28","34","37","45","36","43"],
  "ROUND27":["43","19","31","35","36","41","30","34","39","47","38","43"],
  "ROUND28":["46","19","33","34","36","41","32","37","38","47","37","46"],
  "ROUND29":["48","19","35","33","39","43","34","39","40","47","39","48"],
  "ROUND30":["50","21","35","35","41","43","34","41","40","49","41","50"],
  "ROUND31":["49","21","37","38","43","45","37","43","42","49","43","49"],
  "ROUND32":["52","23","39","37","43","48","36","42","44","51","43","52"],
  "ROUND33":["54","23","39","39","46","50","39","41","44","53","43","51"],
  "ROUND34":["56","23","41","39","48","52","38","43","46","55","46","53"],
  "ROUND35":["58","25","43","38","51","51","38","45","45","58","49","53"],
  "ROUND36":["57","28","42","38","54","51","38","47","47","60","49","55"],
  "ROUND37":["59","30","42","40","56","53","38","49","49","62","51","57"],
  "ROUND38":["61","32","42","42","59","52","40","52","51","62","53","56"],
  "ROUND39":["63","32","41","45","58","54","42","51","54","64","53","59"],
  "ROUND40":["65","32","43","45","60","53","41","53","56","67","56","61"],
  "ROUND41":["67","35","46","44","60","53","43","55","58","69","58","60"],
  "ROUND42":["69","37","48","46","62","55","45","57","60","71","58","60"],
  "ROUND43":["71","36","50","46","61","57","47","60","60","73","60","63"],
  "ROUND44":["70","36","52","48","60","57","49","63","63","75","62","65"],
  "ROUND45":["69","38","54","48","60","57","52","65","65","77","64","65"],
  "ROUND46":["72","40","54","50","59","59","54","65","67","79","66","67"],
  "ROUND47":["74","42","56","52","61","61","53","67","70","79","66","69"],
  "ROUND48":["74","44","59","54","60","61","52","69","70","79","69","71"],
  "ROUND49":["74","43","61","56","63","61","51","71","73","82","68","73"],
  "ROUND50":["76","42","61","58","66","60","50","71","76","81","71","76"],
  "ROUND51":["78","44","63","58","68","62","52","73","78","83","73","76"],
  "ROUND52":["80","47","63","60","68","64","54","76","77","82","76","75"],
  "ROUND53":["83","47","65","62","70","63","53","76","80","84","78","77"],
  "ROUND54":["83","49","64","64","73","63","55","78","82","87","80","76"],
  "ROUND55":["85","51","66","66","75","65","57","80","84","87","82","76"],
  "ROUND56":["87","53","68","68","77","67","59","80","86","89","82","78"],
  "ROUND57":["86","55","67","70","80","67","61","80","88","92","82","78"],
  "ROUND58":["88","58","69","69","79","67","64","83","90","91","82","80"],
  "ROUND59":["90","60","71","71","81","67","66","85","92","93","84","80"],
  "ROUND60":["92","62","71","71","83","66","69","85","95","95","83","80"],
  "ROUND61":["94","61","71","71","82","69","71","88","97","97","85","82"],
  "ROUND62":["94","60","74","73","84","71","73","90","97","97","87","82"],
  "ROUND63":["94","62","76","73","86","73","73","90","99","99","89","84"],
  "ROUND64":["96","64","79","73","88","72","75","92","102","101","89","83"],
  "ROUND65":["98","63","79","75","91","72","77","94","104","103","91","85"],
  "ROUND66":["100","65","82","77","90","75","77","93","103","106","93","85"],
  "ROUND67":["102","65","82","79","90","77","77","92","105","109","95","87"],
  "ROUND68":["102","64","84","81","90","79","79","91","108","111","98","89"],
  "ROUND69":["101","66","84","84","92","81","81","93","111","113","97","89"],
  "ROUND70":["103","69","86","84","92","83","83","92","113","115","99","91"],
  "ROUND71":["105","69","85","87","91","85","86","92","115","118","101","90"],
  "ROUND72":["107","72","84","89","93","85","86","95","115","118","100","92"],
  "ROUND73":["109","74","87","89","95","87","86","97","117","120","102","91"],
  "ROUND74":["111","76","89","89","97","89","88","97","119","122","105","90"],
  "ROUND75":["113","78","89","91","96","92","90","99","121","122","107","92"],
  "ROUND76":["113","78","92","93","98","94","92","101","123","124","106","94"],
  "ROUND77":["115","80","95","93","97","94","95","101","125","124","108","93"],
  "ROUND78":["114","79","98","96","97","96","97","101","127","123","110","96"],
  "ROUND79":["114","82","100","98","99","98","99","103","126","125","112","96"],
  "ROUND80":["117","84","99","100","101","100","101","105","126","127","114","96"]
}
