{
  "ID":["0","1","2","3","4","5","6","7","8","9","10","11"],
  "ROUND1":["2","-1","-1","-1","2","-1","3","3","3","3","0","0"],
  "ROUND2":["4","-1","-2","1","4","1","3","3","3","3","3","0"],
  "ROUND3":["4","-2","0","1","6","1","3","3","3","3","6","0"],
  "ROUND4":["6","-3","-1","1","5","3","6","6","3","6","6","0"],
  "ROUND5":["5","-3","-1","0","5","3","6","9","3","6","6","3"],
  "ROUND6":["4","-3","1","0","7","3","9","9","3","6","6","3"],
  "ROUND7":["4","-4","3","-1","6","5","9","9","6","9","9","3"],
  "ROUND8":["4","-4","3","-2","8","7","9","9","9","9","9","3"],
  "ROUND9":["3","-4","3","-2","8","6","9","9","12","12","9","3"],
  "ROUND10":["3","-4","5","-3","7","8","12","9","12","12","12","3"],
  "ROUND11":["5","-2","7","-1","7","8","12","9","12","12","12","3"],
  "ROUND12":["5","0","6","1","7","8","12","9","12","12","12","6"],
  "ROUND13":["5","-1","8","3","6","7","15","9","12","12","15","9"],
  "ROUND14":["4","-2","8","3","5","7","15","12","12","15","15","12"],
  "ROUND15":["4","-2","8","2","5","7","15","12","12","18","15","12"],
  "ROUND16":["6","-2","10","2","4","7","15","12","12","18","15","15"],
  "ROUND17":["6","0","12","2","6","9","15","12","12","18","15","15"],
  "ROUND18":["6","0","12","2","6","8","18","12","12","18","15","15"],
  "ROUND19":["6","0","14","2","6","10","18","12","12","18","15","15"],
  "ROUND20":["5","2","16","2","6","9","18","12","15","18","15","18"],
  "ROUND21":["5","2","16","2","6","9","18","12","15","18","15","18"],
  "ROUND22":["5","2","18","4","6","9","18","12","15","18","15","18"],
  "ROUND23":["5","2","18","6","6","11","18","12","15","18","15","18"],
  "ROUND24":["7","2","18","6","8","11","18","12","15","18","15","18"],
  "ROUND25":["7","2","17","6","8","11","18","12","18","18","15","18"],
  "ROUND26":["7","2","16","8","8","13","18","15","18","18","15","18"],
  "ROUND27":["9","2","16","8","10","13","18","15","18","18","15","18"],
  "ROUND28":["9","2","16","8","10","13","18","15","18","18","15","18"],
  "ROUND29":["11","4","16","10","10","15","18","15","18","18","15","18"],
  "ROUND30":["11","4","18","10","12","15","18","15","18","18","15","18"],
  "ROUND31":["11","4","18","12","14","15","18","15","18","18","15","18"],
  "ROUND32":["11","4","20","14","14","15","18","15","18","18","15","18"],
  "ROUND33":["13","6","22","14","16","15","18","15","18","18","15","18"],
  "ROUND34":["13","6","22","14","16","14","18","18","18","18","15","18"],
  "ROUND35":["15","6","22","16","18","16","18","18","18","18","15","18"],
  "ROUND36":["17","6","22","16","20","16","18","18","18","18","15","18"],
  "ROUND37":["17","6","22","16","20","16","18","18","18","18","15","18"],
  "ROUND38":["19","6","24","16","20","16","18","18","18","18","15","18"],
  "ROUND39":["21","8","24","18","20","18","18","18","18","18","15","18"],
  "ROUND40":["21","10","24","20","20","18","18","18","18","18","15","18"],
  "ROUND41":["23","10","26","20","20","18","18","18","18","18","15","18"],
  "ROUND42":["23","10","28","22","20","18","18","18","18","18","15","18"],
  "ROUND43":["25","10","30","24","22","18","18","18","18","18","15","18"],
  "ROUND44":["27","12","32","26","24","20","18","18","18","18","15","18"],
  "ROUND45":["27","12","32","26","24","20","18","18","18","18","15","18"],
  "ROUND46":["27","12","32","26","24","20","18","18","18","18","15","18"],
  "ROUND47":["29","12","32","26","24","22","18","18","18","18","15","18"],
  "ROUND48":["29","14","34","26","24","22","18","18","18","18","15","18"],
  "ROUND49":["29","14","36","28","24","22","18","18","18","18","15","18"],
  "ROUND50":["31","16","38","28","24","24","18","18","18","18","15","18"],
  "ROUND51":["30","18","40","28","26","26","18","18","18","18","18","18"],
  "ROUND52":["30","20","40","30","26","26","18","18","18","18","18","18"],
  "ROUND53":["32","20","40","30","28","26","18","18","18","18","18","18"],
  "ROUND54":["32","22","40","30","30","26","18","18","18","18","18","18"],
  "ROUND55":["32","24","42","32","30","28","18","18","18","18","18","18"],
  "ROUND56":["34","24","42","32","30","30","18","18","18","18","18","18"],
  "ROUND57":["34","26","42","32","30","32","18","18","18","18","18","18"],
  "ROUND58":["34","26","44","32","30","34","18","18","18","18","18","18"],
  "ROUND59":["34","26","44","32","30","34","18","18","18","18","18","18"],
  "ROUND60":["34","28","46","32","32","36","18","18","18","18","18","18"],
  "ROUND61":["34","30","48","34","34","36","18","18","18","18","18","18"],
  "ROUND62":["36","32","50","34","36","36","18","18","18","18","18","18"],
  "ROUND63":["36","32","52","34","38","36","18","18","18","18","18","18"],
  "ROUND64":["38","34","52","36","38","38","18","18","18","18","18","18"],
  "ROUND65":["40","36","54","38","38","38","18","18","18","18","18","18"],
  "ROUND66":["40","36","54","38","38","38","18","18","18","18","18","18"],
  "ROUND67":["42","38","54","38","38","38","18","18","18","18","18","18"],
  "ROUND68":["44","40","56","38","38","40","18","18","18","18","18","18"],
  "ROUND69":["44","40","58","40","38","40","18","18","18","18","18","18"],
  "ROUND70":["46","40","58","42","40","42","18","18","18","18","18","18"],
  "ROUND71":["46","42","60","42","42","44","18","18","18","18","18","18"],
  "ROUND72":["48","42","60","42","42","46","18","18","18","18","18","18"],
  "ROUND73":["48","42","62","42","42","48","18","18","18","18","18","18"],
  "ROUND74":["48","44","64","42","42","48","18","18","18","18","18","18"],
  "ROUND75":["50","46","64","42","44","50","18","18","18","18","18","18"],
  "ROUND76":["50","46","66","42","46","50","18","18","18","18","18","18"],
  "ROUND77":["50","46","68","44","46","50","18","18","18","18","18","18"],
  "ROUND78":["50","48","68","46","48","52","18","18","18","18","18","18"],
  "ROUND79":["50","48","70","46","50","52","18","18","18","18","18","18"],
  "ROUND80":["52","48","70","48","50","52","18","18","18","18","18","18"]
}
