{
  "ID":["0","1","2","3","4","5","6","7","8","9","10","11"],
  "ROUND1":["2","0","-1","-1","2","2","2","-1","3","0","3","3"],
  "ROUND2":["2","-1","-2","-1","4","4","4","1","3","0","6","6"],
  "ROUND3":["4","1","0","1","6","6","3","1","3","0","6","9"],
  "ROUND4":["6","0","2","3","5","8","5","3","3","0","9","12"],
  "ROUND5":["8","0","2","2","5","10","7","5","3","3","9","12"],
  "ROUND6":["8","2","4","4","4","9","7","7","3","6","12","12"],
  "ROUND7":["10","4","6","6","6","11","7","6","6","6","12","12"],
  "ROUND8":["9","6","8","6","8","11","7","8","6","6","15","12"],
  "ROUND9":["11","5","10","5","7","10","7","8","9","9","18","15"],
  "ROUND10":["10","7","10","7","9","12","9","10","9","9","18","18"],
  "ROUND11":["12","9","9","7","11","14","9","10","9","12","18","18"],
  "ROUND12":["11","11","11","6","13","16","11","12","12","15","18","18"],
  "ROUND13":["13","13","13","6","15","16","11","12","12","15","18","18"],
  "ROUND14":["13","13","15","6","17","16","10","11","12","18","18","21"],
  "ROUND15":["15","15","14","8","19","16","10","10","12","21","18","24"],
  "ROUND16":["17","17","14","8","21","16","10","12","12","21","18","24"],
  "ROUND17":["19","17","16","10","21","15","12","12","12","21","21","24"],
  "ROUND18":["21","17","16","12","21","17","11","14","12","21","24","24"],
  "ROUND19":["20","17","16","12","23","19","11","14","15","21","24","24"],
  "ROUND20":["20","17","18","14","25","21","11","14","15","21","24","24"],
  "ROUND21":["22","19","20","14","27","21","11","14","15","21","24","24"],
  "ROUND22":["24","19","22","16","29","21","11","14","15","21","24","24"],
  "ROUND23":["24","18","24","18","28","21","13","16","18","24","24","24"],
  "ROUND24":["26","20","26","20","28","23","15","16","18","24","24","24"],
  "ROUND25":["28","20","28","20","28","25","17","16","18","24","24","24"],
  "ROUND26":["28","22","30","22","30","25","16","16","21","24","24","24"],
  "ROUND27":["28","22","30","22","32","27","18","18","21","24","24","24"],
  "ROUND28":["30","22","32","22","32","27","20","20","21","24","24","24"],
  "ROUND29":["32","22","32","24","32","27","20","20","21","24","24","24"],
  "ROUND30":["34","24","32","24","34","27","20","22","21","24","24","24"],
  "ROUND31":["34","24","34","26","36","27","20","24","21","24","24","24"],
  "ROUND32":["34","26","36","26","38","27","20","26","21","24","24","24"],
  "ROUND33":["34","26","38","26","38","29","20","26","21","24","24","24"],
  "ROUND34":["36","28","38","28","38","29","20","28","21","24","24","24"],
  "ROUND35":["36","28","40","28","38","31","22","30","21","24","24","24"],
  "ROUND36":["36","28","42","30","38","33","22","32","21","24","24","24"],
  "ROUND37":["36","28","42","32","38","33","24","32","21","24","24","24"],
  "ROUND38":["38","28","42","32","38","35","26","34","21","24","24","24"],
  "ROUND39":["38","28","44","32","40","37","26","36","21","24","24","24"],
  "ROUND40":["40","28","46","34","42","37","26","36","21","24","24","24"],
  "ROUND41":["42","30","46","34","44","39","26","36","21","24","24","24"],
  "ROUND42":["44","32","46","34","46","41","28","38","21","24","24","24"],
  "ROUND43":["46","32","46","34","48","41","28","38","21","24","24","24"],
  "ROUND44":["48","32","46","36","50","40","28","40","24","24","24","24"],
  "ROUND45":["50","34","46","36","50","40","30","42","24","24","24","24"],
  "ROUND46":["50","36","48","36","52","40","30","44","24","24","24","24"],
  "ROUND47":["52","38","48","38","54","42","30","46","24","24","24","24"],
  "ROUND48":["52","40","48","38","56","42","30","46","24","24","24","24"],
  "ROUND49":["52","40","48","40","56","44","32","48","24","24","24","24"],
  "ROUND50":["52","40","48","42","56","46","32","48","24","24","24","24"],
  "ROUND51":["52","42","50","42","58","48","32","48","24","24","24","24"],
  "ROUND52":["54","44","50","42","60","48","32","50","24","24","24","24"],
  "ROUND53":["54","46","52","44","60","48","34","50","24","24","24","24"],
  "ROUND54":["56","46","52","44","62","50","34","52","24","24","24","24"],
  "ROUND55":["56","46","52","46","62","52","34","52","24","24","24","24"],
  "ROUND56":["58","48","54","46","62","54","34","52","24","24","24","24"],
  "ROUND57":["58","50","56","48","64","56","34","54","24","24","24","24"],
  "ROUND58":["60","52","58","48","64","56","36","54","24","24","24","24"],
  "ROUND59":["60","52","60","48","66","58","36","56","24","24","24","24"],
  "ROUND60":["62","52","60","48","68","58","38","58","24","24","24","24"],
  "ROUND61":["62","54","62","50","70","60","40","58","24","24","24","24"],
  "ROUND62":["62","56","62","52","72","62","40","58","24","24","24","24"],
  "ROUND63":["64","56","62","52","74","64","40","60","24","24","24","24"],
  "ROUND64":["66","56","64","52","76","66","42","62","24","24","24","24"],
  "ROUND65":["68","56","64","52","78","68","42","64","24","24","24","24"],
  "ROUND66":["70","58","64","52","78","68","42","64","24","24","24","24"],
  "ROUND67":["72","58","66","54","80","70","42","66","24","24","24","24"],
  "ROUND68":["74","58","66","54","82","70","44","68","24","24","24","24"],
  "ROUND69":["76","58","66","56","82","72","44","70","24","24","24","24"],
  "ROUND70":["78","60","68","56","82","72","44","72","24","24","24","24"],
  "ROUND71":["80","60","68","58","84","74","44","72","24","24","24","24"],
  "ROUND72":["82","62","70","58","84","76","46","74","24","24","24","24"],
  "ROUND73":["84","62","70","60","86","76","46","76","24","24","24","24"],
  "ROUND74":["84","64","70","60","88","76","46","76","24","24","24","24"],
  "ROUND75":["84","66","72","62","88","78","46","76","24","24","24","24"],
  "ROUND76":["84","66","72","62","90","80","48","78","24","24","24","24"],
  "ROUND77":["86","66","72","62","90","80","48","80","24","24","24","24"],
  "ROUND78":["88","68","72","62","92","80","48","82","24","24","24","24"],
  "ROUND79":["90","70","74","62","92","82","48","82","24","24","24","24"],
  "ROUND80":["92","70","76","64","92","82","48","84","24","24","24","24"]
}
