{
  "ID":["0","1","2","3","4","5","6","7","8","9","10","11"],
  "ROUND1":["2","2","-1","0","0","2","2","3","2","2","2","2"],
  "ROUND2":["4","2","1","2","0","4","4","5","4","4","4","4"],
  "ROUND3":["3","4","3","4","2","6","6","7","6","4","4","7"],
  "ROUND4":["5","3","5","6","4","8","8","7","8","6","7","7"],
  "ROUND5":["7","3","7","8","6","10","10","9","10","6","9","9"],
  "ROUND6":["9","5","9","10","5","12","12","12","9","6","9","12"],
  "ROUND7":["11","5","8","12","5","14","14","14","11","9","11","14"],
  "ROUND8":["10","5","10","14","5","16","16","16","13","12","11","14"],
  "ROUND9":["12","7","12","16","5","18","18","18","13","14","11","14"],
  "ROUND10":["14","7","14","18","7","20","20","20","13","16","13","16"],
  "ROUND11":["16","6","14","20","9","22","22","22","13","19","12","19"],
  "ROUND12":["18","8","16","20","8","24","24","24","16","21","14","19"],
  "ROUND13":["20","7","16","22","10","23","26","27","19","21","16","21"],
  "ROUND14":["22","6","18","24","13","25","28","27","18","24","16","23"],
  "ROUND15":["24","8","17","24","12","25","30","26","21","27","18","26"],
  "ROUND16":["26","10","19","24","15","25","32","25","24","26","20","28"],
  "ROUND17":["26","13","22","26","15","28","31","24","23","28","19","31"],
  "ROUND18":["26","15","24","28","17","27","33","26","25","28","21","34"],
  "ROUND19":["28","14","26","30","17","29","35","29","25","30","24","33"],
  "ROUND20":["27","17","26","32","20","31","38","28","28","29","24","32"],
  "ROUND21":["27","19","28","34","22","33","40","30","30","31","26","32"],
  "ROUND22":["29","22","30","36","24","35","42","30","29","30","26","35"],
  "ROUND23":["31","22","29","38","26","35","44","30","32","32","28","35"],
  "ROUND24":["33","24","29","40","28","35","46","32","34","34","30","37"],
  "ROUND25":["35","23","31","42","28","34","48","32","37","37","30","37"],
  "ROUND26":["38","25","33","41","28","36","50","31","37","36","33","40"],
  "ROUND27":["40","27","33","41","30","38","49","31","39","36","35","43"],
  "ROUND28":["42","29","33","43","32","38","51","33","41","36","37","43"],
  "ROUND29":["44","31","33","45","34","41","51","35","41","36","39","42"],
  "ROUND30":["44","33","33","47","36","43","53","37","41","38","39","44"],
  "ROUND31":["47","33","35","47","36","46","55","36","44","37","39","43"],
  "ROUND32":["47","35","37","46","38","46","57","39","46","40","41","42"],
  "ROUND33":["49","37","39","48","40","48","57","41","46","42","43","44"],
  "ROUND34":["51","37","42","50","42","50","56","40","48","44","46","44"],
  "ROUND35":["53","40","44","52","44","52","55","42","51","43","46","44"],
  "ROUND36":["55","39","46","52","46","54","57","45","53","43","48","46"],
  "ROUND37":["57","41","45","52","48","56","57","47","53","43","51","48"],
  "ROUND38":["57","41","48","54","50","58","59","49","56","42","50","50"],
  "ROUND39":["59","43","48","54","52","57","61","51","58","44","53","52"],
  "ROUND40":["61","45","50","56","54","56","64","51","58","46","52","55"],
  "ROUND41":["63","47","49","58","54","58","66","53","60","48","52","58"],
  "ROUND42":["66","49","51","58","56","58","66","53","59","50","52","58"],
  "ROUND43":["65","48","53","60","56","60","68","56","59","53","54","60"],
  "ROUND44":["67","48","56","60","58","62","70","58","58","55","54","60"],
  "ROUND45":["70","50","58","60","57","61","70","57","61","55","54","63"],
  "ROUND46":["72","52","60","62","59","61","72","56","64","54","57","63"],
  "ROUND47":["72","52","62","64","59","60","74","59","64","56","60","62"],
  "ROUND48":["72","55","64","66","59","63","76","58","64","58","59","62"],
  "ROUND49":["74","58","66","68","59","65","78","61","63","58","61","61"],
  "ROUND50":["76","60","65","70","62","65","80","63","66","58","63","60"],
  "ROUND51":["75","62","67","72","64","67","82","63","69","58","66","59"],
  "ROUND52":["77","64","69","74","66","69","84","65","71","60","66","59"],
  "ROUND53":["80","64","71","74","68","72","87","65","70","60","65","58"],
  "ROUND54":["80","66","73","74","70","71","89","65","73","62","65","60"],
  "ROUND55":["82","68","73","77","69","73","89","64","73","62","68","62"],
  "ROUND56":["84","70","72","77","71","75","92","66","72","65","68","64"],
  "ROUND57":["84","69","74","79","73","77","94","66","74","67","70","67"],
  "ROUND58":["86","69","74","79","75","76","96","68","76","69","73","67"],
  "ROUND59":["88","71","74","81","75","79","98","67","76","71","75","67"],
  "ROUND60":["90","73","74","81","74","79","100","69","79","73","75","69"],
  "ROUND61":["92","75","76","80","76","79","100","72","79","73","75","69"],
  "ROUND62":["94","77","78","82","76","79","102","74","79","75","77","69"],
  "ROUND63":["96","79","81","84","78","82","101","74","78","75","80","68"],
  "ROUND64":["98","79","83","86","78","82","104","77","80","75","79","67"],
  "ROUND65":["100","82","85","89","78","84","106","76","79","74","79","70"],
  "ROUND66":["100","85","87","92","80","84","108","78","82","73","78","69"],
  "ROUND67":["100","87","89","94","82","86","108","80","84","75","80","71"],
  "ROUND68":["102","89","91","93","85","88","108","82","86","78","79","71"],
  "ROUND69":["104","91","94","95","84","90","108","82","85","80","82","73"],
  "ROUND70":["106","93","94","97","87","89","110","85","85","82","81","75"],
  "ROUND71":["106","92","96","99","86","91","112","85","85","85","84","75"],
  "ROUND72":["108","92","96","101","89","91","114","87","87","84","84","77"],
  "ROUND73":["110","94","98","103","89","93","116","89","87","84","84","79"],
  "ROUND74":["112","93","98","103","88","95","115","92","90","86","86","82"],
  "ROUND75":["112","95","100","105","88","97","117","95","90","86","85","84"],
  "ROUND76":["114","95","100","104","90","100","119","94","90","88","88","84"],
  "ROUND77":["116","97","99","106","92","102","119","97","90","90","88","84"],
  "ROUND78":["118","100","101","106","92","105","118","100","89","93","87","83"],
  "ROUND79":["118","102","104","109","94","104","118","99","89","96","86","83"],
  "ROUND80":["120","105","104","111","94","103","120","102","91","98","85","85"]
}
