{
  "ID":["0","1","2","3","4","5","6","7","8","9","10","11"],
  "ROUND1":["-1","0","2","2","2","-1","2","3","0","2","2","3"],
  "ROUND2":["1","2","4","4","2","1","2","5","2","4","4","5"],
  "ROUND3":["3","2","3","6","2","3","1","7","1","7","7","8"],
  "ROUND4":["2","2","5","8","4","6","3","9","3","9","9","8"],
  "ROUND5":["5","4","5","10","6","5","5","8","5","9","12","10"],
  "ROUND6":["5","6","5","12","8","7","7","8","7","9","14","12"],
  "ROUND7":["7","8","8","12","7","9","9","10","7","11","16","14"],
  "ROUND8":["9","11","10","14","7","9","11","12","9","13","15","16"],
  "ROUND9":["12","13","13","14","9","12","10","11","9","12","18","15"],
  "ROUND10":["14","15","15","16","9","14","10","13","11","14","20","17"],
  "ROUND11":["14","17","17","18","11","14","12","15","13","16","22","19"],
  "ROUND12":["16","19","20","17","11","16","14","15","12","18","24","22"],
  "ROUND13":["15","21","22","17","13","18","16","15","15","20","26","24"],
  "ROUND14":["17","21","24","19","16","21","18","14","17","22","25","24"],
  "ROUND15":["17","20","27","19","18","23","20","16","17","24","25","26"],
  "ROUND16":["20","22","27","18","20","25","20","18","16","24","28","26"],
  "ROUND17":["22","24","29","20","22","25","22","21","15","24","30","28"],
  "ROUND18":["24","26","29","23","24","25","24","20","15","24","33","27"],
  "ROUND19":["26","25","31","23","27","28","24","22","15","23","35","27"],
  "ROUND20":["28","28","33","25","26","30","24","24","14","23","38","29"],
  "ROUND21":["30","27","35","27","29","33","24","24","16","25","37","31"],
  "ROUND22":["32","29","35","29","29","35","26","26","18","28","39","30"],
  "ROUND23":["34","31","34","31","32","37","28","29","20","27","39","30"],
  "ROUND24":["36","31","36","33","34","39","30","31","22","27","41","32"],
  "ROUND25":["35","31","38","32","37","42","30","33","21","26","44","35"],
  "ROUND26":["37","34","40","34","39","42","32","32","23","28","46","35"],
  "ROUND27":["37","37","42","33","42","44","31","34","25","30","46","37"],
  "ROUND28":["39","39","44","35","44","46","33","36","25","32","46","39"],
  "ROUND29":["42","41","44","37","44","48","35","38","27","34","48","38"],
  "ROUND30":["41","44","46","36","43","51","37","41","30","34","48","37"],
  "ROUND31":["40","44","48","36","45","54","39","44","32","36","50","36"],
  "ROUND32":["39","43","51","39","44","56","39","47","34","35","53","36"],
  "ROUND33":["39","43","53","41","46","58","38","47","37","37","55","36"],
  "ROUND34":["41","45","55","43","48","60","40","49","39","39","55","36"],
  "ROUND35":["43","47","54","43","51","62","42","52","41","39","57","35"],
  "ROUND36":["45","47","56","43","53","64","44","54","43","41","59","37"],
  "ROUND37":["44","50","58","43","53","64","46","53","46","43","59","39"],
  "ROUND38":["46","50","60","45","55","66","49","53","48","45","58","41"],
  "ROUND39":["46","52","62","44","55","68","51","55","50","48","60","43"],
  "ROUND40":["48","52","65","46","55","71","53","55","50","47","62","42"],
  "ROUND41":["47","54","65","48","54","71","56","57","53","49","64","44"],
  "ROUND42":["49","53","68","47","54","73","59","56","53","51","67","46"],
  "ROUND43":["49","56","70","46","56","73","61","58","55","51","69","46"],
  "ROUND44":["51","56","72","46","59","73","63","60","55","50","69","46"],
  "ROUND45":["54","55","74","48","61","75","63","63","55","49","71","48"],
  "ROUND46":["56","55","76","48","63","75","66","63","54","48","74","50"],
  "ROUND47":["58","58","75","48","65","77","65","65","54","50","77","52"],
  "ROUND48":["61","60","77","48","64","76","65","67","56","52","79","55"],
  "ROUND49":["64","63","77","47","64","78","67","69","58","51","81","57"],
  "ROUND50":["66","65","77","49","63","80","70","71","60","53","81","59"],
  "ROUND51":["68","65","79","51","65","83","69","73","62","55","83","59"],
  "ROUND52":["67","68","79","53","65","85","71","75","65","55","83","58"],
  "ROUND53":["69","70","82","52","65","84","74","77","67","57","85","58"],
  "ROUND54":["71","72","84","54","65","86","76","79","69","57","87","60"],
  "ROUND55":["73","74","86","56","67","86","76","81","71","59","89","62"],
  "ROUND56":["73","76","88","58","69","86","78","81","74","59","88","64"],
  "ROUND57":["75","76","90","60","71","88","80","83","76","61","88","66"],
  "ROUND58":["77","78","93","62","73","87","80","85","78","63","88","68"],
  "ROUND59":["77","80","95","64","75","87","83","87","81","65","87","67"],
  "ROUND60":["77","82","95","66","77","89","83","89","83","67","89","67"],
  "ROUND61":["77","84","95","68","79","89","85","89","85","69","91","69"],
  "ROUND62":["79","86","95","70","81","91","87","91","85","71","93","71"],
  "ROUND63":["79","88","94","72","81","93","89","91","87","73","93","74"],
  "ROUND64":["81","90","97","74","83","95","89","93","89","75","92","74"],
  "ROUND65":["84","90","100","74","85","94","91","95","88","77","94","76"],
  "ROUND66":["86","89","102","76","87","96","91","98","88","79","96","78"],
  "ROUND67":["88","91","105","78","87","98","91","101","90","78","95","80"],
  "ROUND68":["90","93","108","80","89","100","93","101","92","80","94","80"],
  "ROUND69":["92","96","110","82","88","100","92","103","92","83","96","82"],
  "ROUND70":["95","98","112","81","88","102","91","105","94","85","96","85"],
  "ROUND71":["97","100","115","84","87","104","91","105","96","87","98","84"],
  "ROUND72":["99","102","117","84","89","106","93","107","96","86","100","87"],
  "ROUND73":["101","105","117","86","89","105","92","106","99","88","103","89"],
  "ROUND74":["101","107","119","88","92","108","91","106","102","87","105","88"],
  "ROUND75":["103","106","119","91","92","110","93","105","105","89","107","90"],
  "ROUND76":["103","108","121","93","92","112","95","105","107","91","107","92"],
  "ROUND77":["102","108","123","93","94","114","97","107","109","94","109","94"],
  "ROUND78":["101","111","125","93","96","113","99","109","112","94","111","96"],
  "ROUND79":["103","113","127","93","98","112","102","111","114","96","111","98"],
  "ROUND80":["106","115","129","93","100","111","104","113","113","96","114","100"]
}
