{
  "ID":["0","1","2","3","4","5","6","7","8","9","10","11"],
  "ROUND1":["2","2","2","0","2","2","2","2","-1","0","2","3"],
  "ROUND2":["2","2","4","2","4","4","4","4","-2","3","4","5"],
  "ROUND3":["2","1","3","4","6","7","6","6","-2","6","6","7"],
  "ROUND4":["4","3","5","6","8","7","8","8","0","6","8","9"],
  "ROUND5":["6","2","5","5","10","7","10","10","2","9","11","11"],
  "ROUND6":["8","2","7","4","12","10","12","10","4","11","10","14"],
  "ROUND7":["10","2","9","4","12","10","14","12","4","11","12","16"],
  "ROUND8":["9","4","11","3","15","10","17","14","6","13","12","18"],
  "ROUND9":["11","6","10","5","18","10","17","16","8","15","14","20"],
  "ROUND10":["11","5","12","7","21","12","19","19","7","15","16","22"],
  "ROUND11":["10","7","14","7","24","15","19","18","9","17","16","22"],
  "ROUND12":["12","9","13","7","26","17","22","20","11","19","18","22"],
  "ROUND13":["14","9","12","9","29","19","24","22","13","19","21","21"],
  "ROUND14":["16","11","12","9","32","18","26","25","15","18","23","23"],
  "ROUND15":["18","10","11","9","35","21","28","27","18","17","23","25"],
  "ROUND16":["20","9","13","11","37","21","31","30","17","19","23","27"],
  "ROUND17":["22","12","16","11","36","20","33","32","16","22","25","27"],
  "ROUND18":["24","11","18","11","39","22","32","34","19","24","25","29"],
  "ROUND19":["26","14","20","13","39","24","34","34","21","23","27","31"],
  "ROUND20":["28","16","23","16","41","26","33","34","21","22","29","33"],
  "ROUND21":["31","18","23","18","41","28","32","36","21","24","31","33"],
  "ROUND22":["31","21","26","18","43","27","34","38","23","26","30","35"],
  "ROUND23":["33","23","28","20","43","26","37","40","23","28","32","37"],
  "ROUND24":["35","23","28","20","45","26","37","42","25","27","32","40"],
  "ROUND25":["37","23","28","22","47","28","39","44","25","27","34","42"],
  "ROUND26":["39","26","30","24","49","28","41","46","27","27","33","44"],
  "ROUND27":["41","28","32","27","49","27","40","49","29","29","33","46"],
  "ROUND28":["43","30","34","29","51","27","42","51","31","31","35","46"],
  "ROUND29":["45","32","36","31","54","29","44","51","33","31","34","48"],
  "ROUND30":["47","31","38","33","56","31","44","53","35","31","36","51"],
  "ROUND31":["49","33","40","35","56","31","46","52","37","33","39","53"],
  "ROUND32":["51","35","42","35","58","33","49","54","39","35","38","53"],
  "ROUND33":["54","35","44","37","61","32","51","56","38","35","40","55"],
  "ROUND34":["56","35","46","39","61","32","53","58","40","37","42","55"],
  "ROUND35":["58","35","46","41","60","32","53","60","42","39","45","57"],
  "ROUND36":["60","37","46","43","59","34","53","62","44","42","47","59"],
  "ROUND37":["62","40","48","43","59","36","52","62","43","42","50","61"],
  "ROUND38":["61","40","50","43","62","39","54","61","45","44","52","63"],
  "ROUND39":["63","42","50","45","61","41","56","63","45","47","54","65"],
  "ROUND40":["65","42","53","47","64","40","58","62","47","47","54","65"],
  "ROUND41":["67","44","52","49","64","42","61","64","47","46","56","68"],
  "ROUND42":["69","46","54","51","63","42","63","67","47","48","58","70"],
  "ROUND43":["71","48","56","54","62","44","63","66","49","48","61","72"],
  "ROUND44":["73","47","58","56","64","47","65","66","51","48","63","74"],
  "ROUND45":["75","49","57","58","66","50","67","66","51","47","65","77"],
  "ROUND46":["75","51","57","60","66","53","66","68","51","49","67","79"],
  "ROUND47":["77","53","60","60","68","52","68","70","53","51","67","81"],
  "ROUND48":["77","55","60","60","70","52","70","72","55","53","67","81"],
  "ROUND49":["77","58","59","62","69","55","72","71","55","56","70","80"],
  "ROUND50":["79","60","58","61","69","58","74","73","58","58","72","80"],
  "ROUND51":["79","62","60","63","71","61","74","75","60","60","74","79"],
  "ROUND52":["81","64","62","62","73","61","77","75","59","62","76","82"],
  "ROUND53":["83","66","64","64","73","63","79","77","59","64","78","84"],
  "ROUND54":["83","68","67","66","75","62","78","80","62","64","80","83"],
  "ROUND55":["85","70","70","68","74","64","78","82","64","66","82","83"],
  "ROUND56":["87","72","70","70","76","66","80","84","66","68","84","83"],
  "ROUND57":["89","74","72","70","78","68","80","86","68","70","86","85"],
  "ROUND58":["91","76","74","72","77","70","83","89","67","70","86","87"],
  "ROUND59":["91","79","76","74","76","72","85","89","69","72","89","86"],
  "ROUND60":["93","81","78","74","78","74","87","91","71","72","91","88"],
  "ROUND61":["95","83","81","76","81","74","89","91","73","71","90","90"],
  "ROUND62":["97","82","83","78","81","76","91","93","76","73","90","92"],
  "ROUND63":["99","81","85","78","83","78","93","96","75","75","90","95"],
  "ROUND64":["101","81","88","80","85","80","95","98","74","75","92","97"],
  "ROUND65":["103","84","90","82","85","79","97","100","76","77","92","99"],
  "ROUND66":["105","86","90","84","84","81","99","103","79","76","94","99"],
  "ROUND67":["107","88","92","87","86","81","98","105","81","78","94","101"],
  "ROUND68":["106","90","94","86","86","83","101","105","84","78","94","103"],
  "ROUND69":["108","93","96","88","85","86","101","107","83","78","93","106"],
  "ROUND70":["110","95","95","90","88","86","103","109","85","80","93","108"],
  "ROUND71":["112","94","95","89","90","86","106","108","87","83","96","110"],
  "ROUND72":["115","96","97","91","92","86","105","110","89","83","98","112"],
  "ROUND73":["115","98","99","93","94","88","108","112","91","83","100","111"],
  "ROUND74":["117","98","101","95","96","90","110","112","90","82","103","114"],
  "ROUND75":["119","98","103","95","99","93","112","111","92","84","102","116"],
  "ROUND76":["118","100","103","95","101","95","114","113","94","87","104","118"],
  "ROUND77":["120","102","105","97","101","97","116","115","93","90","104","120"],
  "ROUND78":["122","104","107","99","101","99","118","117","95","92","104","122"],
  "ROUND79":["122","106","109","101","103","101","120","119","97","94","106","122"],
  "ROUND80":["124","108","109","103","105","104","120","121","99","96","108","121"]
}
