{
  "ID":["0","1","2","3","4","5","6","7","8","9","10","11"],
  "ROUND1":["-1","2","2","2","2","0","2","2","-1","3","3","0"],
  "ROUND2":["1","4","2","4","2","2","4","4","-2","2","6","3"],
  "ROUND3":["3","6","4","6","2","4","6","6","0","4","8","3"],
  "ROUND4":["5","5","4","8","4","3","8","8","2","7","11","3"],
  "ROUND5":["7","8","6","10","6","5","8","10","2","7","10","3"],
  "ROUND6":["9","8","8","12","8","7","10","10","4","9","12","5"],
  "ROUND7":["9","8","10","14","10","6","12","12","6","9","12","8"],
  "ROUND8":["9","10","12","16","12","8","14","14","8","9","12","8"],
  "ROUND9":["11","12","14","15","14","8","16","16","7","12","15","8"],
  "ROUND10":["13","14","16","17","16","10","18","18","7","12","17","10"],
  "ROUND11":["15","13","18","17","18","10","18","20","10","15","16","10"],
  "ROUND12":["15","13","20","19","20","12","17","22","12","18","16","10"],
  "ROUND13":["17","15","22","19","20","14","16","24","14","18","19","10"],
  "ROUND14":["17","17","22","21","22","14","18","26","14","18","21","10"],
  "ROUND15":["19","17","24","23","24","13","18","28","16","18","24","10"],
  "ROUND16":["21","19","26","25","23","15","20","30","18","18","27","10"],
  "ROUND17":["23","19","28","24","25","15","22","29","18","18","30","13"],
  "ROUND18":["23","21","30","26","27","15","24","31","20","18","30","15"],
  "ROUND19":["25","21","32","26","29","17","26","30","22","21","30","15"],
  "ROUND20":["27","21","34","28","31","19","26","32","24","23","30","15"],
  "ROUND21":["29","20","36","30","33","21","26","34","24","23","33","15"],
  "ROUND22":["31","22","38","32","35","21","28","36","26","23","33","15"],
  "ROUND23":["33","22","37","32","37","23","30","38","28","23","36","15"],
  "ROUND24":["35","21","37","32","37","25","32","38","30","23","36","18"],
  "ROUND25":["37","23","39","34","39","28","32","40","32","25","36","17"],
  "ROUND26":["39","25","41","36","41","30","32","42","34","25","36","17"],
  "ROUND27":["41","27","43","36","43","32","34","44","36","25","36","17"],
  "ROUND28":["41","27","43","38","45","35","36","43","38","24","36","20"],
  "ROUND29":["40","27","43","40","47","37","38","45","40","27","36","20"],
  "ROUND30":["42","27","45","42","49","37","40","45","42","27","36","20"],
  "ROUND31":["44","29","47","44","51","39","40","47","44","27","39","19"],
  "ROUND32":["46","29","49","44","53","41","40","49","46","27","39","19"],
  "ROUND33":["48","32","49","46","53","43","42","51","48","26","38","22"],
  "ROUND34":["48","34","48","46","55","45","44","53","48","29","40","22"],
  "ROUND35":["50","36","50","49","55","47","44","55","50","28","42","24"],
  "ROUND36":["52","38","49","49","57","49","46","57","50","27","45","27"],
  "ROUND37":["55","38","51","51","59","51","48","59","50","26","45","27"],
  "ROUND38":["55","40","51","51","61","50","50","59","52","29","45","27"],
  "ROUND39":["57","42","53","53","63","52","52","59","55","28","45","29"],
  "ROUND40":["57","44","55","55","62","52","54","61","57","28","45","32"],
  "ROUND41":["59","44","57","57","62","54","56","63","56","31","45","32"],
  "ROUND42":["61","46","59","59","64","54","56","65","58","31","45","34"],
  "ROUND43":["63","48","61","61","63","56","58","67","60","34","45","34"],
  "ROUND44":["65","48","61","63","65","58","60","67","59","36","48","34"],
  "ROUND45":["67","50","61","65","67","60","62","69","61","35","51","34"],
  "ROUND46":["67","52","61","64","67","60","64","71","63","35","54","34"],
  "ROUND47":["69","52","63","66","69","62","66","73","65","35","54","34"],
  "ROUND48":["71","54","65","66","69","64","68","73","67","35","54","34"],
  "ROUND49":["73","56","65","68","69","66","70","75","67","35","54","34"],
  "ROUND50":["73","58","67","68","69","66","70","77","69","35","54","34"],
  "ROUND51":["75","60","69","68","72","69","72","79","71","34","53","34"],
  "ROUND52":["74","62","71","70","74","71","75","81","71","34","52","37"],
  "ROUND53":["76","62","73","72","73","73","77","81","73","34","55","37"],
  "ROUND54":["75","65","73","74","73","73","79","83","75","37","55","36"],
  "ROUND55":["77","67","75","76","75","75","81","85","75","37","55","36"],
  "ROUND56":["79","69","77","75","77","77","81","87","78","40","54","36"],
  "ROUND57":["81","69","80","77","77","79","84","89","80","39","53","38"],
  "ROUND58":["83","71","80","79","80","79","83","89","82","38","56","38"],
  "ROUND59":["85","70","82","81","80","79","83","92","84","37","59","38"],
  "ROUND60":["87","72","84","83","80","79","82","94","86","37","59","41"],
  "ROUND61":["89","72","87","85","82","81","82","96","88","37","59","40"],
  "ROUND62":["91","74","89","87","82","83","81","98","88","40","59","40"],
  "ROUND63":["93","76","91","89","85","82","81","100","90","43","59","39"],
  "ROUND64":["95","78","91","91","87","81","83","102","89","43","62","42"],
  "ROUND65":["97","80","93","93","89","83","83","104","91","43","62","42"],
  "ROUND66":["97","80","95","93","88","85","85","106","93","45","62","45"],
  "ROUND67":["97","82","98","95","90","88","87","108","95","44","62","44"],
  "ROUND68":["100","84","98","98","90","90","89","110","95","43","62","43"],
  "ROUND69":["102","86","100","100","92","93","89","112","95","43","61","43"],
  "ROUND70":["101","88","102","102","94","93","91","114","95","46","61","43"],
  "ROUND71":["101","88","104","104","97","95","93","114","95","46","60","43"],
  "ROUND72":["103","90","104","106","99","97","95","113","95","49","60","43"],
  "ROUND73":["105","89","106","108","99","99","95","113","97","51","60","46"],
  "ROUND74":["107","91","108","107","101","101","97","115","99","51","60","49"],
  "ROUND75":["109","93","110","107","103","103","99","117","99","53","60","49"],
  "ROUND76":["111","95","112","107","103","105","99","117","99","53","60","49"],
  "ROUND77":["111","97","114","109","105","107","99","119","101","53","62","49"],
  "ROUND78":["113","99","114","111","107","106","101","119","103","53","62","52"],
  "ROUND79":["115","99","113","113","107","108","103","121","105","53","62","55"],
  "ROUND80":["117","101","115","115","106","110","105","121","105","56","62","55"]
}
