{
  "ID":["0","1","2","3","4","5","6","7","8","9","10","11"],
  "ROUND1":["-1","0","0","0","0","0","0","3","0","0","0","0"],
  "ROUND2":["-1","-1","3","-1","3","2","0","2","3","-1","2","3"],
  "ROUND3":["-1","-1","2","2","2","2","3","2","2","-2","5","6"],
  "ROUND4":["-2","-2","4","2","2","4","6","2","2","-2","5","9"],
  "ROUND5":["-2","-2","3","2","5","3","6","5","5","-3","8","8"],
  "ROUND6":["1","-2","2","1","5","6","5","5","8","-3","11","7"],
  "ROUND7":["1","-3","2","4","5","6","5","5","7","-3","11","10"],
  "ROUND8":["1","-1","4","7","8","5","8","4","6","-4","14","10"],
  "ROUND9":["0","-2","6","7","11","5","8","7","6","-2","14","10"],
  "ROUND10":["-1","1","6","6","11","5","11","10","6","-3","14","10"],
  "ROUND11":["1","1","6","6","14","8","10","10","6","-3","16","9"],
  "ROUND12":["0","1","9","6","14","8","9","10","6","-3","19","9"],
  "ROUND13":["-1","4","8","6","17","8","9","10","6","-3","19","9"],
  "ROUND14":["1","3","10","8","20","8","9","10","6","-3","21","9"],
  "ROUND15":["3","6","10","8","20","10","8","10","6","-1","23","9"],
  "ROUND16":["5","5","13","11","23","10","7","10","6","1","23","8"],
  "ROUND17":["7","5","13","14","23","12","6","10","8","3","23","8"],
  "ROUND18":["6","8","16","14","23","11","6","13","7","2","26","8"],
  "ROUND19":["5","10","16","16","23","11","8","12","10","4","29","8"],
  "ROUND20":["8","9","19","19","22","11","8","15","10","3","28","8"],
  "ROUND21":["8","9","19","18","25","11","7","15","13","6","27","8"],
  "ROUND22":["11","9","19","20","25","13","7","15","12","6","26","11"],
  "ROUND23":["13","9","18","19","28","16","10","14","12","5","28","14"],
  "ROUND24":["15","8","21","18","31","18","9","14","15","8","28","13"],
  "ROUND25":["17","8","24","17","31","17","9","14","18","8","28","15"],
  "ROUND26":["20","7","24","17","30","17","8","14","21","11","28","15"],
  "ROUND27":["19","9","24","17","33","20","11","14","20","13","27","15"],
  "ROUND28":["19","8","24","17","33","20","13","14","22","12","30","18"],
  "ROUND29":["19","7","26","19","33","23","12","17","21","11","33","21"],
  "ROUND30":["22","10","25","19","33","23","12","16","21","13","33","23"],
  "ROUND31":["25","10","27","22","32","22","12","18","21","15","33","25"],
  "ROUND32":["24","10","26","25","32","25","11","21","24","18","32","24"],
  "ROUND33":["26","10","25","24","35","28","13","24","23","20","32","26"],
  "ROUND34":["28","9","25","26","37","30","15","26","23","23","32","26"],
  "ROUND35":["27","12","24","26","36","30","18","29","23","22","32","29"],
  "ROUND36":["30","14","26","25","36","30","17","32","23","22","32","29"],
  "ROUND37":["33","16","25","25","36","30","16","34","22","25","35","29"],
  "ROUND38":["35","15","27","25","39","30","18","36","25","24","35","29"],
  "ROUND39":["35","18","26","25","42","29","17","39","24","24","35","32"],
  "ROUND40":["35","21","25","25","44","28","20","42","23","23","37","35"],
  "ROUND41":["34","20","24","28","44","31","19","45","23","26","36","38"],
  "ROUND42":["33","22","23","31","44","33","19","45","25","29","38","38"],
  "ROUND43":["36","25","26","31","47","33","18","44","24","32","37","37"],
  "ROUND44":["36","25","28","31","47","33","17","47","23","32","40","39"],
  "ROUND45":["35","24","31","31","47","33","20","50","23","32","39","39"],
  "ROUND46":["38","27","31","30","50","33","20","53","22","31","39","38"],
  "ROUND47":["41","27","33","30","52","33","23","52","21","31","39","38"],
  "ROUND48":["43","27","35","30","51","33","23","52","20","34","42","38"],
  "ROUND49":["43","27","34","29","53","35","23","55","20","34","42","41"],
  "ROUND50":["42","30","34","29","52","38","25","58","22","34","41","41"],
  "ROUND51":["42","32","36","29","54","40","25","58","22","34","41","41"],
  "ROUND52":["45","32","38","28","57","40","25","58","24","33","41","41"],
  "ROUND53":["47","31","41","30","59","39","25","58","27","32","44","43"],
  "ROUND54":["46","31","40","29","59","42","27","61","30","31","47","45"],
  "ROUND55":["45","34","39","29","62","42","27","61","33","33","46","47"],
  "ROUND56":["44","37","42","28","65","45","26","61","36","32","46","46"],
  "ROUND57":["47","37","41","30","64","48","28","61","36","32","48","48"],
  "ROUND58":["46","37","43","32","64","51","28","61","36","32","48","48"],
  "ROUND59":["48","40","46","31","66","51","27","61","38","34","48","48"],
  "ROUND60":["48","40","46","34","66","51","27","60","38","34","48","48"],
  "ROUND61":["51","40","46","36","65","51","30","59","40","34","48","48"],
  "ROUND62":["51","40","46","35","68","51","30","58","40","37","47","51"],
  "ROUND63":["53","40","45","34","70","54","29","61","42","39","50","51"],
  "ROUND64":["53","42","45","36","72","56","31","63","42","39","49","54"],
  "ROUND65":["53","42","45","36","72","55","31","63","42","42","48","57"],
  "ROUND66":["55","45","47","38","74","54","34","62","44","42","50","57"],
  "ROUND67":["55","45","47","37","77","54","33","65","43","42","53","57"],
  "ROUND68":["55","48","46","37","80","54","33","67","45","42","52","57"],
  "ROUND69":["54","50","45","37","82","54","35","67","45","45","55","59"],
  "ROUND70":["53","49","45","37","85","53","35","70","45","48","55","59"],
  "ROUND71":["55","49","45","39","84","53","38","70","48","48","55","58"],
  "ROUND72":["55","48","44","39","87","52","41","70","48","51","58","57"],
  "ROUND73":["57","48","44","39","87","52","41","73","47","53","60","59"],
  "ROUND74":["57","47","44","39","90","51","41","73","47","52","63","62"],
  "ROUND75":["57","50","44","38","93","54","41","73","47","52","62","61"],
  "ROUND76":["57","49","43","41","93","54","41","73","47","55","62","61"],
  "ROUND77":["60","48","43","41","93","57","44","73","47","54","62","60"],
  "ROUND78":["63","48","46","44","92","56","43","75","46","57","64","60"],
  "ROUND79":["63","48","45","47","94","56","45","75","45","60","64","60"],
  "ROUND80":["62","50","48","47","94","59","45","74","45","62","64","60"]
}
