{
  "ID":["0","1","2","3","4","5","6","7","8","9","10","11"],
  "ROUND1":["0","-1","3","0","0","0","0","3","3","0","-1","-1"],
  "ROUND2":["0","-1","3","0","0","0","0","3","3","0","-1","-1"],
  "ROUND3":["2","-2","3","3","0","0","0","3","3","0","-1","1"],
  "ROUND4":["1","-3","6","3","0","0","-1","6","3","0","-1","4"],
  "ROUND5":["0","-3","6","6","0","0","-1","6","3","0","-1","4"],
  "ROUND6":["-1","-4","6","6","0","0","2","9","3","0","-1","4"],
  "ROUND7":["-1","-4","9","6","0","0","2","9","3","-1","-1","4"],
  "ROUND8":["-2","-5","12","6","0","3","1","9","3","2","-1","4"],
  "ROUND9":["0","-3","12","6","0","3","1","9","3","2","-1","4"],
  "ROUND10":["3","-3","12","6","0","3","1","9","3","2","-1","3"],
  "ROUND11":["3","-4","12","6","3","3","1","9","3","2","-1","3"],
  "ROUND12":["2","-5","12","9","6","6","1","8","3","2","-1","3"],
  "ROUND13":["1","-6","12","9","6","6","1","8","3","2","2","6"],
  "ROUND14":["0","-3","12","9","5","6","4","8","3","5","2","5"],
  "ROUND15":["0","-3","12","9","5","6","4","8","3","5","2","5"],
  "ROUND16":["0","-3","12","9","5","6","4","11","3","5","2","4"],
  "ROUND17":["0","-3","11","12","5","9","3","10","6","4","2","7"],
  "ROUND18":["0","-4","11","12","8","9","3","10","6","4","2","7"],
  "ROUND19":["0","-1","11","11","8","9","3","10","5","4","5","7"],
  "ROUND20":["0","-1","11","11","8","9","3","10","5","4","5","7"],
  "ROUND21":["2","1","11","11","8","9","3","10","5","4","5","7"],
  "ROUND22":["2","0","11","14","8","9","3","10","5","4","5","7"],
  "ROUND23":["2","-1","11","13","8","9","3","13","5","4","5","10"],
  "ROUND24":["1","-1","11","13","8","9","3","13","5","4","8","10"],
  "ROUND25":["0","-1","14","13","11","9","3","13","4","4","8","10"],
  "ROUND26":["0","2","14","13","10","9","2","13","4","7","8","10"],
  "ROUND27":["-1","2","14","16","10","9","5","13","3","7","8","10"],
  "ROUND28":["-2","2","14","16","10","9","5","13","6","7","8","10"],
  "ROUND29":["-2","2","14","18","10","9","5","15","6","6","11","10"],
  "ROUND30":["-2","2","14","18","10","9","5","15","6","6","11","10"],
  "ROUND31":["-2","2","14","18","10","9","5","15","6","6","11","10"],
  "ROUND32":["-2","2","14","18","10","9","5","14","6","6","11","13"],
  "ROUND33":["-2","2","14","18","10","9","5","14","6","6","11","13"],
  "ROUND34":["-2","2","14","18","10","9","5","14","6","6","11","13"],
  "ROUND35":["-2","2","14","18","10","9","5","14","6","6","11","13"],
  "ROUND36":["-2","2","14","18","10","9","5","14","6","6","11","13"],
  "ROUND37":["-2","2","14","20","10","9","7","13","6","6","14","13"],
  "ROUND38":["-2","2","14","20","10","9","7","13","6","6","14","13"],
  "ROUND39":["1","2","14","20","10","9","7","13","6","6","13","13"],
  "ROUND40":["1","2","14","20","10","9","7","13","6","6","13","13"],
  "ROUND41":["1","5","14","20","10","9","7","13","6","6","13","12"],
  "ROUND42":["0","5","14","20","10","9","7","13","6","6","16","12"],
  "ROUND43":["0","5","14","20","10","9","7","13","6","6","16","12"],
  "ROUND44":["0","5","14","20","10","9","7","13","6","6","16","12"],
  "ROUND45":["0","8","17","20","9","9","7","13","6","6","15","12"],
  "ROUND46":["0","8","17","20","9","9","7","13","6","6","15","12"],
  "ROUND47":["0","8","16","20","9","12","7","13","6","6","15","12"],
  "ROUND48":["0","8","16","20","9","12","7","13","6","6","15","12"],
  "ROUND49":["0","8","16","19","9","12","7","13","9","9","14","12"],
  "ROUND50":["0","8","16","19","9","11","10","13","9","9","14","12"],
  "ROUND51":["0","8","16","19","9","11","10","13","9","9","14","12"],
  "ROUND52":["3","8","15","19","9","11","10","13","9","9","14","12"],
  "ROUND53":["3","8","15","19","9","10","10","13","9","9","17","12"],
  "ROUND54":["3","8","15","19","9","10","10","13","9","9","17","12"],
  "ROUND55":["3","8","15","19","9","10","10","12","9","9","20","12"],
  "ROUND56":["3","8","18","19","9","9","10","12","9","9","20","12"],
  "ROUND57":["6","10","18","19","9","9","12","12","9","9","20","11"],
  "ROUND58":["6","10","18","19","9","9","12","12","9","9","20","11"],
  "ROUND59":["8","12","18","19","9","9","12","12","9","9","20","11"],
  "ROUND60":["8","12","17","19","9","9","12","12","9","12","20","11"],
  "ROUND61":["8","11","17","19","9","9","12","12","12","12","20","11"],
  "ROUND62":["8","11","17","19","9","9","12","12","12","12","20","11"],
  "ROUND63":["10","13","17","19","8","9","12","12","15","12","20","11"],
  "ROUND64":["10","13","17","18","8","9","12","12","15","15","20","11"],
  "ROUND65":["10","13","17","18","8","9","15","12","15","14","20","11"],
  "ROUND66":["10","13","17","17","8","9","15","12","15","14","23","11"],
  "ROUND67":["10","13","17","17","8","9","15","12","15","14","23","11"],
  "ROUND68":["13","13","17","17","8","9","15","12","15","13","23","11"],
  "ROUND69":["13","13","17","17","8","9","15","12","18","12","23","11"],
  "ROUND70":["13","13","17","17","8","9","15","12","18","12","23","11"],
  "ROUND71":["13","13","20","17","7","9","15","15","18","11","23","11"],
  "ROUND72":["13","12","20","17","7","9","15","15","18","11","26","11"],
  "ROUND73":["13","12","20","17","10","9","15","15","18","11","26","10"],
  "ROUND74":["13","12","20","16","10","9","15","15","18","11","29","10"],
  "ROUND75":["15","14","20","16","10","9","15","15","18","11","29","10"],
  "ROUND76":["15","14","20","16","10","9","15","15","18","11","29","10"],
  "ROUND77":["15","14","19","16","13","9","15","15","21","11","29","9"],
  "ROUND78":["15","14","19","16","16","9","15","15","21","10","29","9"],
  "ROUND79":["14","17","19","16","16","9","15","15","21","10","28","12"],
  "ROUND80":["14","17","19","16","16","9","15","15","21","10","28","12"]
}
