{
  "ID":["0","1","2","3","4","5","6","7","8","9","10","11"],
  "ROUND1":["-1","-1","0","-1","-1","2","3","2","0","3","3","3"],
  "ROUND2":["-1","1","2","1","-2","4","6","4","0","5","3","3"],
  "ROUND3":["1","1","4","3","0","3","8","4","2","8","3","3"],
  "ROUND4":["1","3","6","5","2","2","8","4","2","8","3","6"],
  "ROUND5":["0","3","8","7","2","2","10","4","2","8","5","9"],
  "ROUND6":["0","3","7","6","4","1","13","7","4","11","4","12"],
  "ROUND7":["2","3","9","6","4","4","13","6","3","14","4","12"],
  "ROUND8":["4","5","11","8","6","4","16","8","2","14","4","12"],
  "ROUND9":["7","8","13","10","8","4","15","8","4","14","3","12"],
  "ROUND10":["9","10","12","12","10","3","18","11","4","14","6","11"],
  "ROUND11":["9","12","14","14","9","3","18","11","7","13","9","13"],
  "ROUND12":["11","14","14","17","8","3","18","14","9","12","11","13"],
  "ROUND13":["10","13","16","16","8","3","21","17","12","15","10","15"],
  "ROUND14":["9","15","16","18","7","2","24","19","15","15","12","18"],
  "ROUND15":["12","17","16","17","6","4","23","19","18","18","15","17"],
  "ROUND16":["14","19","18","19","8","4","25","19","20","18","17","17"],
  "ROUND17":["14","21","17","21","8","3","25","19","23","18","20","17"],
  "ROUND18":["14","24","17","21","11","3","25","18","23","18","19","17"],
  "ROUND19":["14","23","16","21","11","6","24","21","25","18","21","20"],
  "ROUND20":["13","25","18","20","11","6","27","21","25","18","24","20"],
  "ROUND21":["15","28","18","20","13","5","30","20","25","18","24","20"],
  "ROUND22":["14","27","18","20","15","7","30","23","28","18","24","20"],
  "ROUND23":["14","26","20","22","15","7","30","26","31","18","23","20"],
  "ROUND24":["16","25","19","22","17","7","30","26","31","18","26","23"],
  "ROUND25":["15","25","18","24","17","9","30","26","34","21","26","23"],
  "ROUND26":["17","27","21","26","19","9","30","25","34","24","26","22"],
  "ROUND27":["19","29","21","28","19","11","30","25","34","24","26","22"],
  "ROUND28":["21","31","23","30","21","13","30","25","34","24","26","22"],
  "ROUND29":["23","30","23","30","23","13","30","25","34","27","26","22"],
  "ROUND30":["23","32","26","32","25","15","29","25","34","27","26","22"],
  "ROUND31":["23","34","28","31","25","15","29","28","34","29","26","24"],
  "ROUND32":["25","33","28","31","27","15","29","28","34","29","29","24"],
  "ROUND33":["27","33","28","34","27","17","29","28","34","29","29","23"],
  "ROUND34":["27","35","30","34","29","19","29","28","34","29","29","23"],
  "ROUND35":["26","35","32","37","31","19","32","28","34","28","29","23"],
  "ROUND36":["28","37","32","36","31","19","32","28","34","31","29","23"],
  "ROUND37":["28","40","32","36","31","22","32","28","34","31","28","22"],
  "ROUND38":["30","40","32","36","33","22","32","28","34","31","28","22"],
  "ROUND39":["30","40","34","36","35","25","31","28","34","31","28","22"],
  "ROUND40":["33","40","36","36","37","28","31","27","37","31","27","21"],
  "ROUND41":["35","39","35","36","39","31","34","29","39","30","27","24"],
  "ROUND42":["34","39","37","39","39","33","33","32","39","30","27","24"],
  "ROUND43":["34","39","39","41","42","32","36","32","39","29","27","24"],
  "ROUND44":["34","41","42","43","44","34","35","35","39","28","27","24"],
  "ROUND45":["34","44","42","42","46","34","35","34","39","30","30","24"],
  "ROUND46":["34","44","45","45","45","33","34","34","38","30","33","27"],
  "ROUND47":["36","46","48","47","45","35","37","37","37","29","33","26"],
  "ROUND48":["36","48","47","49","47","37","40","37","37","29","33","26"],
  "ROUND49":["38","47","49","49","49","39","43","40","39","31","32","26"],
  "ROUND50":["40","47","51","51","51","38","43","43","39","31","32","26"],
  "ROUND51":["42","46","50","51","51","40","43","46","42","34","32","25"],
  "ROUND52":["42","46","49","53","51","42","43","46","45","34","32","25"],
  "ROUND53":["44","46","49","55","51","42","43","46","45","34","32","25"],
  "ROUND54":["44","48","51","57","51","44","43","48","47","34","31","28"],
  "ROUND55":["47","50","51","57","51","46","43","51","47","33","31","27"],
  "ROUND56":["47","52","53","56","53","48","43","51","50","33","31","27"],
  "ROUND57":["50","54","55","58","55","48","42","51","50","33","31","27"],
  "ROUND58":["50","54","55","60","57","47","41","51","53","36","31","27"],
  "ROUND59":["50","56","57","62","57","49","41","53","53","36","33","27"],
  "ROUND60":["49","59","57","61","56","48","44","53","52","39","36","30"],
  "ROUND61":["51","59","57","64","56","50","44","53","52","39","36","29"],
  "ROUND62":["53","59","59","64","58","52","44","53","52","39","36","29"],
  "ROUND63":["53","61","59","63","61","54","47","52","55","38","36","29"],
  "ROUND64":["55","63","61","65","63","54","49","54","57","38","36","29"],
  "ROUND65":["57","65","63","67","66","54","48","53","57","41","39","28"],
  "ROUND66":["57","65","65","69","66","56","48","53","57","41","39","30"],
  "ROUND67":["59","67","65","72","68","58","48","52","56","41","39","33"],
  "ROUND68":["62","67","65","75","71","58","48","51","55","41","38","33"],
  "ROUND69":["64","69","67","77","74","58","47","54","55","41","38","32"],
  "ROUND70":["67","69","67","76","77","61","50","53","58","40","37","31"],
  "ROUND71":["69","69","67","78","76","60","53","56","58","40","37","31"],
  "ROUND72":["69","69","70","80","76","62","53","56","57","43","37","30"],
  "ROUND73":["69","69","70","80","78","62","53","56","57","43","37","32"],
  "ROUND74":["68","68","72","82","78","62","53","55","60","46","40","32"],
  "ROUND75":["71","70","74","82","77","65","52","55","59","45","43","35"],
  "ROUND76":["70","70","77","82","77","65","55","55","58","45","43","35"],
  "ROUND77":["70","72","77","84","80","65","54","55","61","44","43","35"],
  "ROUND78":["70","72","79","83","82","65","54","55","61","44","43","38"],
  "ROUND79":["73","74","81","85","84","65","53","55","60","47","43","38"],
  "ROUND80":["75","76","81","85","86","65","53","55","60","49","43","38"]
}
