{
  "ID":["0","1","2","3","4","5","6","7","8","9","10","11"],
  "ROUND1":["0","-1","0","2","2","-1","3","0","-1","3","3","0"],
  "ROUND2":["2","-1","-1","4","2","1","5","0","2","3","5","2"],
  "ROUND3":["4","1","1","6","4","3","4","0","5","3","5","2"],
  "ROUND4":["6","3","3","5","6","2","6","0","7","6","5","5"],
  "ROUND5":["8","5","5","5","8","1","8","3","7","6","5","7"],
  "ROUND6":["10","5","7","7","10","0","11","3","7","6","4","10"],
  "ROUND7":["9","7","9","9","12","2","13","5","7","6","7","12"],
  "ROUND8":["11","7","9","11","12","4","16","4","7","8","6","15"],
  "ROUND9":["13","9","9","10","12","3","19","4","7","11","9","14"],
  "ROUND10":["15","9","9","9","11","5","18","4","10","14","9","17"],
  "ROUND11":["17","8","11","9","13","7","21","3","13","13","9","20"],
  "ROUND12":["16","11","10","8","15","9","24","6","16","12","9","20"],
  "ROUND13":["19","11","12","10","14","12","24","5","16","12","8","23"],
  "ROUND14":["18","13","14","13","16","12","26","5","18","14","11","22"],
  "ROUND15":["20","15","14","13","18","11","29","5","21","16","11","21"],
  "ROUND16":["22","14","14","13","18","13","29","5","21","16","14","21"],
  "ROUND17":["21","14","16","13","18","16","28","5","24","18","14","21"],
  "ROUND18":["23","14","16","12","20","16","30","8","26","20","14","23"],
  "ROUND19":["22","13","18","14","19","19","30","11","26","23","13","26"],
  "ROUND20":["22","12","20","16","21","21","30","14","26","23","13","26"],
  "ROUND21":["22","14","20","18","24","23","29","13","28","23","16","26"],
  "ROUND22":["21","16","19","20","23","26","29","13","31","26","19","25"],
  "ROUND23":["23","18","21","22","25","28","29","13","30","29","19","25"],
  "ROUND24":["25","20","20","22","24","30","29","16","32","32","22","24"],
  "ROUND25":["25","22","20","24","26","32","31","16","32","34","22","24"],
  "ROUND26":["25","22","20","24","25","32","31","19","32","34","22","24"],
  "ROUND27":["25","22","20","26","25","32","31","19","32","34","22","26"],
  "ROUND28":["25","24","22","25","28","32","31","19","32","34","25","25"],
  "ROUND29":["25","24","24","25","30","34","31","19","32","34","25","27"],
  "ROUND30":["25","24","26","25","30","36","33","21","32","33","25","30"],
  "ROUND31":["25","24","28","27","32","36","35","21","31","33","25","33"],
  "ROUND32":["28","24","30","29","34","38","35","21","31","33","24","33"],
  "ROUND33":["31","26","30","29","36","41","37","23","31","32","24","32"],
  "ROUND34":["33","26","30","32","36","43","37","23","30","32","26","34"],
  "ROUND35":["32","25","29","32","36","45","39","23","33","35","26","37"],
  "ROUND36":["32","25","31","32","38","45","39","23","36","35","25","37"],
  "ROUND37":["34","25","31","35","40","44","38","23","35","38","25","40"],
  "ROUND38":["34","25","31","38","42","44","38","23","35","37","25","42"],
  "ROUND39":["36","27","31","38","44","46","40","25","37","40","24","44"],
  "ROUND40":["38","27","31","40","46","46","40","28","39","39","24","44"],
  "ROUND41":["37","29","31","42","49","48","43","27","38","41","24","47"],
  "ROUND42":["37","32","33","44","51","48","46","26","40","40","23","50"],
  "ROUND43":["39","32","35","46","51","50","49","26","40","40","22","50"],
  "ROUND44":["39","32","35","45","51","49","52","26","40","43","25","49"],
  "ROUND45":["41","32","35","47","51","48","51","26","40","46","25","52"],
  "ROUND46":["44","31","37","49","51","48","50","26","39","49","25","55"],
  "ROUND47":["44","31","37","52","53","50","49","26","39","49","28","54"],
  "ROUND48":["46","33","39","55","56","49","51","29","39","48","27","54"],
  "ROUND49":["45","36","39","54","56","49","54","29","39","48","30","53"],
  "ROUND50":["45","36","39","56","59","48","57","29","39","50","29","53"],
  "ROUND51":["45","36","42","59","59","48","56","29","39","49","29","53"],
  "ROUND52":["47","38","44","61","61","50","56","28","42","49","29","53"],
  "ROUND53":["47","37","44","61","63","53","56","27","42","51","29","56"],
  "ROUND54":["50","39","43","60","65","53","56","26","42","54","29","59"],
  "ROUND55":["50","38","45","63","64","55","59","25","41","57","32","59"],
  "ROUND56":["50","38","47","65","66","57","58","28","41","57","32","59"],
  "ROUND57":["53","40","49","67","66","60","60","30","43","57","31","58"],
  "ROUND58":["55","40","49","69","65","60","60","30","43","57","31","61"],
  "ROUND59":["55","40","49","68","67","62","59","33","43","57","34","61"],
  "ROUND60":["57","43","49","70","66","62","61","33","42","60","36","61"],
  "ROUND61":["56","43","49","70","65","65","61","36","45","59","35","64"],
  "ROUND62":["56","42","49","72","65","67","60","36","48","59","38","64"],
  "ROUND63":["55","42","49","74","68","69","63","36","48","58","38","64"],
  "ROUND64":["57","44","49","76","70","68","63","36","48","61","38","64"],
  "ROUND65":["59","44","49","75","69","70","66","36","48","61","41","64"],
  "ROUND66":["59","44","51","77","71","72","66","36","48","60","44","64"],
  "ROUND67":["59","44","51","77","74","72","66","36","48","63","43","63"],
  "ROUND68":["59","44","50","80","77","72","66","35","47","66","43","63"],
  "ROUND69":["59","46","53","82","79","72","66","34","49","68","45","63"],
  "ROUND70":["59","46","55","84","79","72","66","37","48","68","45","63"],
  "ROUND71":["62","46","58","84","79","71","66","40","47","68","44","63"],
  "ROUND72":["64","46","61","84","79","73","66","40","47","67","44","63"],
  "ROUND73":["64","49","63","84","81","73","66","42","49","67","44","62"],
  "ROUND74":["64","49","62","83","83","75","66","42","52","67","44","65"],
  "ROUND75":["66","51","65","86","85","77","65","42","52","66","43","68"],
  "ROUND76":["66","53","65","88","85","79","64","45","52","69","42","70"],
  "ROUND77":["68","53","65","90","88","79","67","47","52","68","44","69"],
  "ROUND78":["68","56","67","92","90","81","66","47","52","71","44","68"],
  "ROUND79":["68","58","69","94","92","84","68","49","52","71","44","67"],
  "ROUND80":["68","58","71","96","94","83","71","51","52","71","47","66"]
}
