{
  "ID":["0","1","2","3","4","5","6","7","8","9","10","11"],
  "ROUND1":["2","-1","2","3","0","0","3","3","-1","-1","0","0"],
  "ROUND2":["4","-1","5","3","0","0","3","6","1","-2","-1","0"],
  "ROUND3":["4","-1","4","3","0","3","2","5","4","1","-1","0"],
  "ROUND4":["6","2","6","3","2","3","2","5","6","0","-1","0"],
  "ROUND5":["6","1","9","2","2","6","5","4","6","3","-1","-1"],
  "ROUND6":["5","1","12","5","1","9","4","7","9","2","-2","-1"],
  "ROUND7":["8","1","12","8","0","12","3","6","12","2","-3","-1"],
  "ROUND8":["10","0","14","10","3","12","3","8","11","5","0","-2"],
  "ROUND9":["12","2","16","12","3","11","5","11","11","7","-1","1"],
  "ROUND10":["12","2","19","12","3","11","5","10","11","6","2","1"],
  "ROUND11":["14","4","21","12","6","13","8","9","10","5","5","1"],
  "ROUND12":["13","7","24","15","6","13","8","9","10","5","4","0"],
  "ROUND13":["15","6","24","17","6","13","8","12","12","7","4","0"],
  "ROUND14":["14","9","23","16","6","16","11","11","12","10","3","3"],
  "ROUND15":["14","8","23","16","6","19","11","13","15","9","3","5"],
  "ROUND16":["14","7","25","16","8","18","14","13","18","9","3","5"],
  "ROUND17":["16","9","28","18","8","18","17","12","20","12","2","4"],
  "ROUND18":["15","12","31","21","8","17","16","15","19","15","2","3"],
  "ROUND19":["17","12","30","20","10","19","19","17","22","18","1","3"],
  "ROUND20":["20","11","32","19","10","18","19","20","25","18","3","3"],
  "ROUND21":["22","14","32","18","9","20","22","19","25","18","6","3"],
  "ROUND22":["24","16","32","21","11","22","21","21","27","18","6","3"],
  "ROUND23":["24","18","32","23","10","22","24","20","27","17","9","6"],
  "ROUND24":["26","18","32","25","12","22","26","23","26","19","9","8"],
  "ROUND25":["25","18","32","24","15","21","26","26","29","22","9","7"],
  "ROUND26":["25","20","32","23","15","23","28","26","32","24","11","9"],
  "ROUND27":["27","23","31","26","15","22","28","26","32","24","11","11"],
  "ROUND28":["29","23","30","26","17","24","30","29","34","23","13","14"],
  "ROUND29":["29","22","30","28","17","23","30","28","37","26","16","16"],
  "ROUND30":["28","21","33","31","19","25","33","28","40","26","15","15"],
  "ROUND31":["31","21","33","33","18","25","33","30","40","29","15","14"],
  "ROUND32":["31","21","33","32","18","28","36","30","40","29","15","13"],
  "ROUND33":["30","24","33","32","18","28","36","30","40","29","15","13"],
  "ROUND34":["29","23","33","35","18","31","39","33","39","29","14","13"],
  "ROUND35":["31","25","32","35","21","31","41","33","41","31","16","13"],
  "ROUND36":["34","24","31","38","21","31","40","33","41","31","19","13"],
  "ROUND37":["36","23","34","40","20","31","43","35","43","31","18","16"],
  "ROUND38":["38","23","37","43","22","30","46","34","43","30","17","19"],
  "ROUND39":["37","25","40","43","21","32","45","34","46","33","19","21"],
  "ROUND40":["39","28","40","46","20","32","47","34","48","32","19","23"],
  "ROUND41":["39","31","43","49","19","31","46","33","47","32","22","26"],
  "ROUND42":["39","31","43","49","22","33","48","33","49","31","22","28"],
  "ROUND43":["41","31","45","49","24","33","47","36","48","33","22","31"],
  "ROUND44":["41","31","44","52","27","36","46","35","48","33","22","31"],
  "ROUND45":["41","34","43","51","30","39","46","34","47","36","24","33"],
  "ROUND46":["41","36","46","51","32","39","46","37","47","35","23","33"],
  "ROUND47":["44","35","45","51","31","39","45","37","47","38","26","36"],
  "ROUND48":["47","35","45","51","30","38","48","36","46","41","29","36"],
  "ROUND49":["49","35","45","51","32","41","48","35","46","43","31","36"],
  "ROUND50":["51","35","45","50","32","41","50","35","48","43","34","38"],
  "ROUND51":["51","38","47","50","34","40","52","35","48","43","34","40"],
  "ROUND52":["51","41","47","53","33","40","52","34","48","46","34","39"],
  "ROUND53":["50","41","47","53","32","43","52","37","48","46","37","38"],
  "ROUND54":["49","40","50","56","32","45","54","39","50","46","36","41"],
  "ROUND55":["48","39","50","55","32","45","57","42","53","45","39","41"],
  "ROUND56":["51","38","53","58","31","44","60","42","53","44","38","44"],
  "ROUND57":["53","38","56","61","30","44","59","42","53","44","38","46"],
  "ROUND58":["56","37","58","61","32","47","58","42","52","44","38","49"],
  "ROUND59":["55","39","60","64","35","47","57","42","52","43","41","49"],
  "ROUND60":["54","42","62","64","38","46","60","44","55","42","41","48"],
  "ROUND61":["53","42","64","66","41","46","63","44","57","41","41","50"],
  "ROUND62":["55","45","66","68","41","49","63","43","56","43","43","52"],
  "ROUND63":["55","45","65","67","44","49","63","43","55","46","43","55"],
  "ROUND64":["55","44","65","69","43","51","63","43","55","46","46","58"],
  "ROUND65":["58","44","65","68","46","51","62","46","55","46","46","57"],
  "ROUND66":["61","43","67","70","45","54","62","46","54","45","49","60"],
  "ROUND67":["63","42","70","69","45","56","62","48","56","44","52","63"],
  "ROUND68":["62","41","69","72","47","56","65","48","58","46","55","65"],
  "ROUND69":["65","40","71","72","46","59","65","50","57","46","58","65"],
  "ROUND70":["64","39","74","75","46","58","68","52","59","48","60","65"],
  "ROUND71":["64","41","74","77","46","61","67","52","62","50","59","67"],
  "ROUND72":["64","43","76","77","49","63","69","52","64","52","59","66"],
  "ROUND73":["66","46","78","76","49","66","71","54","66","51","59","68"],
  "ROUND74":["69","46","81","75","48","65","73","56","66","51","62","68"],
  "ROUND75":["68","48","81","74","48","68","75","59","66","50","65","68"],
  "ROUND76":["68","48","81","74","48","68","75","59","66","50","65","68"],
  "ROUND77":["71","47","80","74","51","71","75","61","66","49","65","70"],
  "ROUND78":["70","49","80","74","50","73","78","60","69","49","65","73"],
  "ROUND79":["69","52","80","77","53","73","77","59","68","51","68","75"],
  "ROUND80":["72","55","80","76","55","75","76","59","70","53","71","74"]
}
