{
  "ID":["0","1","2","3","4","5","6","7","8","9","10","11"],
  "ROUND1":["2","2","2","0","2","0","2","2","2","3","2","-1"],
  "ROUND2":["4","2","1","0","4","2","5","4","4","5","4","1"],
  "ROUND3":["3","4","1","-1","4","4","8","7","6","8","3","3"],
  "ROUND4":["5","6","3","1","7","6","7","9","6","10","5","3"],
  "ROUND5":["7","6","5","0","9","6","9","11","8","12","8","5"],
  "ROUND6":["9","8","4","-1","11","9","9","13","11","14","8","7"],
  "ROUND7":["9","10","4","-1","13","9","11","13","11","16","10","9"],
  "ROUND8":["9","9","6","-1","12","11","14","12","13","18","13","12"],
  "ROUND9":["11","11","8","1","11","14","14","14","13","21","12","14"],
  "ROUND10":["11","13","11","1","13","13","16","16","15","23","14","16"],
  "ROUND11":["11","12","13","3","16","12","15","19","15","23","17","16"],
  "ROUND12":["13","12","15","5","18","14","17","21","18","25","17","15"],
  "ROUND13":["12","15","17","7","18","14","16","20","20","27","20","18"],
  "ROUND14":["12","15","19","9","18","16","15","22","22","30","22","18"],
  "ROUND15":["15","17","19","8","18","15","18","24","24","33","24","17"],
  "ROUND16":["17","16","21","10","18","17","21","23","26","36","24","19"],
  "ROUND17":["16","18","23","10","20","16","21","23","28","36","27","22"],
  "ROUND18":["18","20","25","10","23","15","20","25","30","39","29","22"],
  "ROUND19":["20","20","27","12","25","17","20","25","32","41","29","24"],
  "ROUND20":["22","22","29","12","27","20","19","27","34","43","31","24"],
  "ROUND21":["24","21","28","12","26","23","19","30","36","42","34","27"],
  "ROUND22":["26","23","30","14","28","25","19","32","35","42","37","29"],
  "ROUND23":["26","26","29","16","30","27","22","34","34","45","36","29"],
  "ROUND24":["28","29","32","19","32","26","24","34","34","47","35","28"],
  "ROUND25":["30","31","35","19","35","28","24","37","33","46","34","30"],
  "ROUND26":["32","33","37","21","37","30","24","37","35","49","36","29"],
  "ROUND27":["34","33","36","23","37","33","27","39","38","48","35","31"],
  "ROUND28":["36","33","38","23","39","35","26","41","40","51","37","33"],
  "ROUND29":["38","35","37","25","41","38","26","40","40","51","40","33"],
  "ROUND30":["40","37","39","27","43","38","28","42","40","53","42","35"],
  "ROUND31":["42","37","38","29","42","40","28","42","42","56","45","35"],
  "ROUND32":["42","39","41","28","45","40","27","42","42","58","47","37"],
  "ROUND33":["41","38","40","31","48","40","30","41","45","61","47","36"],
  "ROUND34":["44","40","40","31","48","42","32","43","47","63","47","35"],
  "ROUND35":["46","40","40","33","48","42","34","45","46","66","46","38"],
  "ROUND36":["49","39","42","35","47","42","37","47","45","66","49","40"],
  "ROUND37":["51","42","44","38","49","42","37","46","48","65","48","42"],
  "ROUND38":["54","44","43","40","52","42","40","49","47","64","47","42"],
  "ROUND39":["56","46","46","42","52","44","42","48","47","66","49","44"],
  "ROUND40":["58","46","48","44","52","44","44","50","49","68","49","46"],
  "ROUND41":["57","48","48","43","54","44","44","53","49","68","49","49"],
  "ROUND42":["59","50","50","43","54","46","44","53","51","68","49","51"],
  "ROUND43":["58","50","49","43","56","45","47","56","51","70","52","51"],
  "ROUND44":["58","52","52","46","55","47","47","56","50","72","54","51"],
  "ROUND45":["60","52","52","48","54","49","49","59","52","74","56","53"],
  "ROUND46":["62","54","52","50","53","49","51","61","54","77","58","55"],
  "ROUND47":["62","56","55","52","55","52","50","64","53","76","58","57"],
  "ROUND48":["64","58","57","54","55","54","50","66","55","78","60","59"],
  "ROUND49":["63","57","56","57","55","56","53","69","54","78","62","62"],
  "ROUND50":["65","59","58","59","55","58","55","71","56","80","64","62"],
  "ROUND51":["67","62","60","61","57","60","55","71","58","79","66","64"],
  "ROUND52":["69","64","63","63","57","59","55","71","60","79","68","66"],
  "ROUND53":["69","66","65","65","59","61","57","73","62","81","70","66"],
  "ROUND54":["72","66","68","67","62","61","59","72","64","80","69","68"],
  "ROUND55":["74","69","67","67","64","63","58","72","67","80","71","68"],
  "ROUND56":["77","71","69","66","64","65","58","74","69","83","73","67"],
  "ROUND57":["79","73","71","68","64","67","60","76","69","85","75","69"],
  "ROUND58":["81","75","73","70","66","69","62","76","69","85","77","69"],
  "ROUND59":["83","75","76","72","68","68","65","76","71","84","79","71"],
  "ROUND60":["85","77","78","74","70","70","65","76","73","86","82","70"],
  "ROUND61":["85","79","80","74","72","72","64","76","76","89","82","69"],
  "ROUND62":["84","82","82","74","74","75","66","78","78","91","82","68"],
  "ROUND63":["86","82","81","77","77","75","65","81","80","90","85","67"],
  "ROUND64":["86","84","84","79","80","77","65","83","79","89","84","70"],
  "ROUND65":["88","84","86","81","82","76","65","85","81","88","87","73"],
  "ROUND66":["90","83","89","83","81","76","67","84","84","88","89","76"],
  "ROUND67":["92","85","91","85","83","76","67","84","84","90","88","79"],
  "ROUND68":["91","87","91","87","83","76","67","86","87","92","88","79"],
  "ROUND69":["93","89","93","87","85","78","69","86","89","94","90","81"],
  "ROUND70":["96","91","95","87","85","80","72","88","88","97","89","80"],
  "ROUND71":["98","93","94","89","87","80","71","91","88","100","91","82"],
  "ROUND72":["98","92","94","89","89","80","74","93","90","102","93","84"],
  "ROUND73":["100","94","96","91","88","83","73","93","93","102","92","87"],
  "ROUND74":["102","96","98","93","88","86","75","93","92","102","92","89"],
  "ROUND75":["102","98","100","92","90","85","75","96","95","104","94","91"],
  "ROUND76":["104","100","99","94","92","87","78","96","95","106","97","90"],
  "ROUND77":["106","102","101","96","92","87","80","96","97","108","97","92"],
  "ROUND78":["106","102","103","98","95","87","80","98","96","110","99","94"],
  "ROUND79":["108","102","105","100","94","90","83","100","95","112","99","96"],
  "ROUND80":["108","104","107","102","94","92","86","100","94","112","98","99"]
}
