{
  "ID":["0","1","2","3","4","5","6","7","8","9","10","11"],
  "ROUND1":["2","2","0","2","0","2","2","2","2","2","2","2"],
  "ROUND2":["4","2","2","4","0","4","4","1","1","4","5","5"],
  "ROUND3":["6","4","4","6","2","6","4","1","3","6","5","5"],
  "ROUND4":["6","6","6","8","4","8","6","3","5","5","5","8"],
  "ROUND5":["8","6","8","10","6","10","5","5","7","7","8","8"],
  "ROUND6":["10","8","7","9","8","10","7","7","9","7","11","11"],
  "ROUND7":["10","10","6","11","10","12","9","7","11","9","13","14"],
  "ROUND8":["12","12","8","11","12","14","9","9","13","11","13","14"],
  "ROUND9":["14","14","10","13","14","14","8","11","15","11","15","17"],
  "ROUND10":["16","13","12","13","16","13","10","11","17","13","18","20"],
  "ROUND11":["18","13","14","15","18","15","12","11","19","15","18","20"],
  "ROUND12":["20","15","16","17","18","17","14","14","19","15","18","19"],
  "ROUND13":["22","17","16","17","20","19","16","16","21","17","18","19"],
  "ROUND14":["24","19","18","16","19","21","16","16","23","19","21","22"],
  "ROUND15":["26","18","20","18","19","21","18","18","22","21","24","25"],
  "ROUND16":["28","20","22","20","19","21","20","17","22","23","24","28"],
  "ROUND17":["27","20","24","22","21","24","22","19","22","25","23","31"],
  "ROUND18":["29","22","26","22","20","24","22","21","24","27","26","31"],
  "ROUND19":["31","24","28","24","20","26","24","23","24","29","26","31"],
  "ROUND20":["33","24","28","26","22","28","26","25","24","28","29","31"],
  "ROUND21":["35","24","30","28","22","28","28","27","26","28","29","31"],
  "ROUND22":["34","26","32","30","24","30","30","29","28","28","32","31"],
  "ROUND23":["34","28","34","32","26","32","30","31","30","30","32","31"],
  "ROUND24":["36","30","36","34","26","34","32","33","30","32","32","31"],
  "ROUND25":["38","30","38","34","28","36","34","35","32","34","32","31"],
  "ROUND26":["41","32","38","36","30","38","36","35","32","36","31","31"],
  "ROUND27":["43","34","38","38","32","40","36","35","32","38","31","31"],
  "ROUND28":["45","36","38","38","32","42","39","37","34","40","31","30"],
  "ROUND29":["44","36","40","40","34","42","38","39","36","42","34","33"],
  "ROUND30":["46","38","42","42","36","41","40","39","36","42","34","36"],
  "ROUND31":["46","40","42","42","38","40","42","41","38","44","37","36"],
  "ROUND32":["48","43","44","42","40","40","44","43","38","46","36","36"],
  "ROUND33":["50","42","46","44","42","40","44","43","40","48","39","36"],
  "ROUND34":["52","44","48","46","44","42","46","45","42","50","39","36"],
  "ROUND35":["54","46","50","46","44","44","48","47","44","52","39","36"],
  "ROUND36":["54","48","50","48","46","46","50","49","46","54","39","36"],
  "ROUND37":["54","50","52","48","48","48","52","51","48","56","39","36"],
  "ROUND38":["54","50","54","50","50","48","54","53","50","56","39","36"],
  "ROUND39":["56","52","56","50","52","50","54","53","52","56","39","36"],
  "ROUND40":["56","52","58","50","54","52","56","52","54","58","42","36"],
  "ROUND41":["58","54","60","52","54","54","58","52","54","58","42","36"],
  "ROUND42":["58","56","60","54","56","56","60","52","56","61","42","35"],
  "ROUND43":["60","58","62","54","58","56","62","54","58","63","42","35"],
  "ROUND44":["60","60","64","56","60","56","64","56","60","65","42","35"],
  "ROUND45":["60","62","66","58","62","58","64","56","60","67","42","35"],
  "ROUND46":["62","64","68","60","62","60","64","56","62","66","42","38"],
  "ROUND47":["64","66","70","62","62","60","64","58","64","66","42","38"],
  "ROUND48":["66","68","70","65","62","62","66","60","64","68","41","38"],
  "ROUND49":["68","68","72","65","62","64","68","62","66","68","41","38"],
  "ROUND50":["70","70","72","67","64","66","71","62","66","70","41","37"],
  "ROUND51":["70","72","74","67","64","68","73","64","66","72","41","37"],
  "ROUND52":["70","74","76","69","67","68","75","66","68","72","40","37"],
  "ROUND53":["72","76","76","71","66","70","77","68","70","74","43","37"],
  "ROUND54":["74","78","78","70","68","70","77","68","72","76","46","37"],
  "ROUND55":["74","80","80","70","70","72","77","68","74","78","46","37"],
  "ROUND56":["74","82","82","72","70","74","79","70","76","80","46","37"],
  "ROUND57":["76","82","84","74","72","77","78","72","76","82","45","40"],
  "ROUND58":["76","82","84","76","74","77","80","74","78","84","45","40"],
  "ROUND59":["78","84","86","78","74","79","82","74","80","86","45","40"],
  "ROUND60":["80","84","88","78","76","81","84","76","80","89","44","40"],
  "ROUND61":["80","84","90","80","76","83","86","78","80","91","44","40"],
  "ROUND62":["82","87","92","80","78","83","86","80","82","93","43","40"],
  "ROUND63":["82","89","94","82","80","85","88","82","82","95","46","39"],
  "ROUND64":["84","91","96","84","82","85","90","82","84","98","48","38"],
  "ROUND65":["87","93","98","86","82","87","90","84","86","98","48","37"],
  "ROUND66":["89","95","100","88","84","89","90","84","88","100","48","37"],
  "ROUND67":["91","95","102","90","84","89","92","84","90","102","48","37"],
  "ROUND68":["93","97","104","92","86","91","94","86","90","102","48","37"],
  "ROUND69":["93","96","106","94","88","91","96","86","92","104","51","37"],
  "ROUND70":["95","98","106","96","88","93","98","88","94","106","51","37"],
  "ROUND71":["97","100","108","96","90","95","98","90","96","108","51","37"],
  "ROUND72":["99","102","110","98","92","97","100","92","96","107","54","37"],
  "ROUND73":["101","104","110","101","94","99","102","94","96","107","53","37"],
  "ROUND74":["103","106","110","103","96","101","104","94","98","109","53","37"],
  "ROUND75":["105","108","112","105","96","103","106","94","100","111","53","37"],
  "ROUND76":["107","110","112","105","96","105","108","96","100","113","53","37"],
  "ROUND77":["109","112","114","107","98","104","110","98","102","113","56","37"],
  "ROUND78":["109","112","114","109","100","106","112","100","102","115","56","37"],
  "ROUND79":["111","114","114","111","102","108","112","103","104","115","56","36"],
  "ROUND80":["111","114","116","113","102","110","112","105","106","117","56","36"]
}
