{
  "ID":["0","1","2","3","4","5","6","7","8","9","10","11"],
  "ROUND1":["0","2","2","3","-1","3","2","2","2","0","-1","2"],
  "ROUND2":["2","4","4","2","2","3","4","4","1","3","-1","4"],
  "ROUND3":["4","6","6","5","2","2","6","6","3","6","-2","4"],
  "ROUND4":["6","8","8","7","1","1","6","8","5","6","1","7"],
  "ROUND5":["8","10","10","6","3","4","6","10","7","8","1","9"],
  "ROUND6":["8","10","12","5","5","7","5","13","10","11","0","8"],
  "ROUND7":["10","12","14","5","7","6","7","12","13","11","2","11"],
  "ROUND8":["12","12","13","8","9","5","6","12","16","11","2","14"],
  "ROUND9":["12","14","15","8","11","8","6","12","18","11","2","13"],
  "ROUND10":["11","16","17","11","11","10","5","14","18","11","2","16"],
  "ROUND11":["10","18","17","10","13","13","8","16","20","11","4","18"],
  "ROUND12":["12","20","19","12","12","15","10","19","23","11","3","18"],
  "ROUND13":["12","22","21","15","15","17","12","18","25","10","5","18"],
  "ROUND14":["12","24","23","17","17","20","12","20","28","12","4","17"],
  "ROUND15":["12","26","26","19","19","22","14","22","27","14","6","17"],
  "ROUND16":["14","28","25","22","21","21","16","24","27","16","9","17"],
  "ROUND17":["16","30","27","24","21","23","19","24","29","18","11","16"],
  "ROUND18":["18","32","29","24","24","26","19","26","28","20","13","15"],
  "ROUND19":["17","34","31","26","23","28","22","26","31","20","16","14"],
  "ROUND20":["16","33","30","28","26","31","21","29","31","23","16","16"],
  "ROUND21":["18","35","32","28","28","33","24","28","33","23","18","18"],
  "ROUND22":["18","35","32","30","28","33","23","28","35","22","21","21"],
  "ROUND23":["21","35","34","29","27","33","25","30","38","24","20","24"],
  "ROUND24":["23","37","37","28","27","33","27","30","38","26","22","26"],
  "ROUND25":["23","39","37","31","29","35","26","32","41","26","21","26"],
  "ROUND26":["23","39","36","34","29","37","28","32","44","28","20","28"],
  "ROUND27":["23","38","38","36","32","36","31","31","44","31","22","30"],
  "ROUND28":["26","38","40","35","34","38","33","33","44","33","24","32"],
  "ROUND29":["25","38","42","38","34","37","35","33","47","33","23","35"],
  "ROUND30":["28","40","44","40","33","39","35","33","49","35","25","37"],
  "ROUND31":["31","42","46","42","36","39","37","33","48","37","24","39"],
  "ROUND32":["33","44","48","45","39","39","36","35","47","40","24","38"],
  "ROUND33":["35","46","50","47","39","41","38","34","47","42","27","40"],
  "ROUND34":["34","48","50","50","42","40","41","37","49","42","26","39"],
  "ROUND35":["34","51","52","52","44","42","43","36","52","42","25","41"],
  "ROUND36":["36","53","54","54","43","44","43","36","55","44","28","40"],
  "ROUND37":["38","52","56","54","43","46","43","36","54","47","30","43"],
  "ROUND38":["41","54","58","56","43","49","42","38","53","49","32","43"],
  "ROUND39":["40","54","60","58","46","51","44","40","55","49","34","45"],
  "ROUND40":["42","56","62","60","45","54","46","43","55","49","36","44"],
  "ROUND41":["41","58","62","59","45","57","46","42","55","52","38","47"],
  "ROUND42":["40","60","65","59","47","59","48","44","58","51","38","49"],
  "ROUND43":["40","63","65","58","50","58","47","46","58","53","38","52"],
  "ROUND44":["43","62","64","58","49","61","46","49","57","53","41","55"],
  "ROUND45":["45","64","64","61","52","61","45","51","56","55","41","55"],
  "ROUND46":["45","67","66","63","54","63","47","50","56","57","44","54"],
  "ROUND47":["45","69","66","63","53","65","46","53","58","57","47","56"],
  "ROUND48":["45","71","68","63","55","67","48","55","58","57","49","58"],
  "ROUND49":["47","71","67","62","55","69","51","57","60","59","51","61"],
  "ROUND50":["49","73","70","62","55","69","50","56","62","62","53","61"],
  "ROUND51":["48","73","69","64","58","71","53","59","65","61","52","61"],
  "ROUND52":["50","75","71","67","58","73","56","59","67","60","51","63"],
  "ROUND53":["53","77","73","66","61","75","55","59","69","60","53","65"],
  "ROUND54":["52","79","75","65","61","78","58","61","69","59","55","68"],
  "ROUND55":["51","81","77","67","61","80","60","64","72","61","54","68"],
  "ROUND56":["53","83","76","69","63","79","60","67","74","64","54","70"],
  "ROUND57":["56","85","78","71","65","79","62","69","74","63","56","72"],
  "ROUND58":["55","87","77","73","67","82","64","69","74","66","55","75"],
  "ROUND59":["54","90","79","75","67","81","67","68","74","66","58","75"],
  "ROUND60":["56","92","82","77","66","83","69","68","77","68","57","75"],
  "ROUND61":["58","94","84","77","68","85","72","68","80","67","56","77"],
  "ROUND62":["58","96","84","79","71","85","74","70","79","67","59","76"],
  "ROUND63":["58","95","86","81","74","88","73","72","79","67","61","76"],
  "ROUND64":["61","97","86","80","76","87","75","72","82","69","64","75"],
  "ROUND65":["64","97","88","82","78","86","77","71","84","71","67","75"],
  "ROUND66":["63","99","88","82","77","88","77","73","86","74","70","75"],
  "ROUND67":["66","98","88","84","77","90","77","75","88","73","70","78"],
  "ROUND68":["65","100","87","83","80","90","80","78","90","76","69","78"],
  "ROUND69":["67","103","89","85","79","90","82","80","90","76","69","80"],
  "ROUND70":["69","105","92","84","79","89","82","80","93","75","72","80"],
  "ROUND71":["71","107","92","84","81","91","84","80","95","77","72","82"],
  "ROUND72":["74","109","95","87","80","90","83","80","97","80","72","81"],
  "ROUND73":["77","111","95","89","79","89","83","82","100","82","72","81"],
  "ROUND74":["79","113","97","91","81","89","83","84","102","85","74","80"],
  "ROUND75":["81","113","99","91","83","91","82","87","104","87","76","82"],
  "ROUND76":["80","115","99","94","86","93","85","86","103","87","79","81"],
  "ROUND77":["83","115","98","96","86","96","87","85","103","87","79","81"],
  "ROUND78":["82","115","100","98","88","98","90","87","105","90","79","80"],
  "ROUND79":["82","117","102","100","90","101","92","86","107","93","79","79"],
  "ROUND80":["81","119","102","102","92","103","92","88","107","95","79","82"]
}
