{
  "ID":["0","1","2","3","4","5","6","7","8","9","10","11"],
  "ROUND1":["2","2","2","-1","3","-1","0","3","3","2","-1","0"],
  "ROUND2":["4","4","2","1","3","-1","-1","3","3","2","1","3"],
  "ROUND3":["4","6","1","0","5","2","-1","3","6","5","1","2"],
  "ROUND4":["3","8","3","2","7","2","-1","3","9","4","4","2"],
  "ROUND5":["2","7","5","4","10","2","-1","6","9","6","4","4"],
  "ROUND6":["4","7","5","6","9","5","2","5","9","9","4","3"],
  "ROUND7":["4","9","4","5","11","4","2","5","12","12","4","6"],
  "ROUND8":["4","8","6","5","10","7","2","5","15","12","4","8"],
  "ROUND9":["4","8","9","7","10","9","4","5","14","14","7","7"],
  "ROUND10":["4","7","8","9","13","9","6","5","14","14","7","10"],
  "ROUND11":["4","10","7","12","13","9","9","4","13","14","7","10"],
  "ROUND12":["6","9","9","12","13","9","11","4","15","17","9","12"],
  "ROUND13":["5","11","11","15","13","8","14","7","15","17","8","12"],
  "ROUND14":["7","13","14","17","12","8","16","7","15","16","8","15"],
  "ROUND15":["9","15","13","17","15","7","15","6","15","19","11","18"],
  "ROUND16":["11","15","15","19","14","10","18","8","17","18","11","20"],
  "ROUND17":["11","18","17","19","14","9","18","10","17","18","11","20"],
  "ROUND18":["10","17","16","19","17","12","21","13","16","18","11","20"],
  "ROUND19":["12","16","18","22","20","12","21","13","16","17","14","19"],
  "ROUND20":["14","16","20","21","23","12","21","12","16","20","14","19"],
  "ROUND21":["16","18","19","23","23","11","21","14","16","20","17","22"],
  "ROUND22":["18","21","22","25","23","10","23","14","16","19","17","24"],
  "ROUND23":["21","21","21","24","23","10","23","13","19","19","17","27"],
  "ROUND24":["24","21","23","24","22","10","26","13","19","21","16","27"],
  "ROUND25":["26","24","22","26","21","13","26","13","19","21","19","26"],
  "ROUND26":["26","27","25","25","21","16","26","16","18","20","19","25"],
  "ROUND27":["28","26","25","27","21","19","25","16","18","23","19","25"],
  "ROUND28":["28","25","27","29","21","19","25","19","18","23","19","25"],
  "ROUND29":["28","27","29","32","20","19","25","21","20","26","19","24"],
  "ROUND30":["27","29","31","34","20","18","25","24","20","29","21","24"],
  "ROUND31":["26","29","30","33","20","18","25","24","23","29","24","27"],
  "ROUND32":["28","29","33","35","20","17","25","23","22","32","27","27"],
  "ROUND33":["30","28","35","38","23","17","28","26","21","31","26","27"],
  "ROUND34":["30","28","34","40","25","20","30","26","21","31","26","29"],
  "ROUND35":["30","31","36","43","25","19","29","29","21","33","26","28"],
  "ROUND36":["33","30","36","42","27","22","29","28","24","35","29","27"],
  "ROUND37":["35","30","39","44","27","22","29","28","26","37","29","26"],
  "ROUND38":["35","29","39","44","26","22","29","28","26","40","29","29"],
  "ROUND39":["35","31","39","44","28","21","29","31","26","40","29","29"],
  "ROUND40":["34","31","39","44","28","24","31","31","28","40","29","29"],
  "ROUND41":["33","30","41","46","28","24","34","33","28","40","32","31"],
  "ROUND42":["35","32","43","48","30","27","34","33","30","40","32","30"],
  "ROUND43":["35","34","43","47","29","29","34","36","32","43","34","30"],
  "ROUND44":["38","34","45","49","31","28","34","39","34","43","34","29"],
  "ROUND45":["40","34","48","51","33","30","34","38","34","43","34","29"],
  "ROUND46":["39","34","48","53","33","30","34","41","36","43","34","29"],
  "ROUND47":["41","37","50","53","33","33","34","41","36","42","34","28"],
  "ROUND48":["41","40","53","52","36","32","33","41","36","42","34","28"],
  "ROUND49":["44","43","53","52","36","31","33","43","36","42","36","27"],
  "ROUND50":["43","42","52","52","39","34","36","43","35","45","35","30"],
  "ROUND51":["45","44","54","54","42","36","36","43","38","44","34","32"],
  "ROUND52":["47","46","56","56","41","36","38","46","41","43","36","32"],
  "ROUND53":["47","46","55","55","41","36","37","49","44","43","36","35"],
  "ROUND54":["47","45","55","58","40","39","37","49","43","43","36","38"],
  "ROUND55":["47","44","55","58","39","42","39","49","43","45","36","41"],
  "ROUND56":["47","46","57","61","42","42","38","49","43","45","36","40"],
  "ROUND57":["47","49","60","60","41","45","38","48","43","48","35","40"],
  "ROUND58":["47","49","59","60","44","45","37","51","43","48","35","40"],
  "ROUND59":["46","51","59","62","47","47","37","53","43","48","35","40"],
  "ROUND60":["48","54","61","64","47","46","37","55","45","48","37","40"],
  "ROUND61":["51","54","61","64","47","46","40","54","45","48","36","40"],
  "ROUND62":["51","54","63","66","50","48","42","56","45","50","35","40"],
  "ROUND63":["51","54","63","69","49","48","42","56","48","49","35","40"],
  "ROUND64":["51","56","65","68","49","51","41","56","51","49","34","43"],
  "ROUND65":["53","56","67","68","49","51","41","55","51","52","34","43"],
  "ROUND66":["55","58","69","67","49","53","44","55","50","55","34","43"],
  "ROUND67":["54","60","69","66","51","53","44","58","50","58","37","42"],
  "ROUND68":["57","60","69","66","53","53","44","57","52","58","37","42"],
  "ROUND69":["60","60","71","68","52","55","44","60","51","58","37","44"],
  "ROUND70":["60","60","71","68","54","55","44","59","50","61","40","46"],
  "ROUND71":["60","62","71","70","53","54","46","62","53","61","40","48"],
  "ROUND72":["60","64","74","70","56","53","45","64","56","60","40","48"],
  "ROUND73":["60","63","76","72","56","53","44","67","59","60","40","48"],
  "ROUND74":["60","63","78","74","56","55","47","69","61","59","40","50"],
  "ROUND75":["62","63","80","76","56","55","47","71","63","59","42","50"],
  "ROUND76":["64","63","82","75","56","55","49","74","63","61","41","53"],
  "ROUND77":["63","66","82","75","59","55","49","73","62","64","41","53"],
  "ROUND78":["63","68","81","75","61","55","49","76","62","64","41","53"],
  "ROUND79":["62","70","83","75","60","58","52","75","62","67","41","53"],
  "ROUND80":["64","69","82","77","63","61","52","75","65","67","40","53"]
}
