{
  "ID":["0","1","2","3","4","5","6","7","8","9","10","11"],
  "ROUND1":["0","0","0","0","-1","0","1","-1","1","1","0","1"],
  "ROUND2":["0","0","0","-1","0","0","0","0","-1","0","1","1"],
  "ROUND3":["0","0","-1","0","0","0","1","1","-1","1","0","0"],
  "ROUND4":["0","0","0","0","0","0","-1","1","-1","0","0","0"],
  "ROUND5":["-1","0","-1","0","0","0","1","0","0","0","1","0"],
  "ROUND6":["0","-1","0","0","0","0","-1","0","0","0","1","0"],
  "ROUND7":["0","0","0","0","-1","0","0","1","-1","1","0","0"],
  "ROUND8":["0","1","0","0","0","0","0","-1","1","-1","1","0"],
  "ROUND9":["0","0","-1","0","0","0","0","1","-1","0","0","0"],
  "ROUND10":["-1","0","0","0","0","0","1","1","1","0","1","-1"],
  "ROUND11":["1","-1","0","1","0","1","1","0","1","0","0","-1"],
  "ROUND12":["0","0","0","0","-1","0","1","1","0","-1","1","0"],
  "ROUND13":["0","1","1","0","0","-1","-1","1","1","0","1","0"],
  "ROUND14":["0","0","1","0","0","-1","1","0","1","1","0","-1"],
  "ROUND15":["-1","0","0","0","-1","0","1","0","0","0","0","1"],
  "ROUND16":["0","0","0","0","-1","0","0","0","-1","0","1","1"],
  "ROUND17":["0","0","0","0","0","-1","1","0","-1","1","1","0"],
  "ROUND18":["0","-1","0","0","0","1","1","0","-1","0","1","1"],
  "ROUND19":["-1","0","0","1","1","0","-1","0","1","0","0","1"],
  "ROUND20":["0","-1","0","1","0","0","0","1","1","1","-1","0"],
  "ROUND21":["-1","1","1","1","0","0","1","1","0","1","-1","1"],
  "ROUND22":["1","0","0","1","1","-1","0","0","-1","0","1","0"],
  "ROUND23":["0","1","0","1","1","0","-1","0","1","-1","1","0"],
  "ROUND24":["1","0","0","0","0","1","-1","-1","0","0","1","0"],
  "ROUND25":["-1","1","1","0","-1","0","1","1","0","0","0","0"],
  "ROUND26":["-1","0","1","-1","1","1","1","0","1","1","1","1"],
  "ROUND27":["0","0","-1","-1","1","1","0","0","0","0","0","0"],
  "ROUND28":["0","0","0","1","-1","0","1","1","1","1","-1","1"],
  "ROUND29":["1","1","-1","0","1","0","0","0","1","-1","1","0"],
  "ROUND30":["1","1","-1","1","0","-1","0","0","0","0","1","0"],
  "ROUND31":["0","0","0","0","-1","1","1","0","0","0","-1","0"],
  "ROUND32":["-1","0","1","0","0","1","-1","0","0","1","0","0"],
  "ROUND33":["1","0","1","1","-1","1","1","-1","0","0","1","0"],
  "ROUND34":["0","1","0","1","0","-1","0","1","1","1","-1","1"],
  "ROUND35":["0","-1","1","1","1","1","0","1","0","-1","0","1"],
  "ROUND36":["1","-1","1","1","0","0","1","0","1","0","-1","0"],
  "ROUND37":["1","0","0","-1","1","1","1","-1","0","0","0","0"],
  "ROUND38":["1","0","0","0","0","-1","-1","1","1","0","1","0"],
  "ROUND39":["1","1","0","0","1","1","0","-1","1","1","-1","0"],
  "ROUND40":["1","1","0","-1","0","0","1","-1","1","0","1","1"],
  "ROUND41":["0","0","-1","1","1","1","0","1","1","-1","1","0"],
  "ROUND42":["-1","0","0","0","0","-1","1","1","0","0","0","0"],
  "ROUND43":["1","-1","1","1","1","-1","0","0","0","1","0","0"],
  "ROUND44":["0","1","-1","0","1","1","0","-1","1","1","0","1"],
  "ROUND45":["-1","-1","1","0","1","0","0","1","1","0","1","1"],
  "ROUND46":["1","0","1","1","0","1","1","0","0","-1","1","-1"],
  "ROUND47":["0","1","1","-1","0","0","-1","1","1","1","0","0"],
  "ROUND48":["0","1","0","1","-1","0","-1","1","1","0","1","0"],
  "ROUND49":["-1","1","0","-1","0","1","1","1","0","1","0","0"],
  "ROUND50":["1","0","1","0","1","0","-1","0","1","-1","0","0"],
  "ROUND51":["0","0","0","1","-1","-1","0","1","1","1","1","0"],
  "ROUND52":["0","0","0","1","0","1","0","-1","0","1","1","-1"],
  "ROUND53":["0","0","1","-1","0","1","1","0","0","-1","1","1"],
  "ROUND54":["-1","1","1","0","-1","1","0","0","1","1","1","1"],
  "ROUND55":["1","1","1","0","0","-1","0","1","1","-1","1","0"],
  "ROUND56":["1","1","0","-1","0","0","1","-1","0","0","1","0"],
  "ROUND57":["1","1","1","1","-1","1","1","0","0","0","0","-1"],
  "ROUND58":["0","1","-1","1","1","0","0","-1","1","1","1","1"],
  "ROUND59":["0","1","1","0","1","-1","0","1","-1","0","0","0"],
  "ROUND60":["-1","1","-1","0","1","0","1","0","1","0","0","0"],
  "ROUND61":["0","0","-1","1","0","0","1","0","-1","0","1","1"],
  "ROUND62":["0","1","-1","0","0","1","0","-1","1","0","1","0"],
  "ROUND63":["1","0","0","1","-1","1","0","-1","1","1","1","1"],
  "ROUND64":["-1","0","-1","1","1","0","1","1","1","0","1","1"],
  "ROUND65":["-1","-1","1","1","1","1","1","0","1","0","0","1"],
  "ROUND66":["-1","-1","1","1","1","1","1","1","0","0","0","1"],
  "ROUND67":["1","0","1","1","1","0","0","1","1","-1","1","-1"],
  "ROUND68":["1","-1","1","1","-1","1","1","1","0","1","1","0"],
  "ROUND69":["-1","1","0","1","1","0","1","0","-1","0","0","0"],
  "ROUND70":["0","1","0","0","1","1","1","-1","0","0","0","-1"],
  "ROUND71":["-1","1","0","-1","1","0","0","0","1","0","1","1"],
  "ROUND72":["1","-1","0","1","0","1","0","1","1","0","1","-1"],
  "ROUND73":["0","0","-1","1","0","0","1","1","1","-1","1","1"],
  "ROUND74":["1","1","-1","-1","1","1","1","0","1","0","1","1"],
  "ROUND75":["0","1","0","1","1","1","0","-1","-1","0","0","0"],
  "ROUND76":["-1","0","0","0","-1","1","1","1","0","0","0","1"],
  "ROUND77":["0","0","-1","1","-1","1","1","0","1","0","1","0"],
  "ROUND78":["1","-1","-1","1","1","1","1","0","0","0","0","1"],
  "ROUND79":["0","1","0","0","1","0","1","1","-1","-1","1","0"],
  "ROUND80":["1","-1","0","1","0","1","-1","1","0","0","1","1"]
}
