{
  "ID":["0","1","2","3","4","5","6","7","8","9","10","11"],
  "ROUND1":["0","0","0","0","0","0","-1","0","0","0","1","-1"],
  "ROUND2":["0","0","0","0","0","0","0","0","0","0","-1","-1"],
  "ROUND3":["0","0","0","0","0","-1","0","0","0","-1","0","0"],
  "ROUND4":["0","0","0","0","0","0","0","0","0","0","-1","-1"],
  "ROUND5":["-1","0","0","0","0","0","0","0","-1","1","1","0"],
  "ROUND6":["0","0","0","-1","0","0","-1","0","0","0","1","1"],
  "ROUND7":["0","0","0","0","0","0","0","0","0","-1","-1","1"],
  "ROUND8":["0","0","0","0","0","0","0","0","0","-1","-1","1"],
  "ROUND9":["0","0","0","0","0","0","0","-1","0","0","-1","0"],
  "ROUND10":["0","-1","-1","0","0","0","0","0","0","0","0","0"],
  "ROUND11":["0","0","0","-1","0","0","0","0","0","0","-1","1"],
  "ROUND12":["0","0","1","-1","0","0","-1","0","0","0","0","0"],
  "ROUND13":["0","-1","0","0","0","0","0","0","-1","1","1","1"],
  "ROUND14":["0","0","0","-1","0","0","0","0","1","-1","0","1"],
  "ROUND15":["-1","0","1","0","-1","0","0","0","0","0","1","1"],
  "ROUND16":["0","0","1","0","0","-1","0","0","-1","0","0","0"],
  "ROUND17":["0","0","0","0","0","0","-1","0","0","1","1","-1"],
  "ROUND18":["-1","0","0","1","0","0","0","-1","1","0","1","0"],
  "ROUND19":["0","0","1","-1","0","-1","0","0","0","0","1","0"],
  "ROUND20":["0","0","0","0","0","-1","1","0","0","0","-1","0"],
  "ROUND21":["1","-1","0","1","0","0","-1","0","0","0","1","1"],
  "ROUND22":["0","1","1","0","0","0","-1","-1","0","0","0","0"],
  "ROUND23":["0","0","0","0","-1","0","-1","0","1","0","1","0"],
  "ROUND24":["0","0","0","0","0","0","0","0","-1","0","-1","0"],
  "ROUND25":["0","0","1","0","0","0","-1","0","0","-1","0","0"],
  "ROUND26":["-1","1","0","1","0","0","-1","0","0","0","1","1"],
  "ROUND27":["-1","0","0","0","0","1","-1","0","0","0","0","0"],
  "ROUND28":["-1","0","0","0","0","0","0","0","-1","0","0","0"],
  "ROUND29":["0","0","0","-1","0","0","0","-1","0","0","0","0"],
  "ROUND30":["0","0","0","0","-1","0","0","0","0","1","-1","0"],
  "ROUND31":["0","0","0","0","0","0","0","-1","1","-1","1","1"],
  "ROUND32":["0","0","1","-1","0","0","0","0","0","0","-1","1"],
  "ROUND33":["1","-1","1","0","0","-1","0","0","0","0","1","0"],
  "ROUND34":["0","0","0","-1","-1","0","0","0","0","0","0","0"],
  "ROUND35":["-1","0","0","0","0","0","0","0","0","0","1","-1"],
  "ROUND36":["-1","0","0","0","0","0","0","0","1","0","-1","0"],
  "ROUND37":["0","0","0","0","-1","1","0","0","-1","0","1","0"],
  "ROUND38":["0","0","1","0","0","1","0","-1","-1","0","0","0"],
  "ROUND39":["-1","0","-1","0","0","0","0","0","0","0","1","0"],
  "ROUND40":["1","0","0","-1","1","0","0","0","-1","0","1","0"],
  "ROUND41":["0","0","0","0","0","-1","-1","0","0","0","1","1"],
  "ROUND42":["-1","0","0","0","0","0","0","0","0","0","1","-1"],
  "ROUND43":["1","0","0","0","0","0","-1","0","0","0","-1","0"],
  "ROUND44":["0","0","0","0","1","0","-1","0","0","-1","0","1"],
  "ROUND45":["0","0","0","0","0","0","0","-1","0","0","1","-1"],
  "ROUND46":["0","0","0","-1","-1","0","0","0","0","0","1","1"],
  "ROUND47":["1","0","0","0","-1","0","0","0","0","0","-1","0"],
  "ROUND48":["1","0","0","0","1","0","-1","0","0","-1","0","1"],
  "ROUND49":["0","-1","0","0","-1","0","0","1","0","1","0","0"],
  "ROUND50":["-1","0","0","1","1","0","0","0","0","-1","1","0"],
  "ROUND51":["0","0","0","1","0","0","0","0","-1","0","-1","0"],
  "ROUND52":["-1","-1","0","1","0","0","1","0","0","0","1","0"],
  "ROUND53":["0","0","1","0","0","0","0","0","-1","0","0","-1"],
  "ROUND54":["0","0","0","0","-1","1","0","-1","0","0","0","1"],
  "ROUND55":["0","0","-1","0","0","0","0","0","0","0","-1","0"],
  "ROUND56":["0","0","0","1","-1","0","0","0","0","0","0","-1"],
  "ROUND57":["-1","0","0","0","0","0","0","0","0","1","0","-1"],
  "ROUND58":["0","1","0","-1","0","0","0","0","0","-1","1","0"],
  "ROUND59":["0","0","0","0","0","0","1","0","0","-1","1","-1"],
  "ROUND60":["0","0","1","0","-1","0","-1","0","0","1","1","1"],
  "ROUND61":["0","0","-1","0","0","0","1","0","1","-1","0","1"],
  "ROUND62":["-1","1","-1","0","0","0","0","0","1","0","1","0"],
  "ROUND63":["-1","0","0","1","0","-1","0","0","1","0","0","1"],
  "ROUND64":["0","-1","0","1","0","0","0","0","-1","1","1","0"],
  "ROUND65":["-1","1","0","0","0","1","-1","0","0","0","0","1"],
  "ROUND66":["0","-1","-1","0","0","0","1","1","0","0","0","1"],
  "ROUND67":["-1","0","0","0","0","1","-1","0","0","1","0","0"],
  "ROUND68":["-1","0","0","-1","0","0","1","0","1","0","1","1"],
  "ROUND69":["0","0","0","0","0","1","0","-1","0","0","1","-1"],
  "ROUND70":["0","-1","1","-1","0","0","1","0","0","0","1","0"],
  "ROUND71":["0","-1","-1","0","1","0","0","0","0","0","0","0"],
  "ROUND72":["-1","0","1","0","1","0","0","-1","0","0","0","1"],
  "ROUND73":["0","-1","0","0","1","-1","0","0","1","0","1","0"],
  "ROUND74":["0","0","0","1","-1","0","0","0","0","0","0","-1"],
  "ROUND75":["0","0","0","1","0","-1","0","0","0","0","-1","1"],
  "ROUND76":["-1","-1","0","0","0","0","0","0","1","0","0","1"],
  "ROUND77":["0","0","1","0","-1","0","-1","0","1","0","1","1"],
  "ROUND78":["0","0","0","0","0","1","0","0","-1","0","1","-1"],
  "ROUND79":["1","0","-1","1","0","0","0","0","0","-1","0","1"],
  "ROUND80":["0","0","0","0","0","0","-1","0","0","1","1","-1"]
}
