{
  "ID":["0","1","2","3","4","5","6","7","8","9","10","11"],
  "ROUND1":["0","-1","0","0","0","0","0","0","-1","0","1","0"],
  "ROUND2":["0","0","0","-1","0","0","0","0","-1","0","1","0"],
  "ROUND3":["0","0","0","-1","0","0","0","0","0","-1","1","0"],
  "ROUND4":["0","0","0","0","0","-1","0","1","-1","1","0","1"],
  "ROUND5":["0","0","0","0","0","0","0","0","0","1","-1","-1"],
  "ROUND6":["-1","0","-1","0","0","0","0","0","0","1","0","1"],
  "ROUND7":["0","0","-1","0","0","0","-1","0","0","1","0","1"],
  "ROUND8":["0","0","0","0","0","0","-1","1","0","1","0","-1"],
  "ROUND9":["-1","-1","0","0","0","1","0","0","0","1","0","1"],
  "ROUND10":["0","0","0","-1","0","1","-1","0","0","1","1","0"],
  "ROUND11":["0","0","0","-1","1","0","0","0","-1","1","0","1"],
  "ROUND12":["-1","0","0","0","1","1","0","0","0","1","-1","1"],
  "ROUND13":["-1","-1","0","0","0","1","0","0","0","0","0","0"],
  "ROUND14":["0","0","0","-1","0","1","0","0","0","-1","0","1"],
  "ROUND15":["-1","0","0","0","0","0","0","0","0","0","-1","0"],
  "ROUND16":["1","0","1","0","0","-1","0","1","-1","0","1","1"],
  "ROUND17":["0","-1","-1","0","0","0","0","1","0","0","1","1"],
  "ROUND18":["0","0","0","-1","0","1","0","0","-1","0","1","0"],
  "ROUND19":["0","1","0","0","1","0","-1","0","-1","1","0","0"],
  "ROUND20":["0","0","0","0","1","0","0","0","0","-1","1","-1"],
  "ROUND21":["0","0","0","0","0","0","0","0","-1","1","-1","0"],
  "ROUND22":["0","0","0","0","0","1","0","0","0","0","-1","-1"],
  "ROUND23":["0","0","0","0","1","0","0","0","0","-1","1","-1"],
  "ROUND24":["0","0","0","0","1","0","0","0","-1","0","1","-1"],
  "ROUND25":["0","0","0","0","-1","0","-1","0","0","1","0","1"],
  "ROUND26":["0","-1","0","0","0","0","0","0","-1","0","0","1"],
  "ROUND27":["1","0","0","0","0","0","0","0","0","-1","0","-1"],
  "ROUND28":["-1","0","0","-1","0","0","0","0","0","0","1","1"],
  "ROUND29":["1","0","0","0","0","0","-1","0","0","0","1","-1"],
  "ROUND30":["-1","0","1","0","0","0","0","0","1","-1","1","1"],
  "ROUND31":["1","0","-1","0","0","0","0","0","0","0","-1","1"],
  "ROUND32":["1","0","-1","0","0","0","0","0","-1","0","0","1"],
  "ROUND33":["0","1","0","0","-1","0","0","1","0","0","-1","0"],
  "ROUND34":["0","0","0","0","0","-1","0","0","0","1","1","-1"],
  "ROUND35":["-1","0","0","0","0","0","0","0","1","1","0","-1"],
  "ROUND36":["0","1","0","0","-1","1","-1","1","0","1","1","1"],
  "ROUND37":["-1","0","0","-1","0","0","0","0","0","1","0","0"],
  "ROUND38":["-1","1","0","0","-1","0","0","1","0","0","0","0"],
  "ROUND39":["1","0","-1","-1","0","0","0","0","1","0","1","0"],
  "ROUND40":["-1","0","0","0","0","0","-1","0","0","0","1","0"],
  "ROUND41":["0","0","0","0","1","0","0","-1","-1","0","0","0"],
  "ROUND42":["0","0","0","0","0","0","0","0","0","-1","-1","1"],
  "ROUND43":["0","0","0","0","0","0","0","1","0","0","-1","-1"],
  "ROUND44":["0","0","1","-1","0","1","0","0","0","1","1","-1"],
  "ROUND45":["1","0","0","0","0","-1","0","0","1","1","0","-1"],
  "ROUND46":["0","1","0","0","0","0","0","0","0","-1","-1","1"],
  "ROUND47":["0","0","0","0","-1","0","0","0","0","-1","1","0"],
  "ROUND48":["0","0","1","0","0","0","-1","0","-1","0","0","1"],
  "ROUND49":["0","-1","0","0","1","0","0","0","1","1","-1","0"],
  "ROUND50":["-1","0","0","0","1","-1","0","0","0","0","1","1"],
  "ROUND51":["-1","0","1","0","0","1","-1","1","0","0","1","1"],
  "ROUND52":["-1","1","0","0","1","0","-1","1","0","1","0","1"],
  "ROUND53":["-1","0","0","1","-1","0","0","0","0","1","1","1"],
  "ROUND54":["-1","0","0","0","0","0","0","-1","0","0","0","0"],
  "ROUND55":["-1","0","0","1","0","1","0","0","0","0","-1","1"],
  "ROUND56":["1","0","1","1","0","0","0","-1","-1","1","1","1"],
  "ROUND57":["0","-1","0","-1","1","0","0","1","0","1","0","0"],
  "ROUND58":["-1","-1","0","0","1","0","0","0","0","0","1","0"],
  "ROUND59":["0","0","0","0","1","0","0","-1","0","0","1","-1"],
  "ROUND60":["0","1","0","0","0","0","0","1","-1","1","1","-1"],
  "ROUND61":["1","0","-1","0","-1","0","0","0","1","0","0","0"],
  "ROUND62":["0","0","-1","0","0","0","0","1","0","-1","0","0"],
  "ROUND63":["1","-1","0","1","0","1","0","0","-1","0","0","0"],
  "ROUND64":["1","0","0","1","1","-1","0","0","-1","1","0","0"],
  "ROUND65":["0","-1","0","0","-1","1","0","0","0","1","1","0"],
  "ROUND66":["0","0","0","0","0","0","0","-1","0","1","0","-1"],
  "ROUND67":["-1","0","1","0","0","0","0","0","1","0","-1","1"],
  "ROUND68":["1","0","1","0","0","0","-1","0","0","0","-1","0"],
  "ROUND69":["0","0","0","1","0","0","0","0","0","0","-1","-1"],
  "ROUND70":["0","1","0","0","-1","0","0","-1","0","1","0","0"],
  "ROUND71":["1","-1","0","0","0","0","0","1","0","0","1","-1"],
  "ROUND72":["0","0","0","0","1","-1","0","-1","0","1","0","0"],
  "ROUND73":["0","1","0","-1","0","0","0","0","1","0","0","-1"],
  "ROUND74":["0","0","0","0","1","0","-1","0","1","-1","0","1"],
  "ROUND75":["1","0","0","0","-1","0","0","0","0","1","-1","0"],
  "ROUND76":["0","1","0","0","0","1","0","0","-1","1","-1","1"],
  "ROUND77":["0","1","0","-1","0","1","0","-1","1","0","0","0"],
  "ROUND78":["-1","0","0","0","1","0","1","0","0","0","0","-1"],
  "ROUND79":["0","-1","0","0","-1","1","1","1","0","0","1","1"],
  "ROUND80":["1","1","0","0","-1","0","0","0","0","-1","0","1"]
}
