{
  "ID":["0","1","2","3","4","5","6","7","8","9","10","11"],
  "ROUND1":["0","0","0","0","-1","-1","1","0","1","1","0","0"],
  "ROUND2":["-1","0","0","-1","0","1","0","0","1","0","0","1"],
  "ROUND3":["0","0","0","0","0","1","0","1","1","0","-1","-1"],
  "ROUND4":["0","0","0","0","0","1","0","-1","1","1","-1","0"],
  "ROUND5":["0","0","0","1","0","-1","1","-1","0","0","0","0"],
  "ROUND6":["0","-1","1","0","1","0","0","0","1","-1","0","0"],
  "ROUND7":["0","-1","-1","1","1","0","1","1","0","1","1","1"],
  "ROUND8":["0","0","0","1","0","0","0","-1","0","0","1","-1"],
  "ROUND9":["0","0","0","-1","1","-1","1","1","0","1","0","1"],
  "ROUND10":["0","0","0","1","0","-1","0","1","-1","0","1","1"],
  "ROUND11":["-1","0","1","1","1","-1","0","1","1","1","0","0"],
  "ROUND12":["0","0","0","0","1","0","-1","1","-1","0","0","0"],
  "ROUND13":["-1","0","0","0","1","-1","0","0","1","1","0","0"],
  "ROUND14":["1","0","0","1","1","0","1","1","0","1","-1","-1"],
  "ROUND15":["1","1","-1","0","1","-1","1","0","1","0","0","0"],
  "ROUND16":["0","0","1","1","1","0","0","1","-1","0","0","-1"],
  "ROUND17":["1","0","-1","1","0","-1","1","0","0","1","1","0"],
  "ROUND18":["0","0","-1","1","0","1","0","1","-1","1","1","1"],
  "ROUND19":["0","-1","1","1","-1","0","1","0","1","0","1","0"],
  "ROUND20":["-1","0","1","0","0","0","1","1","-1","0","0","0"],
  "ROUND21":["0","0","0","0","0","1","-1","-1","1","0","0","0"],
  "ROUND22":["0","0","0","-1","0","0","0","1","1","-1","0","1"],
  "ROUND23":["-1","0","0","0","0","0","1","-1","1","1","0","0"],
  "ROUND24":["0","0","1","0","0","0","0","1","-1","1","-1","0"],
  "ROUND25":["1","1","1","1","1","1","1","-1","-1","0","0","0"],
  "ROUND26":["-1","0","1","0","1","0","1","0","-1","1","0","0"],
  "ROUND27":["0","0","-1","1","-1","0","0","0","0","1","1","0"],
  "ROUND28":["0","0","1","1","0","0","0","1","-1","-1","0","1"],
  "ROUND29":["1","1","-1","1","1","1","1","1","0","-1","0","1"],
  "ROUND30":["1","0","1","-1","1","-1","1","0","0","1","1","1"],
  "ROUND31":["-1","-1","1","1","1","0","1","0","0","1","1","1"],
  "ROUND32":["1","-1","1","0","-1","0","0","1","1","1","0","0"],
  "ROUND33":["-1","1","-1","0","1","1","0","1","1","0","1","1"],
  "ROUND34":["0","0","1","1","-1","-1","0","0","0","1","1","1"],
  "ROUND35":["1","-1","-1","1","0","0","0","0","1","0","0","1"],
  "ROUND36":["1","0","1","0","0","1","-1","0","1","1","-1","0"],
  "ROUND37":["1","0","-1","1","0","0","0","1","0","0","-1","0"],
  "ROUND38":["0","-1","-1","1","0","1","1","1","0","0","0","0"],
  "ROUND39":["1","-1","1","0","-1","0","0","1","0","1","1","1"],
  "ROUND40":["0","0","1","-1","1","-1","1","1","0","1","0","0"],
  "ROUND41":["1","-1","1","1","1","1","1","1","1","1","0","-1"],
  "ROUND42":["1","1","1","0","1","0","1","0","-1","-1","0","1"],
  "ROUND43":["1","1","1","0","0","1","-1","0","-1","0","0","0"],
  "ROUND44":["1","0","0","-1","1","1","-1","1","1","1","1","1"],
  "ROUND45":["0","1","0","0","1","1","-1","1","0","-1","0","1"],
  "ROUND46":["0","0","1","1","1","1","-1","1","1","-1","0","1"],
  "ROUND47":["1","1","1","1","-1","0","0","1","0","1","-1","0"],
  "ROUND48":["1","-1","-1","1","1","1","1","0","0","0","1","1"],
  "ROUND49":["1","1","1","1","0","-1","1","1","0","0","-1","0"],
  "ROUND50":["-1","1","1","1","0","1","0","1","-1","0","1","0"],
  "ROUND51":["1","0","-1","0","0","-1","1","0","0","1","0","0"],
  "ROUND52":["1","-1","1","1","1","1","1","1","1","-1","0","1"],
  "ROUND53":["1","1","1","0","0","0","1","0","1","1","-1","-1"],
  "ROUND54":["1","1","1","1","1","0","0","1","-1","-1","0","1"],
  "ROUND55":["0","0","1","-1","1","0","0","-1","0","1","0","1"],
  "ROUND56":["1","1","1","0","1","1","-1","0","0","-1","0","0"],
  "ROUND57":["1","1","1","0","0","0","0","-1","1","-1","0","1"],
  "ROUND58":["1","1","0","1","0","-1","0","1","-1","1","1","1"],
  "ROUND59":["-1","-1","1","0","0","1","1","1","0","1","1","1"],
  "ROUND60":["1","1","-1","1","1","1","-1","1","0","1","0","0"],
  "ROUND61":["0","0","-1","1","1","1","0","-1","1","1","1","0"],
  "ROUND62":["1","0","0","1","1","0","-1","1","1","0","0","-1"],
  "ROUND63":["1","-1","1","1","1","-1","0","1","1","0","1","0"],
  "ROUND64":["0","0","0","1","1","0","1","1","1","1","-1","-1"],
  "ROUND65":["0","0","0","1","0","1","0","-1","0","-1","0","0"],
  "ROUND66":["1","1","1","1","1","0","0","0","0","-1","1","-1"],
  "ROUND67":["0","-1","0","0","1","-1","1","1","0","1","1","0"],
  "ROUND68":["-1","0","1","-1","0","0","1","0","1","1","0","1"],
  "ROUND69":["1","1","1","-1","0","1","0","1","1","-1","1","1"],
  "ROUND70":["1","1","-1","0","0","1","-1","1","0","0","1","1"],
  "ROUND71":["1","1","1","-1","0","1","0","0","1","0","1","-1"],
  "ROUND72":["-1","1","1","1","0","0","0","1","-1","0","0","1"],
  "ROUND73":["1","-1","1","1","0","-1","1","0","1","0","0","0"],
  "ROUND74":["1","1","1","1","-1","0","0","1","0","1","1","-1"],
  "ROUND75":["0","0","-1","1","1","1","0","-1","1","0","1","0"],
  "ROUND76":["1","0","0","0","0","-1","-1","1","1","1","1","1"],
  "ROUND77":["1","1","1","0","0","-1","-1","1","1","1","0","1"],
  "ROUND78":["1","1","-1","0","0","-1","0","1","1","1","0","0"],
  "ROUND79":["1","1","1","0","0","-1","1","0","0","0","0","-1"],
  "ROUND80":["1","-1","1","0","0","1","0","1","1","1","1","-1"]
}
