{
  "ID":["0","1","2","3","4","5","6","7","8","9","10","11"],
  "ROUND1":["0","0","0","0","0","-1","0","0","-1","0","0","0"],
  "ROUND2":["-1","0","0","-1","0","0","0","1","0","0","0","1"],
  "ROUND3":["-1","0","0","0","0","-1","0","1","0","0","1","1"],
  "ROUND4":["0","0","0","0","0","0","0","1","0","-1","-1","1"],
  "ROUND5":["-1","0","0","0","-1","0","0","1","0","0","0","1"],
  "ROUND6":["-1","0","-1","0","1","0","0","0","1","0","0","0"],
  "ROUND7":["-1","0","-1","0","0","0","0","0","1","0","1","0"],
  "ROUND8":["0","-1","1","0","0","0","-1","0","1","1","0","1"],
  "ROUND9":["0","0","0","-1","1","-1","0","0","0","1","1","0"],
  "ROUND10":["-1","0","-1","0","0","0","0","1","0","0","0","0"],
  "ROUND11":["-1","0","-1","1","0","0","0","0","0","1","1","1"],
  "ROUND12":["0","0","-1","0","0","1","1","0","1","1","-1","0"],
  "ROUND13":["0","0","0","0","0","0","0","1","-1","0","1","-1"],
  "ROUND14":["0","0","0","-1","0","0","1","1","1","1","0","-1"],
  "ROUND15":["-1","1","0","0","0","-1","0","1","0","0","1","1"],
  "ROUND16":["-1","-1","0","0","1","0","0","1","1","1","0","0"],
  "ROUND17":["0","0","0","1","0","0","0","1","1","-1","0","-1"],
  "ROUND18":["0","0","0","-1","0","0","0","-1","1","1","1","1"],
  "ROUND19":["0","0","0","0","-1","0","0","1","-1","0","1","0"],
  "ROUND20":["1","0","0","0","0","-1","0","0","0","0","1","-1"],
  "ROUND21":["0","1","0","-1","1","-1","0","0","0","0","0","0"],
  "ROUND22":["0","0","0","0","0","0","-1","1","1","1","-1","1"],
  "ROUND23":["0","1","0","0","0","1","0","-1","1","1","1","-1"],
  "ROUND24":["0","1","0","0","1","0","1","1","0","-1","0","-1"],
  "ROUND25":["0","1","-1","0","1","0","0","0","0","0","1","-1"],
  "ROUND26":["0","-1","0","0","0","0","0","-1","1","1","1","0"],
  "ROUND27":["-1","0","0","1","1","1","0","1","0","1","-1","0"],
  "ROUND28":["0","-1","0","0","0","0","0","0","1","0","1","-1"],
  "ROUND29":["0","0","0","0","0","0","-1","1","0","-1","0","1"],
  "ROUND30":["0","-1","0","0","0","1","-1","1","1","1","1","1"],
  "ROUND31":["1","0","0","-1","0","0","1","0","0","1","-1","1"],
  "ROUND32":["-1","1","0","0","0","1","1","1","1","0","1","-1"],
  "ROUND33":["0","0","0","1","-1","0","1","-1","0","0","0","1"],
  "ROUND34":["-1","1","-1","0","1","0","1","0","1","0","0","1"],
  "ROUND35":["0","0","0","-1","1","1","-1","0","0","1","0","1"],
  "ROUND36":["0","0","0","1","-1","1","0","-1","0","0","1","0"],
  "ROUND37":["0","0","0","0","0","0","0","1","1","-1","-1","1"],
  "ROUND38":["0","0","0","-1","0","0","0","-1","1","1","1","1"],
  "ROUND39":["0","0","-1","0","1","0","1","1","-1","0","1","1"],
  "ROUND40":["0","-1","1","0","1","0","-1","0","1","1","1","1"],
  "ROUND41":["0","1","1","1","0","0","0","0","-1","1","-1","1"],
  "ROUND42":["1","0","0","0","-1","0","1","0","1","1","-1","1"],
  "ROUND43":["0","0","0","-1","0","0","-1","0","1","0","1","1"],
  "ROUND44":["-1","0","0","1","0","-1","0","1","0","1","0","0"],
  "ROUND45":["0","0","-1","1","0","-1","0","0","0","0","0","0"],
  "ROUND46":["0","0","0","0","-1","1","1","0","1","1","0","-1"],
  "ROUND47":["1","-1","1","0","1","0","1","0","0","-1","0","0"],
  "ROUND48":["0","-1","0","1","0","1","0","0","0","1","1","-1"],
  "ROUND49":["-1","0","0","0","0","0","0","1","1","1","0","-1"],
  "ROUND50":["1","-1","0","1","1","1","0","1","1","-1","1","1"],
  "ROUND51":["-1","0","1","1","0","0","0","0","0","-1","0","1"],
  "ROUND52":["0","0","1","-1","0","0","0","0","0","-1","0","1"],
  "ROUND53":["0","1","1","-1","0","-1","0","1","0","0","1","0"],
  "ROUND54":["1","1","1","1","-1","0","0","0","-1","1","0","1"],
  "ROUND55":["-1","0","-1","1","1","1","1","0","1","0","1","0"],
  "ROUND56":["1","0","-1","0","1","0","0","-1","0","0","1","1"],
  "ROUND57":["-1","0","0","1","-1","1","1","1","0","0","0","1"],
  "ROUND58":["1","1","-1","-1","0","0","0","0","1","1","0","1"],
  "ROUND59":["-1","1","1","0","-1","0","1","0","1","1","0","0"],
  "ROUND60":["-1","1","1","1","0","1","0","1","1","1","-1","1"],
  "ROUND61":["-1","1","0","0","-1","1","1","1","1","1","0","1"],
  "ROUND62":["1","0","1","1","1","-1","0","-1","1","0","1","0"],
  "ROUND63":["0","-1","0","0","0","0","1","1","-1","1","0","1"],
  "ROUND64":["1","0","1","-1","1","0","-1","0","0","1","0","1"],
  "ROUND65":["0","0","1","1","0","0","1","1","0","-1","-1","0"],
  "ROUND66":["-1","1","0","0","1","1","-1","1","1","0","0","0"],
  "ROUND67":["0","-1","0","0","1","1","0","0","1","-1","1","0"],
  "ROUND68":["0","0","1","1","-1","-1","1","0","0","0","1","1"],
  "ROUND69":["0","0","0","1","0","1","1","1","0","-1","0","-1"],
  "ROUND70":["-1","0","0","0","1","0","-1","0","1","0","0","0"],
  "ROUND71":["0","1","1","1","1","-1","0","0","0","-1","0","1"],
  "ROUND72":["1","0","-1","0","1","-1","1","1","0","0","1","1"],
  "ROUND73":["0","0","1","0","0","0","-1","0","0","0","0","-1"],
  "ROUND74":["-1","0","-1","1","0","1","1","0","0","0","0","1"],
  "ROUND75":["0","0","0","1","1","0","-1","-1","0","1","1","1"],
  "ROUND76":["-1","1","0","0","1","1","1","0","-1","1","1","1"],
  "ROUND77":["1","0","0","0","0","-1","1","1","-1","1","1","1"],
  "ROUND78":["0","-1","1","0","0","0","1","1","0","0","0","-1"],
  "ROUND79":["-1","-1","0","1","1","0","1","0","0","0","0","1"],
  "ROUND80":["0","0","1","0","0","-1","1","1","0","0","-1","0"]
}
