{
  "ID":["0","1","2","3","4","5","6","7","8","9","10","11"],
  "ROUND1":["0","0","0","0","1","1","-1","0","0","0","0","-1"],
  "ROUND2":["-1","0","0","0","1","-1","1","0","0","0","0","0"],
  "ROUND3":["0","0","0","0","1","1","1","0","1","-1","-1","0"],
  "ROUND4":["-1","0","-1","1","0","0","0","1","1","1","1","1"],
  "ROUND5":["0","0","0","0","0","0","-1","0","-1","0","0","1"],
  "ROUND6":["0","0","0","0","1","-1","1","1","1","-1","0","1"],
  "ROUND7":["0","0","1","0","-1","-1","0","1","1","0","0","0"],
  "ROUND8":["0","1","1","0","0","0","0","-1","1","1","-1","0"],
  "ROUND9":["1","-1","-1","0","0","0","0","0","1","1","1","0"],
  "ROUND10":["0","-1","0","0","-1","1","1","1","0","1","0","0"],
  "ROUND11":["-1","0","1","1","-1","1","0","0","0","0","1","0"],
  "ROUND12":["0","0","0","0","-1","1","0","0","0","1","-1","1"],
  "ROUND13":["0","-1","0","0","1","0","0","0","-1","1","1","1"],
  "ROUND14":["-1","0","1","0","0","1","1","1","1","-1","0","1"],
  "ROUND15":["0","0","-1","0","0","1","-1","1","0","0","1","0"],
  "ROUND16":["1","1","0","0","1","1","1","-1","1","1","-1","1"],
  "ROUND17":["0","0","1","0","1","1","0","0","0","0","-1","-1"],
  "ROUND18":["0","0","-1","1","1","1","0","-1","1","0","1","0"],
  "ROUND19":["1","0","-1","0","0","1","1","1","-1","1","1","1"],
  "ROUND20":["1","0","-1","1","0","0","0","-1","0","1","1","1"],
  "ROUND21":["1","1","1","1","1","0","0","1","-1","1","-1","1"],
  "ROUND22":["0","1","0","0","-1","1","0","0","1","-1","0","0"],
  "ROUND23":["1","0","0","0","0","-1","1","1","1","1","0","-1"],
  "ROUND24":["0","0","0","0","0","1","1","-1","1","-1","0","1"],
  "ROUND25":["-1","0","1","1","0","1","1","1","0","-1","0","0"],
  "ROUND26":["0","1","0","0","0","0","0","1","-1","0","0","-1"],
  "ROUND27":["-1","1","-1","0","1","0","0","0","1","1","0","0"],
  "ROUND28":["1","-1","1","1","1","1","1","1","0","-1","0","1"],
  "ROUND29":["-1","1","-1","1","0","1","0","0","0","1","0","1"],
  "ROUND30":["-1","1","0","1","0","1","0","0","1","1","-1","0"],
  "ROUND31":["1","0","0","1","0","0","-1","-1","1","0","0","0"],
  "ROUND32":["1","1","0","1","0","0","1","-1","1","0","1","-1"],
  "ROUND33":["0","0","0","0","-1","-1","1","0","0","1","0","1"],
  "ROUND34":["0","1","1","1","1","-1","-1","0","1","1","0","1"],
  "ROUND35":["0","1","1","0","1","0","0","0","1","-1","-1","1"],
  "ROUND36":["1","0","0","1","0","1","1","1","1","-1","0","-1"],
  "ROUND37":["1","1","1","-1","1","-1","0","0","0","0","1","1"],
  "ROUND38":["1","-1","1","0","0","1","0","0","0","1","-1","0"],
  "ROUND39":["1","-1","0","-1","0","0","0","1","0","1","1","0"],
  "ROUND40":["0","1","1","1","0","0","-1","0","1","1","1","-1"],
  "ROUND41":["0","0","0","1","1","-1","1","1","-1","1","0","0"],
  "ROUND42":["0","1","0","-1","1","0","-1","1","1","1","0","0"],
  "ROUND43":["0","0","0","0","-1","-1","1","1","0","0","0","0"],
  "ROUND44":["0","0","1","1","1","1","1","0","1","0","-1","-1"],
  "ROUND45":["1","1","-1","1","1","-1","1","0","1","1","1","0"],
  "ROUND46":["1","0","1","0","-1","-1","0","0","0","0","1","0"],
  "ROUND47":["-1","-1","1","0","1","1","1","1","0","0","0","1"],
  "ROUND48":["1","-1","0","1","0","0","-1","0","0","1","1","1"],
  "ROUND49":["1","-1","1","1","1","1","0","0","0","0","1","-1"],
  "ROUND50":["-1","1","0","0","1","1","1","-1","1","1","0","0"],
  "ROUND51":["1","0","0","0","0","1","1","-1","-1","1","0","1"],
  "ROUND52":["0","1","1","0","1","-1","1","1","0","1","-1","1"],
  "ROUND53":["1","-1","1","1","0","-1","1","0","1","0","0","1"],
  "ROUND54":["1","0","1","-1","0","0","1","0","-1","1","0","1"],
  "ROUND55":["-1","1","0","0","1","1","0","0","-1","1","1","1"],
  "ROUND56":["1","1","1","1","-1","0","1","0","0","1","-1","1"],
  "ROUND57":["0","1","1","0","0","0","1","1","0","0","-1","-1"],
  "ROUND58":["-1","0","1","0","-1","1","0","0","0","1","0","1"],
  "ROUND59":["0","0","1","-1","1","-1","0","1","0","1","0","1"],
  "ROUND60":["1","-1","1","1","0","0","1","1","1","-1","0","0"],
  "ROUND61":["0","1","-1","1","0","0","0","0","0","0","-1","0"],
  "ROUND62":["1","1","1","-1","1","0","0","-1","0","0","1","1"],
  "ROUND63":["-1","0","1","0","0","1","0","0","0","0","1","-1"],
  "ROUND64":["-1","0","1","1","0","1","1","0","-1","1","0","1"],
  "ROUND65":["0","1","1","-1","1","0","0","0","1","0","1","-1"],
  "ROUND66":["0","1","0","1","-1","0","0","1","-1","1","1","1"],
  "ROUND67":["0","1","0","0","0","0","-1","1","1","1","0","-1"],
  "ROUND68":["1","1","-1","1","0","-1","0","1","0","0","0","0"],
  "ROUND69":["1","1","1","-1","1","-1","0","0","1","1","1","0"],
  "ROUND70":["0","0","-1","0","1","1","0","-1","1","1","1","1"],
  "ROUND71":["1","0","-1","0","0","1","1","1","0","0","1","-1"],
  "ROUND72":["1","1","0","1","-1","1","1","0","1","1","0","-1"],
  "ROUND73":["1","0","1","0","0","1","-1","0","1","1","0","-1"],
  "ROUND74":["-1","1","1","1","0","0","-1","1","0","0","1","1"],
  "ROUND75":["1","1","1","-1","0","0","1","0","0","-1","0","0"],
  "ROUND76":["-1","1","1","1","1","0","0","1","0","-1","0","0"],
  "ROUND77":["-1","1","-1","1","0","1","1","0","1","0","1","1"],
  "ROUND78":["1","-1","-1","1","1","1","1","0","0","1","0","1"],
  "ROUND79":["1","1","1","1","0","0","1","-1","1","0","-1","0"],
  "ROUND80":["1","0","1","0","0","1","1","1","1","-1","0","-1"]
}
