{
  "ID":["0","1","2","3","4","5","6","7","8","9","10","11"],
  "ROUND1":["0","-1","1","0","0","1","-1","0","1","0","0","1"],
  "ROUND2":["-1","0","0","1","-1","0","1","1","0","1","0","1"],
  "ROUND3":["0","0","0","1","1","0","1","0","-1","1","0","-1"],
  "ROUND4":["0","0","-1","0","0","1","0","1","-1","1","0","1"],
  "ROUND5":["0","0","-1","1","0","0","1","0","0","-1","1","1"],
  "ROUND6":["0","0","-1","0","1","1","1","1","0","0","0","-1"],
  "ROUND7":["-1","1","1","0","1","1","-1","0","0","0","0","0"],
  "ROUND8":["0","-1","1","0","0","1","1","0","-1","1","1","0"],
  "ROUND9":["0","0","0","0","0","1","0","1","-1","-1","0","0"],
  "ROUND10":["0","0","1","0","-1","1","1","-1","1","0","1","1"],
  "ROUND11":["0","0","0","0","1","-1","1","0","0","-1","1","0"],
  "ROUND12":["0","0","1","-1","1","1","-1","0","1","0","1","1"],
  "ROUND13":["0","0","1","1","0","-1","1","0","1","1","-1","0"],
  "ROUND14":["0","0","1","0","0","0","-1","1","1","-1","0","1"],
  "ROUND15":["0","0","1","-1","1","-1","0","1","0","1","0","0"],
  "ROUND16":["0","1","0","0","-1","1","1","0","0","1","1","-1"],
  "ROUND17":["0","-1","0","1","1","1","0","1","1","1","-1","0"],
  "ROUND18":["0","0","-1","-1","0","1","0","1","0","1","1","0"],
  "ROUND19":["1","0","1","0","1","1","0","1","-1","0","-1","0"],
  "ROUND20":["-1","0","1","1","1","0","1","1","0","0","-1","0"],
  "ROUND21":["1","-1","0","1","1","1","1","-1","0","1","1","0"],
  "ROUND22":["1","0","-1","0","1","1","0","0","0","1","0","-1"],
  "ROUND23":["0","1","1","1","0","0","0","1","-1","0","1","-1"],
  "ROUND24":["0","-1","1","1","1","1","0","1","1","-1","0","0"],
  "ROUND25":["-1","0","0","0","0","1","1","0","-1","1","1","1"],
  "ROUND26":["1","1","-1","0","0","1","1","0","0","1","-1","0"],
  "ROUND27":["0","0","1","0","1","0","-1","1","1","0","-1","1"],
  "ROUND28":["1","-1","0","-1","1","1","1","0","1","0","1","0"],
  "ROUND29":["1","-1","-1","1","0","1","1","1","1","0","0","0"],
  "ROUND30":["0","1","1","1","-1","0","1","1","0","-1","1","0"],
  "ROUND31":["1","0","1","-1","0","0","0","1","0","-1","1","1"],
  "ROUND32":["-1","0","0","0","0","1","1","0","0","1","1","-1"],
  "ROUND33":["-1","0","1","1","0","0","-1","0","0","0","0","1"],
  "ROUND34":["1","1","-1","0","1","-1","0","1","0","1","1","0"],
  "ROUND35":["0","-1","1","0","1","1","1","1","1","1","-1","1"],
  "ROUND36":["1","0","0","1","1","1","0","1","0","-1","0","-1"],
  "ROUND37":["1","0","1","1","-1","0","1","1","0","-1","0","0"],
  "ROUND38":["0","-1","0","1","0","0","1","1","0","-1","1","1"],
  "ROUND39":["0","1","0","1","1","0","0","0","0","-1","-1","0"],
  "ROUND40":["0","0","1","0","-1","0","1","1","0","0","0","-1"],
  "ROUND41":["1","0","-1","0","1","1","1","0","0","1","0","-1"],
  "ROUND42":["1","-1","1","0","0","1","0","0","1","-1","0","1"],
  "ROUND43":["1","1","1","1","1","0","-1","1","0","0","0","-1"],
  "ROUND44":["1","0","0","-1","-1","0","1","1","0","1","0","1"],
  "ROUND45":["1","1","1","1","1","0","-1","0","-1","1","1","0"],
  "ROUND46":["1","0","1","1","-1","0","-1","0","1","0","1","1"],
  "ROUND47":["1","1","-1","1","1","0","-1","1","1","1","0","0"],
  "ROUND48":["-1","-1","0","0","1","0","1","1","1","0","0","1"],
  "ROUND49":["0","0","1","1","1","1","0","0","-1","0","1","-1"],
  "ROUND50":["1","-1","-1","1","0","1","1","0","1","1","1","0"],
  "ROUND51":["1","1","0","-1","0","1","1","-1","1","1","1","0"],
  "ROUND52":["1","0","1","1","0","-1","1","0","1","0","-1","0"],
  "ROUND53":["-1","-1","0","1","1","0","0","0","0","1","0","0"],
  "ROUND54":["1","-1","-1","1","0","1","0","1","0","1","1","0"],
  "ROUND55":["1","-1","1","1","0","1","1","-1","1","1","1","1"],
  "ROUND56":["1","1","0","1","1","0","0","0","0","-1","0","-1"],
  "ROUND57":["1","0","-1","1","-1","1","1","0","0","0","1","1"],
  "ROUND58":["-1","1","-1","0","0","1","1","1","0","1","1","1"],
  "ROUND59":["-1","0","1","1","1","0","1","0","1","0","0","-1"],
  "ROUND60":["1","1","1","0","0","0","0","1","0","-1","0","-1"],
  "ROUND61":["1","-1","0","0","0","0","-1","1","0","0","0","1"],
  "ROUND62":["1","1","-1","1","0","0","1","0","0","0","0","-1"],
  "ROUND63":["-1","1","1","1","0","-1","1","0","0","0","0","1"],
  "ROUND64":["-1","1","0","0","0","1","-1","1","0","1","0","0"],
  "ROUND65":["1","1","-1","0","1","0","0","0","1","0","-1","0"],
  "ROUND66":["1","1","1","1","0","-1","0","1","1","0","-1","1"],
  "ROUND67":["-1","1","-1","1","1","1","1","0","1","0","0","0"],
  "ROUND68":["1","-1","1","0","0","0","0","0","1","-1","0","0"],
  "ROUND69":["-1","1","0","1","1","1","-1","1","1","1","1","1"],
  "ROUND70":["1","-1","-1","1","0","0","1","1","0","0","1","0"],
  "ROUND71":["1","1","1","0","1","1","0","-1","-1","1","1","1"],
  "ROUND72":["1","-1","0","0","1","0","1","0","0","1","-1","1"],
  "ROUND73":["1","0","1","0","0","1","-1","1","0","-1","1","0"],
  "ROUND74":["1","-1","0","-1","1","0","1","0","1","0","1","0"],
  "ROUND75":["1","1","1","1","1","-1","1","0","0","1","-1","1"],
  "ROUND76":["0","0","0","0","1","-1","1","1","1","-1","0","1"],
  "ROUND77":["1","1","1","0","0","-1","1","1","-1","0","1","0"],
  "ROUND78":["1","1","0","-1","0","0","1","-1","1","0","1","1"],
  "ROUND79":["1","-1","0","0","0","1","1","0","1","-1","0","1"],
  "ROUND80":["-1","1","-1","0","0","1","0","1","1","0","0","0"]
}
