{
  "ID":["0","1","2","3","4","5","6","7","8","9","10","11"],
  "ROUND1":["2","0","2","2","2","2","2","2","0","2","3","-1"],
  "ROUND2":["4","2","4","2","4","4","4","1","0","4","6","1"],
  "ROUND3":["3","4","6","2","6","6","6","3","2","4","9","3"],
  "ROUND4":["2","6","5","4","8","6","8","6","2","7","8","6"],
  "ROUND5":["4","8","7","6","10","5","10","8","4","10","8","6"],
  "ROUND6":["4","10","7","8","9","7","12","10","6","13","7","9"],
  "ROUND7":["6","12","7","10","11","6","12","9","8","16","9","12"],
  "ROUND8":["8","14","9","12","13","8","12","9","10","16","11","12"],
  "ROUND9":["8","14","11","11","15","8","14","11","12","19","13","12"],
  "ROUND10":["10","16","13","11","14","11","14","13","11","22","16","11"],
  "ROUND11":["12","15","15","11","14","13","16","15","11","22","18","14"],
  "ROUND12":["12","17","17","13","14","13","18","17","13","22","18","14"],
  "ROUND13":["12","17","19","15","16","16","20","19","15","21","20","16"],
  "ROUND14":["14","19","21","15","18","16","22","21","17","21","22","16"],
  "ROUND15":["14","21","23","17","20","18","24","23","19","23","22","18"],
  "ROUND16":["14","23","26","19","22","18","26","23","19","22","22","18"],
  "ROUND17":["16","23","26","21","24","20","28","23","18","24","22","21"],
  "ROUND18":["18","22","28","21","26","23","30","25","18","23","25","23"],
  "ROUND19":["20","25","30","23","26","25","30","27","18","23","24","25"],
  "ROUND20":["22","27","32","25","26","27","32","29","20","23","24","25"],
  "ROUND21":["21","29","34","27","28","29","34","31","20","26","24","27"],
  "ROUND22":["23","31","36","29","30","32","36","33","22","25","24","27"],
  "ROUND23":["25","33","38","31","30","34","38","35","24","25","24","27"],
  "ROUND24":["27","35","40","33","30","36","40","37","24","27","24","27"],
  "ROUND25":["29","37","42","35","30","38","40","39","26","27","26","27"],
  "ROUND26":["31","37","44","37","32","40","39","41","26","29","28","30"],
  "ROUND27":["34","39","46","39","34","42","41","43","28","29","27","30"],
  "ROUND28":["34","41","48","39","36","44","43","45","27","28","30","33"],
  "ROUND29":["37","43","47","41","38","46","43","47","29","27","33","33"],
  "ROUND30":["37","45","47","43","40","48","45","49","29","27","33","33"],
  "ROUND31":["40","47","47","45","39","50","47","51","31","26","33","36"],
  "ROUND32":["43","49","47","47","41","52","49","53","31","25","32","39"],
  "ROUND33":["45","52","49","49","41","54","51","56","33","24","32","38"],
  "ROUND34":["47","54","51","51","43","54","53","58","35","24","32","38"],
  "ROUND35":["47","56","53","53","45","56","55","60","35","24","34","38"],
  "ROUND36":["49","56","55","55","45","56","55","60","37","24","34","38"],
  "ROUND37":["49","55","57","55","47","58","57","62","39","27","36","40"],
  "ROUND38":["49","58","59","57","47","60","59","65","41","26","35","42"],
  "ROUND39":["49","60","59","57","49","62","61","67","44","25","35","44"],
  "ROUND40":["49","62","61","59","51","64","61","69","46","24","38","46"],
  "ROUND41":["51","64","63","61","54","66","63","69","46","26","37","48"],
  "ROUND42":["53","66","65","63","56","68","65","68","48","26","37","51"],
  "ROUND43":["55","68","67","65","58","70","67","71","50","25","37","51"],
  "ROUND44":["57","70","67","65","60","70","69","73","52","25","37","51"],
  "ROUND45":["60","72","69","67","62","70","71","75","52","25","36","51"],
  "ROUND46":["62","72","71","69","64","72","73","77","54","25","36","51"],
  "ROUND47":["64","74","73","71","64","74","75","79","56","25","39","50"],
  "ROUND48":["66","76","76","73","66","76","75","81","56","24","38","53"],
  "ROUND49":["68","76","78","75","66","78","77","83","59","24","38","52"],
  "ROUND50":["68","78","80","77","66","78","79","85","61","23","41","52"],
  "ROUND51":["68","80","80","79","68","81","79","85","63","22","41","52"],
  "ROUND52":["68","80","82","81","68","83","79","88","65","22","40","52"],
  "ROUND53":["68","82","84","81","68","85","81","90","67","22","40","52"],
  "ROUND54":["68","84","86","83","70","87","83","90","69","24","42","54"],
  "ROUND55":["68","86","88","86","72","87","85","92","71","23","42","54"],
  "ROUND56":["68","88","88","86","74","89","87","92","71","23","42","54"],
  "ROUND57":["70","88","90","86","77","91","89","92","73","23","44","53"],
  "ROUND58":["70","88","92","85","80","93","91","94","75","25","47","52"],
  "ROUND59":["72","90","94","87","83","95","90","94","77","24","50","52"],
  "ROUND60":["74","90","96","89","85","97","92","94","77","24","50","52"],
  "ROUND61":["77","92","96","91","85","99","94","96","80","23","52","51"],
  "ROUND62":["79","94","96","93","87","101","96","99","82","23","54","50"],
  "ROUND63":["82","94","98","96","89","104","98","101","82","22","53","49"],
  "ROUND64":["82","96","100","99","92","104","100","103","82","22","52","48"],
  "ROUND65":["84","96","102","101","92","104","102","105","84","22","55","47"],
  "ROUND66":["86","98","104","103","94","106","104","105","86","25","54","47"],
  "ROUND67":["86","100","107","105","96","108","106","107","86","24","54","47"],
  "ROUND68":["89","102","110","107","98","110","106","109","88","23","54","46"],
  "ROUND69":["91","104","112","110","100","112","108","111","90","22","54","46"],
  "ROUND70":["93","104","114","112","100","114","110","111","92","22","56","48"],
  "ROUND71":["93","104","116","114","102","116","112","114","94","21","56","48"],
  "ROUND72":["95","106","118","116","105","116","114","114","96","24","55","47"],
  "ROUND73":["97","109","120","116","107","118","116","116","99","23","54","47"],
  "ROUND74":["99","111","122","118","107","120","116","118","102","23","53","47"],
  "ROUND75":["99","113","124","120","107","122","118","120","104","23","53","49"],
  "ROUND76":["101","113","126","122","109","122","120","122","104","23","53","49"],
  "ROUND77":["103","116","128","122","111","125","122","122","107","22","52","48"],
  "ROUND78":["103","118","130","124","114","127","125","124","109","21","51","48"],
  "ROUND79":["105","118","132","126","114","127","125","127","111","20","51","48"],
  "ROUND80":["105","121","134","128","114","129","127","129","113","20","50","48"]
}
