{
  "ID":["0","1","2","3","4","5","6","7","8","9","10","11"],
  "ROUND1":["-1","-1","0","-1","0","-1","3","3","-1","3","3","3"],
  "ROUND2":["-1","-1","2","-1","-1","1","3","6","-1","3","3","3"],
  "ROUND3":["1","-2","2","1","2","1","6","5","-1","5","3","5"],
  "ROUND4":["1","-2","5","1","2","0","6","5","-2","5","6","5"],
  "ROUND5":["0","1","5","3","5","-1","9","8","0","5","5","4"],
  "ROUND6":["0","4","5","3","5","1","11","8","0","5","4","4"],
  "ROUND7":["2","4","7","2","8","3","11","10","3","5","4","3"],
  "ROUND8":["2","3","10","2","11","2","13","9","5","4","7","6"],
  "ROUND9":["2","3","12","4","11","5","16","8","5","3","10","5"],
  "ROUND10":["4","3","14","6","11","7","15","11","8","2","13","4"],
  "ROUND11":["4","6","13","5","11","9","18","11","11","4","13","3"],
  "ROUND12":["4","9","13","7","10","11","20","11","14","6","12","3"],
  "ROUND13":["4","12","15","10","12","11","20","13","14","8","11","2"],
  "ROUND14":["6","15","15","9","14","10","19","16","14","8","11","5"],
  "ROUND15":["8","18","17","9","16","12","22","16","13","11","10","4"],
  "ROUND16":["11","20","20","12","18","11","22","15","16","10","9","4"],
  "ROUND17":["10","23","20","12","17","11","22","14","19","10","9","7"],
  "ROUND18":["12","22","22","14","19","11","24","17","19","12","9","7"],
  "ROUND19":["12","25","25","16","18","14","23","20","18","14","9","6"],
  "ROUND20":["12","28","25","15","21","14","25","20","17","17","8","8"],
  "ROUND21":["14","31","27","14","21","13","28","23","17","17","8","7"],
  "ROUND22":["13","30","26","14","21","13","31","26","17","17","11","7"],
  "ROUND23":["15","30","28","13","24","13","31","26","19","20","13","6"],
  "ROUND24":["14","32","28","13","27","13","31","25","22","20","15","6"],
  "ROUND25":["16","34","30","13","27","13","31","25","24","20","15","6"],
  "ROUND26":["18","37","30","16","29","16","30","24","27","19","14","6"],
  "ROUND27":["20","37","29","15","32","15","30","24","30","21","14","9"],
  "ROUND28":["23","37","29","17","34","14","30","26","32","24","13","9"],
  "ROUND29":["23","36","29","19","36","17","29","29","35","24","13","8"],
  "ROUND30":["23","35","29","21","39","17","29","29","35","26","15","10"],
  "ROUND31":["23","35","29","21","41","19","28","29","37","28","18","10"],
  "ROUND32":["23","34","31","20","44","19","28","32","36","30","18","13"],
  "ROUND33":["25","37","31","19","44","22","27","35","36","32","18","12"],
  "ROUND34":["27","36","30","19","47","24","27","35","38","32","21","14"],
  "ROUND35":["27","38","32","19","49","24","27","38","38","32","23","13"],
  "ROUND36":["26","38","32","22","52","24","27","38","40","34","22","13"],
  "ROUND37":["25","38","35","22","54","23","26","41","43","36","22","13"],
  "ROUND38":["27","38","35","22","53","25","29","40","42","39","25","13"],
  "ROUND39":["30","37","38","22","52","27","28","42","45","42","25","12"],
  "ROUND40":["33","39","38","22","52","27","28","42","44","44","28","11"],
  "ROUND41":["35","38","41","21","51","30","27","42","47","46","28","14"],
  "ROUND42":["34","40","40","20","51","30","30","42","50","49","28","16"],
  "ROUND43":["34","40","40","20","51","29","33","42","50","49","27","19"],
  "ROUND44":["37","39","43","22","51","29","33","41","49","52","29","19"],
  "ROUND45":["37","41","45","21","54","31","35","43","51","54","31","19"],
  "ROUND46":["37","43","47","21","53","34","34","46","50","54","34","19"],
  "ROUND47":["37","46","47","20","53","37","33","46","49","57","33","22"],
  "ROUND48":["37","45","50","20","52","40","32","49","51","59","32","25"],
  "ROUND49":["37","45","49","20","55","43","35","48","51","58","35","24"],
  "ROUND50":["40","47","49","23","55","45","35","48","50","57","35","24"],
  "ROUND51":["43","46","49","25","54","48","38","47","53","57","37","23"],
  "ROUND52":["46","49","49","25","56","48","40","46","53","56","37","23"],
  "ROUND53":["45","52","51","28","55","48","43","46","53","58","36","23"],
  "ROUND54":["44","54","54","28","57","47","46","48","53","60","36","23"],
  "ROUND55":["44","57","54","31","57","46","46","47","56","62","38","22"],
  "ROUND56":["44","57","53","31","56","49","46","47","56","65","38","22"],
  "ROUND57":["47","56","55","30","56","48","45","49","59","68","41","22"],
  "ROUND58":["47","56","58","33","56","48","45","49","59","67","40","22"],
  "ROUND59":["47","56","57","33","56","51","45","49","58","66","43","25"],
  "ROUND60":["47","55","60","32","59","50","45","52","57","65","46","28"],
  "ROUND61":["47","57","62","32","61","52","47","54","59","67","48","30"],
  "ROUND62":["50","60","61","32","63","52","47","56","59","67","47","30"],
  "ROUND63":["50","59","61","35","63","52","50","55","59","69","49","30"],
  "ROUND64":["50","58","64","34","66","51","50","58","58","69","52","30"],
  "ROUND65":["50","60","64","36","66","53","50","60","61","71","51","32"],
  "ROUND66":["50","60","64","38","66","53","50","62","61","71","51","32"],
  "ROUND67":["53","62","67","38","69","53","49","64","61","71","50","31"],
  "ROUND68":["53","64","70","41","69","56","48","63","61","70","50","33"],
  "ROUND69":["53","63","70","40","69","55","47","63","64","73","53","36"],
  "ROUND70":["56","62","72","39","69","55","47","63","64","76","55","36"],
  "ROUND71":["56","61","75","38","72","58","49","63","64","76","57","35"],
  "ROUND72":["59","61","74","37","75","58","52","63","64","76","57","34"],
  "ROUND73":["62","61","74","37","75","58","54","62","64","75","60","36"],
  "ROUND74":["65","64","74","36","78","58","53","61","64","78","60","35"],
  "ROUND75":["65","64","76","38","78","57","53","61","67","78","60","35"],
  "ROUND76":["64","64","79","41","80","60","53","63","66","77","60","35"],
  "ROUND77":["67","64","79","44","83","63","52","62","66","77","59","34"],
  "ROUND78":["67","66","81","46","83","66","54","64","66","76","59","36"],
  "ROUND79":["70","66","80","45","86","65","54","64","66","75","62","39"],
  "ROUND80":["70","66","82","45","89","64","53","67","65","77","65","39"]
}
