{
  "ID":["0","1","2","3","4","5","6","7","8","9","10","11"],
  "ROUND1":["2","0","0","2","-1","3","0","-1","3","2","2","0"],
  "ROUND2":["2","2","2","5","-1","2","0","2","2","2","1","3"],
  "ROUND3":["1","4","4","5","2","1","0","4","2","5","3","3"],
  "ROUND4":["3","3","4","4","4","4","-1","7","2","8","2","6"],
  "ROUND5":["2","5","4","7","6","3","-1","9","4","8","2","9"],
  "ROUND6":["4","7","4","6","9","3","-1","12","6","7","4","9"],
  "ROUND7":["4","10","7","8","9","3","-1","14","5","9","6","8"],
  "ROUND8":["6","10","10","7","11","3","-1","16","5","9","6","10"],
  "ROUND9":["8","9","12","9","13","6","-2","19","5","9","8","12"],
  "ROUND10":["7","11","12","8","13","9","-2","19","8","11","8","12"],
  "ROUND11":["9","13","11","10","13","9","-2","21","10","11","11","14"],
  "ROUND12":["8","15","11","10","16","9","-2","20","10","13","14","14"],
  "ROUND13":["10","14","11","13","18","9","1","19","13","13","14","13"],
  "ROUND14":["12","16","11","15","20","11","1","19","13","13","16","13"],
  "ROUND15":["14","18","14","15","23","11","0","19","15","13","15","15"],
  "ROUND16":["16","18","16","17","23","11","0","18","17","16","15","15"],
  "ROUND17":["15","18","18","20","23","14","2","18","17","16","15","14"],
  "ROUND18":["14","20","18","20","25","14","4","21","16","16","18","16"],
  "ROUND19":["17","22","21","22","25","14","3","24","16","15","18","15"],
  "ROUND20":["17","24","21","25","25","16","3","24","18","17","18","14"],
  "ROUND21":["20","24","20","25","25","16","3","24","17","20","21","13"],
  "ROUND22":["20","26","20","27","28","19","5","23","16","20","23","13"],
  "ROUND23":["22","29","20","27","27","18","7","26","16","19","26","13"],
  "ROUND24":["21","29","20","27","27","21","6","29","16","19","28","15"],
  "ROUND25":["21","31","19","26","29","24","9","28","16","19","31","15"],
  "ROUND26":["21","31","19","28","28","24","9","30","18","22","31","17"],
  "ROUND27":["23","33","22","27","28","26","9","30","18","24","31","17"],
  "ROUND28":["26","33","24","27","28","26","9","29","21","23","31","19"],
  "ROUND29":["29","33","24","27","27","26","9","29","24","25","30","21"],
  "ROUND30":["28","36","24","27","27","25","12","32","23","25","33","20"],
  "ROUND31":["28","35","27","27","26","24","14","35","25","25","36","20"],
  "ROUND32":["28","37","29","29","25","27","17","37","24","25","36","20"],
  "ROUND33":["28","39","29","32","27","29","17","39","23","27","38","20"],
  "ROUND34":["28","39","29","34","30","29","19","39","22","27","41","19"],
  "ROUND35":["27","39","32","33","30","29","19","39","22","30","41","19"],
  "ROUND36":["30","38","34","36","33","29","18","39","24","30","40","19"],
  "ROUND37":["30","40","37","36","33","31","18","39","26","30","42","18"],
  "ROUND38":["32","40","36","39","35","30","18","42","25","30","45","18"],
  "ROUND39":["31","43","38","42","38","32","20","41","24","30","45","20"],
  "ROUND40":["33","45","41","41","38","31","23","44","26","29","47","20"],
  "ROUND41":["36","47","41","40","41","31","26","43","25","29","49","20"],
  "ROUND42":["39","47","44","42","40","31","25","42","28","29","51","20"],
  "ROUND43":["42","50","47","45","40","30","25","42","27","28","50","20"],
  "ROUND44":["42","49","49","45","40","32","28","45","26","31","49","20"],
  "ROUND45":["45","52","49","45","43","31","28","44","26","31","49","19"],
  "ROUND46":["45","51","49","45","43","33","28","43","29","33","52","19"],
  "ROUND47":["48","51","49","48","43","32","28","43","32","33","51","18"],
  "ROUND48":["48","51","48","50","46","31","31","43","32","35","50","21"],
  "ROUND49":["50","53","51","53","46","31","30","42","32","34","53","21"],
  "ROUND50":["53","53","51","53","45","31","33","41","35","34","53","20"],
  "ROUND51":["56","53","50","53","44","34","33","41","35","34","56","19"],
  "ROUND52":["59","55","50","56","46","34","33","40","38","33","56","18"],
  "ROUND53":["59","55","49","59","46","36","35","42","40","33","58","20"],
  "ROUND54":["59","55","49","62","45","36","37","42","39","36","58","22"],
  "ROUND55":["59","55","49","62","44","36","37","42","42","36","58","22"],
  "ROUND56":["62","58","48","65","47","38","36","41","41","36","60","22"],
  "ROUND57":["62","57","48","65","47","41","36","40","43","38","63","22"],
  "ROUND58":["62","57","48","64","46","41","39","43","42","41","63","22"],
  "ROUND59":["62","56","48","67","49","43","42","42","42","43","62","22"],
  "ROUND60":["62","56","48","69","51","45","44","42","44","43","64","22"],
  "ROUND61":["65","56","47","68","53","44","44","45","46","45","66","25"],
  "ROUND62":["68","56","47","68","55","43","47","47","48","44","68","25"],
  "ROUND63":["68","59","50","71","54","43","47","46","50","46","67","25"],
  "ROUND64":["68","62","52","70","53","46","47","49","49","49","66","27"],
  "ROUND65":["71","65","52","72","53","45","49","51","49","51","66","26"],
  "ROUND66":["71","65","55","72","52","45","48","54","52","50","66","26"],
  "ROUND67":["71","68","55","72","55","45","48","53","52","49","68","28"],
  "ROUND68":["74","68","58","71","57","44","50","55","55","49","67","30"],
  "ROUND69":["74","68","57","71","57","44","50","55","55","52","67","30"],
  "ROUND70":["77","68","57","71","59","43","50","58","57","51","70","29"],
  "ROUND71":["80","68","57","70","59","43","49","58","57","51","70","32"],
  "ROUND72":["83","68","56","72","59","42","52","60","56","51","70","35"],
  "ROUND73":["86","67","59","71","61","42","52","60","55","51","73","37"],
  "ROUND74":["89","67","58","71","64","44","55","59","55","53","73","36"],
  "ROUND75":["89","67","58","74","67","44","55","58","54","53","73","36"],
  "ROUND76":["91","69","57","73","70","44","55","61","57","53","72","36"],
  "ROUND77":["91","72","60","72","69","44","55","61","57","55","72","38"],
  "ROUND78":["91","75","59","72","71","43","58","61","57","57","72","38"],
  "ROUND79":["91","75","61","71","70","46","61","63","60","57","71","38"],
  "ROUND80":["91","78","61","70","69","49","60","66","63","59","70","40"]
}
