{
  "ID":["0","1","2","3","4","5","6","7","8","9","10","11"],
  "ROUND1":["2","2","2","0","2","-1","2","2","3","0","3","-1"],
  "ROUND2":["4","4","4","2","4","1","1","2","5","0","5","2"],
  "ROUND3":["6","6","6","2","6","3","3","4","8","-1","5","4"],
  "ROUND4":["8","8","6","4","8","5","2","6","7","-1","8","7"],
  "ROUND5":["8","10","8","3","7","7","4","8","7","2","11","9"],
  "ROUND6":["7","9","10","3","6","9","3","8","10","5","14","12"],
  "ROUND7":["9","11","9","5","6","11","3","10","12","5","17","12"],
  "ROUND8":["11","11","11","7","8","13","3","12","12","5","20","11"],
  "ROUND9":["14","13","11","9","7","15","3","14","15","7","22","10"],
  "ROUND10":["16","15","13","11","7","15","6","16","14","10","24","9"],
  "ROUND11":["16","15","12","14","9","17","6","18","14","12","23","12"],
  "ROUND12":["15","18","14","16","9","19","8","17","17","11","26","12"],
  "ROUND13":["15","20","16","16","12","21","11","19","16","10","28","14"],
  "ROUND14":["17","22","18","19","14","21","10","19","16","13","27","14"],
  "ROUND15":["19","24","18","18","14","23","12","21","16","15","27","17"],
  "ROUND16":["21","26","20","20","16","25","12","23","18","15","27","17"],
  "ROUND17":["23","26","22","22","15","25","14","25","20","17","29","20"],
  "ROUND18":["23","28","22","24","17","27","16","24","22","20","32","19"],
  "ROUND19":["25","31","22","26","17","27","16","27","21","19","32","19"],
  "ROUND20":["27","31","22","28","19","29","16","29","23","22","31","19"],
  "ROUND21":["29","33","22","28","22","31","18","31","22","24","31","19"],
  "ROUND22":["31","35","22","31","24","33","20","33","22","26","30","21"],
  "ROUND23":["33","35","25","33","26","35","22","36","22","28","29","20"],
  "ROUND24":["36","35","27","35","28","35","24","38","22","30","28","20"],
  "ROUND25":["38","37","26","37","30","37","27","40","25","29","28","20"],
  "ROUND26":["40","37","25","37","30","36","29","40","25","32","28","23"],
  "ROUND27":["42","39","27","40","30","36","29","42","28","31","27","23"],
  "ROUND28":["45","39","27","42","30","38","31","42","28","33","27","22"],
  "ROUND29":["47","41","29","42","32","40","34","44","28","32","27","22"],
  "ROUND30":["50","41","31","41","34","42","36","47","28","35","26","21"],
  "ROUND31":["52","41","34","43","36","44","38","49","31","34","26","20"],
  "ROUND32":["55","41","34","45","39","46","41","48","30","37","25","19"],
  "ROUND33":["57","40","36","45","42","48","43","48","30","36","25","22"],
  "ROUND34":["59","42","36","47","44","50","45","48","32","36","27","22"],
  "ROUND35":["62","44","38","49","46","50","45","51","31","35","26","25"],
  "ROUND36":["64","44","40","51","48","49","45","53","33","38","26","25"],
  "ROUND37":["66","46","43","53","50","51","47","55","33","38","25","27"],
  "ROUND38":["68","48","43","55","52","51","49","57","36","40","24","29"],
  "ROUND39":["70","48","45","58","52","54","51","59","36","39","24","28"],
  "ROUND40":["72","50","47","60","54","57","51","61","35","38","27","28"],
  "ROUND41":["74","52","49","62","54","60","51","61","35","37","27","28"],
  "ROUND42":["73","52","51","64","57","62","51","63","35","40","27","27"],
  "ROUND43":["75","54","51","64","59","64","54","66","34","40","26","27"],
  "ROUND44":["75","57","54","66","61","64","56","68","33","39","29","26"],
  "ROUND45":["77","57","56","68","63","66","58","68","33","39","29","26"],
  "ROUND46":["79","57","58","70","65","66","58","70","35","38","32","26"],
  "ROUND47":["79","59","60","73","65","68","60","73","35","37","32","25"],
  "ROUND48":["79","58","63","75","65","70","62","75","35","36","35","25"],
  "ROUND49":["82","58","65","77","65","73","64","77","34","36","35","24"],
  "ROUND50":["82","57","67","80","67","73","66","79","37","35","34","27"],
  "ROUND51":["82","57","69","80","69","75","68","79","37","35","34","27"],
  "ROUND52":["84","57","69","80","72","75","71","81","36","35","33","27"],
  "ROUND53":["86","60","71","82","72","77","73","83","38","34","35","27"],
  "ROUND54":["88","60","74","84","75","79","73","85","37","34","35","26"],
  "ROUND55":["90","60","74","87","75","81","75","87","37","33","35","26"],
  "ROUND56":["92","60","77","89","77","83","77","89","37","36","34","25"],
  "ROUND57":["94","63","80","91","79","83","80","91","36","35","34","24"],
  "ROUND58":["96","66","82","93","81","83","82","91","38","34","33","27"],
  "ROUND59":["98","69","84","95","83","85","82","93","37","34","33","27"],
  "ROUND60":["100","71","86","95","83","88","84","93","37","34","33","26"],
  "ROUND61":["103","71","89","97","85","90","86","96","36","33","33","25"],
  "ROUND62":["105","71","89","99","87","92","88","98","36","35","35","25"],
  "ROUND63":["108","73","89","101","87","92","90","100","36","35","34","25"],
  "ROUND64":["110","75","89","103","87","94","92","102","38","35","34","27"],
  "ROUND65":["110","78","89","102","89","96","95","105","41","34","33","26"],
  "ROUND66":["112","78","89","104","91","98","95","108","40","34","33","26"],
  "ROUND67":["114","78","91","107","93","98","97","108","39","34","33","26"],
  "ROUND68":["116","80","91","109","95","100","100","110","38","33","36","26"],
  "ROUND69":["116","83","93","111","95","103","102","112","37","32","36","26"],
  "ROUND70":["119","85","95","113","97","103","102","115","36","31","36","26"],
  "ROUND71":["121","85","95","113","100","105","104","117","35","31","36","26"],
  "ROUND72":["123","87","95","115","100","105","106","120","34","33","36","28"],
  "ROUND73":["122","89","95","117","102","107","106","122","37","33","38","28"],
  "ROUND74":["124","89","95","119","102","110","108","124","39","32","38","30"],
  "ROUND75":["126","89","97","121","102","110","110","124","39","31","38","33"],
  "ROUND76":["128","91","97","121","104","112","110","127","39","30","38","33"],
  "ROUND77":["128","91","99","124","104","114","110","127","39","29","38","33"],
  "ROUND78":["131","93","101","126","106","117","112","129","39","28","38","32"],
  "ROUND79":["131","93","104","128","106","119","115","129","38","27","38","32"],
  "ROUND80":["131","93","107","130","108","121","115","129","37","27","40","32"]
}
