{
  "ID":["0","1","2","3","4","5","6","7","8","9","10","11"],
  "ROUND1":["2","2","2","2","0","0","3","-1","0","0","2","2"],
  "ROUND2":["2","4","4","2","2","3","2","-2","3","2","1","5"],
  "ROUND3":["4","3","6","4","4","6","1","1","6","1","1","5"],
  "ROUND4":["6","5","5","6","6","9","3","1","6","1","1","7"],
  "ROUND5":["8","7","4","9","8","9","6","1","8","3","0","9"],
  "ROUND6":["7","7","7","8","11","8","8","3","11","3","2","11"],
  "ROUND7":["6","7","7","8","14","7","8","6","10","3","5","11"],
  "ROUND8":["5","9","6","11","16","9","10","6","12","5","8","11"],
  "ROUND9":["4","8","8","11","19","9","10","9","14","5","7","14"],
  "ROUND10":["6","10","7","11","21","9","9","9","14","7","10","17"],
  "ROUND11":["6","12","10","11","21","9","8","9","17","7","12","16"],
  "ROUND12":["8","14","12","13","21","11","8","9","17","9","14","18"],
  "ROUND13":["8","16","11","15","24","11","10","8","20","12","13","20"],
  "ROUND14":["8","18","10","15","27","10","13","8","22","12","13","20"],
  "ROUND15":["11","21","10","14","27","10","13","10","25","14","12","19"],
  "ROUND16":["10","23","13","17","30","9","15","13","25","13","11","19"],
  "ROUND17":["13","25","13","17","29","9","18","12","27","16","11","18"],
  "ROUND18":["12","24","13","17","28","12","17","15","27","19","11","21"],
  "ROUND19":["14","24","13","17","28","14","20","17","27","21","11","20"],
  "ROUND20":["14","26","16","19","27","13","23","20","27","20","13","22"],
  "ROUND21":["16","25","18","21","29","16","23","20","30","22","15","21"],
  "ROUND22":["18","27","17","21","28","15","25","23","33","22","17","24"],
  "ROUND23":["18","29","16","23","30","14","28","23","36","25","19","23"],
  "ROUND24":["17","31","19","25","29","16","30","26","36","28","19","22"],
  "ROUND25":["20","31","22","25","29","16","33","26","36","27","18","21"],
  "ROUND26":["20","33","22","27","32","18","36","25","36","27","17","23"],
  "ROUND27":["22","35","22","30","32","17","38","27","35","30","20","22"],
  "ROUND28":["24","34","25","33","31","16","40","30","35","30","19","25"],
  "ROUND29":["24","34","25","36","31","19","40","30","34","30","18","25"],
  "ROUND30":["24","33","25","36","34","19","40","29","33","33","18","28"],
  "ROUND31":["24","33","28","39","34","18","40","28","32","33","18","31"],
  "ROUND32":["24","33","31","38","34","17","39","31","32","36","20","33"],
  "ROUND33":["24","33","31","40","37","17","38","31","32","38","20","33"],
  "ROUND34":["26","35","34","40","37","17","37","33","34","38","20","33"],
  "ROUND35":["29","35","34","43","36","19","36","32","37","40","19","36"],
  "ROUND36":["32","37","34","45","38","19","36","31","37","40","19","38"],
  "ROUND37":["35","39","34","48","40","18","38","34","36","39","19","40"],
  "ROUND38":["37","39","34","51","39","18","41","34","35","41","21","42"],
  "ROUND39":["40","39","37","50","39","17","40","37","34","41","24","42"],
  "ROUND40":["42","38","37","50","42","17","43","40","33","41","23","44"],
  "ROUND41":["42","38","37","50","42","20","43","40","33","41","22","44"],
  "ROUND42":["42","41","40","49","42","19","46","39","33","41","21","47"],
  "ROUND43":["45","44","43","48","44","22","46","41","33","40","20","46"],
  "ROUND44":["45","46","45","48","44","22","46","41","33","40","20","46"],
  "ROUND45":["47","49","47","47","47","25","46","41","32","40","19","46"],
  "ROUND46":["49","51","50","47","47","25","46","41","32","40","18","46"],
  "ROUND47":["49","54","50","50","47","27","45","41","31","40","18","48"],
  "ROUND48":["49","54","50","50","47","27","45","43","30","42","18","51"],
  "ROUND49":["49","54","53","50","49","27","45","46","29","44","18","50"],
  "ROUND50":["49","54","56","50","48","30","47","46","29","43","18","52"],
  "ROUND51":["52","56","56","49","50","30","50","45","28","46","20","54"],
  "ROUND52":["52","56","56","49","50","30","50","45","28","46","19","57"],
  "ROUND53":["52","56","59","48","49","32","50","47","31","46","19","57"],
  "ROUND54":["55","56","62","48","49","31","49","50","31","46","18","57"],
  "ROUND55":["57","58","62","48","49","30","51","50","33","49","17","60"],
  "ROUND56":["57","61","62","50","49","30","51","52","32","49","19","62"],
  "ROUND57":["60","64","65","49","48","29","50","52","35","49","18","65"],
  "ROUND58":["63","64","64","52","47","29","49","52","35","52","18","65"],
  "ROUND59":["63","64","64","51","46","32","52","52","34","52","18","68"],
  "ROUND60":["63","67","64","51","49","32","52","52","33","55","17","67"],
  "ROUND61":["65","66","64","51","52","32","54","52","33","55","20","66"],
  "ROUND62":["68","68","66","54","52","31","54","52","36","54","19","66"],
  "ROUND63":["68","68","66","54","52","31","56","55","36","53","19","68"],
  "ROUND64":["67","70","68","54","52","30","59","58","36","53","19","68"],
  "ROUND65":["69","72","70","57","54","33","58","58","38","53","18","70"],
  "ROUND66":["69","75","73","60","54","32","57","57","37","53","21","70"],
  "ROUND67":["71","75","75","59","54","32","57","60","39","53","21","72"],
  "ROUND68":["71","77","75","59","56","31","60","59","39","56","20","75"],
  "ROUND69":["74","80","75","59","55","31","59","59","39","56","20","75"],
  "ROUND70":["77","83","75","58","57","31","59","59","41","55","20","75"],
  "ROUND71":["80","86","78","58","56","34","58","58","41","54","20","75"],
  "ROUND72":["80","86","78","61","58","36","60","58","41","56","19","75"],
  "ROUND73":["80","86","81","61","60","36","60","60","41","55","21","77"],
  "ROUND74":["80","89","84","61","60","35","59","60","40","55","24","77"],
  "ROUND75":["82","91","84","64","60","35","58","60","43","54","27","76"],
  "ROUND76":["85","93","86","63","59","35","58","63","43","54","27","76"],
  "ROUND77":["88","93","89","62","58","35","58","63","43","57","26","76"],
  "ROUND78":["91","93","89","61","60","35","60","63","46","60","25","75"],
  "ROUND79":["94","93","92","63","59","35","60","62","48","62","27","75"],
  "ROUND80":["94","93","92","62","58","38","59","62","51","62","30","75"]
}
